id,name,iso_country,iso_region,latitude,longitude,airports_count,out_flights_number,in_flights_number,nut3_code
"Lorient/Lann/Bihoué, FR",Lorient/Lann/Bihoué,FR,FR-BRE,47.760601,-3.44,1,6,7,
"Colombier-Saugnieu, Rhône, FR","Colombier-Saugnieu, Rhône",FR,FR-ARA,45.725996,5.090139,1,448,445,
"Leck, DE",Leck,DE,DE-SH,54.790905,8.963439,1,9,7,
"Melilla, ES",Melilla,ES,ES-ML,35.2798,-2.95626,1,27,39,
"Hradec Králové, CZ",Hradec Králové,CZ,CZ-KR,50.253201,15.8452,1,16,16,
"Bratislava, SK",Bratislava,SK,SK-BL,48.1702,17.2127,1,123,119,
"Balice, PL",Balice,PL,PL-MA,50.077702,19.7848,1,384,384,
"Fubara, IT",Fubara,IT,IT-62,41.994141,12.013544,1,0,2,
"Wurster Nordseeküste, DE",Wurster Nordseeküste,DE,DE-NI,53.767689,8.659201,1,5,3,
"Bolzano (BZ), IT",Bolzano (BZ),IT,IT-32,46.459245,11.326125,1,51,10,
"Palma de Mallorca, ES",Palma de Mallorca,ES,ES-IB,39.551701,2.73881,1,759,730,
"Seitenstetten, AT",Seitenstetten,AT,AT-3,48.050556,14.661944,1,0,2,
"Kittilä, FI",Kittilä,FI,FI-10,67.700996,24.8468,1,11,22,
"Mahón (Maó), ES",Mahón (Maó),ES,ES-IB,39.862598,4.21865,1,42,59,
"Frontenas, Rhône, FR","Frontenas, Rhône",FR,FR-ARA,45.918314,4.635184,1,2,3,
"Geilenkirchen, DE",Geilenkirchen,DE,DE-NW,50.9608,6.04242,1,3,4,
"Dublin, IE",Dublin,IE,IE-D,53.428713,-6.262121,1,822,803,
"Göteborg, SE",Göteborg,SE,SE-Q,57.71875,12.075099999999999,2,286,284,
"Saarbrücken, DE",Saarbrücken,DE,DE-SL,49.217562,7.111667,1,13,14,
"Tallard, Hautes-Alpes, FR","Tallard, Hautes-Alpes",FR,FR-PAC,44.455002,6.03778,1,12,7,
"Lisbon, PT",Lisbon,PT,PT-11,38.7813,-9.13592,1,826,693,
"Vila Franca de Xira, PT",Vila Franca de Xira,PT,PT-11,38.883301,-9.0301,1,208,357,
"Figari, FR",Figari,FR,FR-COR,41.50185,9.097092,1,28,23,
"Mytilene, GR",Mytilene,GR,GR-K,39.057406,26.598629,1,40,47,
"Chabeuil, Drôme, FR","Chabeuil, Drôme",FR,FR-ARA,44.9216,4.9699,1,20,24,
"Paris (Orly, Val-de-Marne), FR","Paris (Orly, Val-de-Marne)",FR,FR-IDF,48.72333,2.37944,1,912,875,
"Trémuson, Côtes-d'Armor, FR","Trémuson, Côtes-d'Armor",FR,FR-BRE,48.538628,-2.853518,1,4,5,
"Rimini (RN), IT",Rimini (RN),IT,IT-45,44.020024,12.612198,1,21,14,
"Visby, SE",Visby,SE,SE-I,57.6628,18.346201,1,3,9,
"Lognes, Seine-et-Marne, FR","Lognes, Seine-et-Marne",FR,FR-IDF,48.821028,2.625967,1,6,9,
"Klagenfurt am Wörthersee, AT",Klagenfurt am Wörthersee,AT,AT-2,46.642502,14.3377,1,8,0,
"Hoogerheide, NL",Hoogerheide,NL,NL-NB,51.4491,4.34203,1,3,3,
"Orio al Serio (BG), IT",Orio al Serio (BG),IT,IT-25,45.669362,9.708851,1,477,451,
"Maribor, SI",Maribor,SI,SI-160,46.4799,15.6861,1,10,11,
"Alicante, ES",Alicante,ES,ES-VC,38.2822,-0.558156,1,484,493,
"Treviso (TV), IT",Treviso (TV),IT,IT-34,45.648399,12.1944,1,75,35,
"Säffle, SE",Säffle,SE,SE-S,59.084479,12.94936,1,0,2,
"Aarhus, DK",Aarhus,DK,DK-82,56.303331,10.618286,1,40,33,
"Steenokkerzeel, BE",Steenokkerzeel,BE,BE-VBR,50.913419,4.491005,1,559,263,
"Laakirchen, AT",Laakirchen,AT,AT-4,47.951541,13.867271,1,1,4,
"Sármellék, HU",Sármellék,HU,HU-ZA,46.686391,17.159084,1,2,2,
"Salzburg, AT",Salzburg,AT,AT-5,47.793301,13.0043,1,196,193,
"Gran Canaria Island, ES",Gran Canaria Island,ES,ES-CN,27.8571995,-15.4469,2,0,3,
"Ramstein-Miesenbach, DE",Ramstein-Miesenbach,DE,DE-RP,49.436901,7.60028,1,16,13,
"Jasionka, PL",Jasionka,PL,PL-PK,50.109791,22.024155,1,41,30,
"Falconara Marittima (AN), IT",Falconara Marittima (AN),IT,IT-57,43.616299,13.3623,1,14,41,
"Alghero, IT",Alghero,IT,IT-88,40.632099,8.29077,1,35,34,
"L'Hôpital-le-Mercier, Saône-et-Loire, FR","L'Hôpital-le-Mercier, Saône-et-Loire",FR,FR-BFC,46.414019,4.014177,1,14,13,
"Cork, IE",Cork,IE,IE-CO,51.841301,-8.49111,1,58,61,
"Otopeni, RO",Otopeni,RO,RO-IF,44.571792,26.103285,1,429,426,
"Laage, DE",Laage,DE,DE-MV,53.918201,12.2783,1,26,29,
"Wiener Neustadt, AT",Wiener Neustadt,AT,AT-3,47.8401165,16.2409685,2,21,23,
"Barby, FR",Barby,FR,FR-ARA,45.5611,5.97576,1,15,11,
"Chambéry, FR",Chambéry,FR,FR-ARA,45.6381,5.88023,1,61,82,
"Wrocław, PL",Wrocław,PL,PL-DS,51.103719,16.882096,1,162,154,
"Vila Baleira, PT",Vila Baleira,PT,PT-30,33.0733985901,-16.3500003815,1,16,17,
"Brno, CZ",Brno,CZ,CZ-JM,49.151276,16.693972,1,30,22,
"Pau/Pyrénées (Uzein), FR",Pau/Pyrénées (Uzein),FR,FR-NAQ,43.380001,-0.418611,1,42,43,
"Rhodes, GR",Rhodes,GR,GR-L,36.405399,28.086201,1,34,55,
"Reggio Calabria, IT",Reggio Calabria,IT,IT-78,38.071201,15.6516,1,44,47,
"Soboli, HR",Soboli,HR,HR-08,45.379501,14.5038,1,0,8,
"Ranón, ES",Ranón,ES,ES-AS,43.563599,-6.03462,1,61,4,
"Elefsina, GR",Elefsina,GR,GR-I,38.063801,23.556,1,18,12,
"Cameri (NO), IT",Cameri (NO),IT,IT-21,45.529598,8.66922,1,2,1,
"Napoli, IT",Napoli,IT,IT-72,40.886002,14.2908,1,2,106,
"Ronchi dei Legionari/Trieste, IT",Ronchi dei Legionari/Trieste,IT,IT-36,45.827499,13.4722,1,58,53,
"Mainz, DE",Mainz,DE,DE-RP,49.967499,8.147222,1,5,4,
"Prievidza, SK",Prievidza,SK,SK-TC,48.766102,18.5867,1,3,2,
"Göriach, AT",Göriach,AT,AT-6,47.556155,15.320327,1,0,1,
"Firenze (FI), IT",Firenze (FI),IT,IT-52,43.808558,11.202822,1,113,67,
"Sigonella (CT), IT",Sigonella (CT),IT,IT-82,37.401699,14.9224,1,269,99,
"Den Helder, NL",Den Helder,NL,NL-NH,52.923401,4.78062,1,8,5,
"Pupping, AT",Pupping,AT,AT-4,48.338793,13.985209,1,2,3,
"Mont-de-l'Enclus, BE",Mont-de-l'Enclus,BE,BE-WHT,50.740101,3.4849,1,2,1,
"Uherské Hradiště, CZ",Uherské Hradiště,CZ,CZ-ZL,49.0294,17.439699,1,8,5,
"Malmö, SE",Malmö,SE,SE-M,55.535564,13.376327,1,74,71,
"Přerov, CZ",Přerov,CZ,CZ-OL,49.4258,17.404699,1,8,12,
"Saint-Tropez, FR",Saint-Tropez,FR,FR-PAC,43.205399,6.482,1,7,19,
"Düsseldorf, DE",Düsseldorf,DE,DE-NW,51.289501,6.76678,1,579,592,
"Charleroi, BE",Charleroi,BE,BE-WHT,50.461963,4.459562,1,349,353,
"Porto, PT",Porto,PT,PT-13,41.2481002808,-8.68138980865,1,586,588,
"Funchal, PT",Funchal,PT,PT-30,32.697812,-16.774613,1,235,239,
"Scharnstein, AT",Scharnstein,AT,AT-4,47.898602,13.9394,1,3,2,
"Alava, ES",Alava,ES,ES-PV,42.882801,-2.72447,1,13,22,
"Tours, Indre-et-Loire, FR","Tours, Indre-et-Loire",FR,FR-CVL,47.432201,0.727606,1,6,4,
"Čakovec, HR",Čakovec,HR,HR-20,46.391899,16.500299,1,0,1,
"Hörselberg-Hainich, DE",Hörselberg-Hainich,DE,DE-TH,50.991604,10.47973,1,7,5,
"Győr, HU",Győr,HU,HU-GS,47.628436,17.804718,1,9,7,
"Stockholm, SE",Stockholm,SE,SE-AB,59.5014455,17.935264500000002,2,1012,1001,
"Wels, AT",Wels,AT,AT-4,48.182513,14.039283,1,7,5,
"Donegal, IE",Donegal,IE,IE-DL,55.0442008972168,-8.340999603271484,1,3,6,
"Weßling, DE",Weßling,DE,DE-BY,48.081402,11.2831,1,40,40,
"Warsaw, PL",Warsaw,PL,PL-MZ,52.217449,20.9371515,2,7,4,
"Ängelholm, SE",Ängelholm,SE,SE-M,56.29610061645508,12.847100257873535,1,32,31,
"Bastia, FR",Bastia,FR,FR-COR,42.5527,9.48373,1,6,51,
"Bydgoszcz, PL",Bydgoszcz,PL,PL-KP,53.10100799999999,17.9690375,2,14,10,
"Bitburg, DE",Bitburg,DE,DE-RP,49.945278,6.565,1,2,2,
"Langenlonsheim, DE",Langenlonsheim,DE,DE-RP,49.908333,7.907778,1,1,3,
"Budapest, HU",Budapest,HU,HU-BU,47.4908415,19.1193895,2,555,559,
"Sankt Johann in Tirol, AT",Sankt Johann in Tirol,AT,AT-7,47.5201,12.4497,1,2,3,
"Fermo (FM), IT",Fermo (FM),IT,IT-57,43.226774,13.743299,1,0,2,
"Reggio Emilia (RE), IT",Reggio Emilia (RE),IT,IT-45,44.698039,10.664885,1,9,4,
"Nîmes/Garons, FR",Nîmes/Garons,FR,FR-OCC,43.757401,4.41635,1,32,28,
"Norrköping, SE",Norrköping,SE,SE-E,58.586299896240234,16.250600814819336,1,4,3,
"Toulouse/Blagnac, FR",Toulouse/Blagnac,FR,FR-OCC,43.629101,1.36382,1,442,431,
"Hundsheim, AT",Hundsheim,AT,AT-3,48.099157,16.933527,1,1,4,
"Kokkola / Kruunupyy, FI",Kokkola / Kruunupyy,FI,FI-07,63.721199,23.143101,1,13,12,
"Badajoz, ES",Badajoz,ES,ES-EX,38.8913,-6.82133,1,3,1,
"Egelsbach, DE",Egelsbach,DE,DE-HE,49.96,8.643043,1,26,24,
"Almería, ES",Almería,ES,ES-AN,36.843899,-2.3701,1,29,33,
"Oulu / Oulunsalo, FI",Oulu / Oulunsalo,FI,FI-14,64.930099,25.354601,1,54,55,
"Valbrembo (BG), IT",Valbrembo (BG),IT,IT-25,45.719864,9.593954,1,17,9,
"Kuopio / Siilinjärvi, FI",Kuopio / Siilinjärvi,FI,FI-15,63.007099,27.7978,1,38,34,
"Pommeuse, Seine-et-Marne, FR","Pommeuse, Seine-et-Marne",FR,FR-IDF,48.839602,3.008653,1,4,4,
"Ibiza (Eivissa), ES",Ibiza (Eivissa),ES,ES-IB,38.872898,1.37312,1,227,217,
"Greven, DE",Greven,DE,DE-NW,52.133816,7.688482,1,68,66,
"Łódź, PL",Łódź,PL,PL-LD,51.721901,19.3981,1,19,19,
"Skiathos, GR",Skiathos,GR,GR-E,39.177101,23.5037,1,1,4,
"Riga, LV",Riga,LV,LV-062,56.955926000000005,24.022856,2,321,313,
"Cannes, FR",Cannes,FR,FR-PAC,43.547998,6.955176,1,8,56,
"Saint-Léger-sur-Roanne, FR",Saint-Léger-sur-Roanne,FR,FR-ARA,46.053818,3.999023,1,3,8,
"Vannes/Meucon, FR",Vannes/Meucon,FR,FR-BRE,47.723301,-2.71856,1,2,2,
"Strasbourg, FR",Strasbourg,FR,FR-GES,48.5383,7.62823,1,61,60,
"Timişoara, RO",Timişoara,RO,RO-TM,45.809898,21.3379,1,58,21,
"Manching, DE",Manching,DE,DE-BY,48.7156982421875,11.534000396728516,1,13,14,
"Roitzschjora, DE",Roitzschjora,DE,DE-SN,51.577778,12.494444,1,2,2,
"Mönchengladbach, DE",Mönchengladbach,DE,DE-NW,51.230278,6.504444,1,30,29,
"Atting, DE",Atting,DE,DE-BY,48.900833,12.516667,1,12,8,
"Jerez de la Frontera, ES",Jerez de la Frontera,ES,ES-AN,36.744598,-6.06011,1,16,20,
"Biarritz, FR",Biarritz,FR,FR-NAQ,43.468372,-1.523223,1,57,43,
"Ludvika, SE",Ludvika,SE,SE-W,60.088299,15.0964,1,1,1,
"Limnos Island, GR",Limnos Island,GR,GR-K,39.917098999,25.236299514799995,1,16,22,
"Laucha an der Unstrut, DE",Laucha an der Unstrut,DE,DE-ST,51.245834,11.693333,1,1,0,
"Velika Gorica, HR",Velika Gorica,HR,HR-01,45.742901,16.0688,1,179,89,
"Osijek(Klisa), HR",Osijek(Klisa),HR,HR-14,45.462355,18.811278,1,6,5,
"Mladá Boleslav, CZ",Mladá Boleslav,CZ,CZ-ST,50.3983,14.8983,1,9,8,
"Stockholm / Västerås, SE",Stockholm / Västerås,SE,SE-U,59.589401,16.6336,1,11,9,
"La Roche-sur-Yon, FR",La Roche-sur-Yon,FR,FR-PDL,46.7019,-1.37863,1,5,1,
"Balen, BE",Balen,BE,BE-VAN,51.180957,5.221124,1,2,2,
"Rodez/Marcillac, FR",Rodez/Marcillac,FR,FR-OCC,44.407902,2.48267,1,16,16,
"Groningen, NL",Groningen,NL,NL-DR,53.119107,6.577652,1,38,42,
"Capua, IT",Capua,IT,IT-72,41.116001,14.178,1,0,7,
"Siemirowice, PL",Siemirowice,PL,PL-PM,54.416525,17.765734,1,0,1,
"Katowice, PL",Katowice,PL,PL-SL,50.476015,19.080705,1,139,142,
"Friedrichshafen, DE",Friedrichshafen,DE,DE-BW,47.671299,9.51149,1,50,54,
"Valletta, MT",Valletta,MT,MT-25,35.845932,14.491546,1,323,328,
"Sønderborg, DK",Sønderborg,DK,DK-83,54.96440124511719,9.791729927062988,1,29,30,
"Toulon-sur-Allier, FR",Toulon-sur-Allier,FR,FR-ARA,46.534599,3.42372,1,1,4,
"Köln (Cologne), DE",Köln (Cologne),DE,DE-NW,50.865898,7.14274,1,431,436,
"Palanga, LT",Palanga,LT,LT-KL,55.973202,21.093901,1,29,22,
"Burbach, DE",Burbach,DE,DE-NW,50.707699,8.08297,1,11,6,
"El Matorral, ES",El Matorral,ES,ES-CN,28.4527,-13.8638,1,8,3,
"Avignon, FR",Avignon,FR,FR-PAC,43.907299,4.90183,1,28,27,
"Umeå, SE",Umeå,SE,SE-AC,63.791801,20.282801,1,0,8,
"Mošnov, CZ",Mošnov,CZ,CZ-MO,49.696301,18.111099,1,28,23,
"Skellefteå, SE",Skellefteå,SE,SE-AC,64.62480163574219,21.076900482177734,1,25,32,
"Inis Oírr, IE",Inis Oírr,IE,IE-G,53.064701,-9.5109,1,1,1,
"Marignane, Bouches-du-Rhône, FR","Marignane, Bouches-du-Rhône",FR,FR-PAC,43.438088,5.2125,1,471,456,
"Joensuu, FI",Joensuu,FI,FI-13,62.658815,29.619398,1,5,0,
"Campoformido (UD), IT",Campoformido (UD),IT,IT-36,46.0308,13.18225,1,11,6,
"Genova (GE), IT",Genova (GE),IT,IT-42,44.412039,8.840732,1,48,47,
"Kiel, DE",Kiel,DE,DE-SH,54.37957,10.145266,1,12,15,
"Foggia (FG), IT",Foggia (FG),IT,IT-75,41.433596,15.534566,1,12,12,
"Zaragoza, ES",Zaragoza,ES,ES-AR,41.666199,-1.04155,1,38,45,
"Marratxí, ES",Marratxí,ES,ES-IB,39.5989,2.70278,1,7,10,
"De Cocksdorp, NL",De Cocksdorp,NL,NL-NH,53.114962,4.830552,1,4,7,
"Ferno (VA), IT",Ferno (VA),IT,IT-25,45.6306,8.72811,1,909,929,
"Granada, ES",Granada,ES,ES-AN,37.188702,-3.77736,1,1,18,
"Fauville, Eure, FR","Fauville, Eure",FR,FR-NOR,49.028702,1.21986,1,5,6,
"Sylt, DE",Sylt,DE,DE-SH,54.9132,8.34047,1,21,15,
"Catania, IT",Catania,IT,IT-82,37.466801,15.0664,1,15,30,
"Shannon, IE",Shannon,IE,IE-CE,52.702,-8.92482,1,61,65,
"Ajaccio, FR",Ajaccio,FR,FR-COR,41.923599,8.80292,1,84,75,
"Poitiers/Biard, FR",Poitiers/Biard,FR,FR-NAQ,46.5877,0.306666,1,2,0,
"Hyères, Var, FR","Hyères, Var",FR,FR-PAC,43.097301,6.14603,1,13,10,
"Helsinki (Vantaa), FI",Helsinki (Vantaa),FI,FI-18,60.318363,24.963341,1,809,789,
"Lesquin, FR",Lesquin,FR,FR-HDF,50.566564,3.102429,1,51,54,
"Hannover, DE",Hannover,DE,DE-NI,52.461102,9.68508,1,233,229,
"La Baule-Escoublac, FR",La Baule-Escoublac,FR,FR-PDL,47.289398,-2.34639,1,6,2,
"Memmingen, DE",Memmingen,DE,DE-BY,47.988092,10.238248,1,76,78,
"Fürstenfeld, AT",Fürstenfeld,AT,AT-6,47.061873,16.083901,1,2,2,
"Reus, ES",Reus,ES,ES-CT,41.147509,1.168354,1,0,4,
"Constanța, RO",Constanța,RO,RO-CT,44.362202,28.4883,1,4,6,
"Tulln an der Donau, AT",Tulln an der Donau,AT,AT-3,48.319247,16.114016,1,3,6,
"Carcassonne, FR",Carcassonne,FR,FR-OCC,43.216,2.30632,1,1,1,
"Bucharest, RO",Bucharest,RO,RO-B,44.503133,26.102944,1,65,61,
"Lugo, IT",Lugo,IT,IT-45,44.397476,11.854777,1,6,1,
"Uden, NL",Uden,NL,NL-NB,51.657222,5.707778,1,6,4,
"Morón, ES",Morón,ES,ES-AN,37.17490005493164,-5.615940093994141,1,23,28,
"Wiesbaden, DE",Wiesbaden,DE,DE-HE,50.049800872802734,8.325400352478027,1,22,17,
"Alflen, DE",Alflen,DE,DE-RP,50.173801,7.06333,1,0,1,
"Nea Anchialos, GR",Nea Anchialos,GR,GR-E,39.219601,22.7943,1,1,0,
"Aalborg, DK",Aalborg,DK,DK-81,57.094763,9.84993,1,130,135,
"Genk, BE",Genk,BE,BE-VLI,51.0154,5.52647,1,6,5,
"Nowa Wieś, PL",Nowa Wieś,PL,PL-PK,50.104169,22.047029,1,8,14,
"Calden, DE",Calden,DE,DE-HE,51.418395,9.391638,1,11,10,
"Chaspuzac, Haute-Loire, FR","Chaspuzac, Haute-Loire",FR,FR-ARA,45.0807,3.76289,1,9,5,
"Venegono Superiore (VA), IT",Venegono Superiore (VA),IT,IT-25,45.742199,8.888233,1,8,4,
"Capannori (LU), IT",Capannori (LU),IT,IT-52,43.825825,10.577928,1,2,41,
"Dole, FR",Dole,FR,FR-BFC,47.038955,5.427589,1,12,7,
"Büren, DE",Büren,DE,DE-NW,51.612527,8.617459,1,30,23,
"Vrsar, HR",Vrsar,HR,HR-18,45.141701,13.6306,1,0,4,
"Wyk auf Föhr, DE",Wyk auf Föhr,DE,DE-SH,54.684444,8.528333,1,3,0,
"Monchy-Lagache, Somme, FR","Monchy-Lagache, Somme",FR,FR-HDF,49.868871,3.029566,1,1,1,
"Caiolo (SO), IT",Caiolo (SO),IT,IT-25,46.154448,9.79507,1,0,12,
"Capannoli (PI), IT",Capannoli (PI),IT,IT-52,43.592164,10.696294,1,0,78,
"Copenhagen, DK",Copenhagen,DK,DK-84,55.617900848389,12.656000137329,1,1243,1264,
"Carpi (MO), IT",Carpi (MO),IT,IT-45,44.833231,10.871186,1,2,7,
"Castres, FR",Castres,FR,FR-OCC,43.556301,2.28918,1,11,12,
"Wilhelmshaven, DE",Wilhelmshaven,DE,DE-NI,53.50222,8.052222,1,11,10,
"Niederstetten, DE",Niederstetten,DE,DE-BW,49.39162,9.956747,1,6,6,
"La Virgen Del Camino, ES",La Virgen Del Camino,ES,ES-CL,42.590709,-5.653406,1,11,9,
"Câmpia Turzii, RO",Câmpia Turzii,RO,RO-CJ,46.5023,23.8859,1,0,28,
"Cognac/Châteaubernard, FR",Cognac/Châteaubernard,FR,FR-NAQ,45.658298,-0.3175,1,8,1,
"Giebelstadt, DE",Giebelstadt,DE,DE-BY,49.6480560303,9.966388702390002,1,3,5,
"Pinkafeld, AT",Pinkafeld,AT,AT-1,47.386684,16.112673,1,3,5,
"Turku, FI",Turku,FI,FI-19,60.514099,22.2628,1,30,18,
"Kuressaare, EE",Kuressaare,EE,EE-74,58.22990036010742,22.50950050354004,1,4,9,
"Charmeil, Allier, FR","Charmeil, Allier",FR,FR-ARA,46.16969,3.403637,1,1,21,
"Kavala, GR",Kavala,GR,GR-A,40.9133,24.6192,1,6,11,
"Prouvy, FR",Prouvy,FR,FR-HDF,50.327823,3.461061,1,7,7,
"Luleå, SE",Luleå,SE,SE-BD,65.5438,22.122,1,81,74,
"Châlon sur Saône, FR",Châlon sur Saône,FR,FR-BFC,46.825813,4.817646,1,4,6,
"Siljansnäs, SE",Siljansnäs,SE,SE-W,60.785099,14.8272,1,1,6,
"Saint-Jacques-de-la-Lande, Ille-et-Vilaine, FR","Saint-Jacques-de-la-Lande, Ille-et-Vilaine",FR,FR-BRE,48.0695,-1.73479,1,69,69,
"Landsberg, DE",Landsberg,DE,DE-ST,51.552223,12.053889,1,16,18,
"Neuhardenberg, DE",Neuhardenberg,DE,DE-BR,52.613056,14.242778,1,1,0,
"Grâce-Hollogne, BE",Grâce-Hollogne,BE,BE-WLG,50.638574,5.443897,1,79,70,
"Bremen, DE",Bremen,DE,DE-HB,53.046786,8.78932,1,111,110,
"Oostende, BE",Oostende,BE,BE-VWV,51.1998,2.874673,1,28,21,
"Lahr/Schwarzwald, DE",Lahr/Schwarzwald,DE,DE-BW,48.369301,7.82772,1,9,7,
"Andrézieux-Bouthéon, Loire, FR","Andrézieux-Bouthéon, Loire",FR,FR-ARA,45.5406,4.29639,1,10,6,
"Bresso (MI), IT",Bresso (MI),IT,IT-25,45.541389,9.202222,1,26,15,
"Valencia, ES",Valencia,ES,ES-VC,39.489162,-0.480961,1,228,232,
"Caselle Torinese (TO), IT",Caselle Torinese (TO),IT,IT-21,45.200802,7.64963,1,213,206,
"Jönköping, SE",Jönköping,SE,SE-F,57.757598876953125,14.068699836730955,1,8,6,
"Villanova d'Albenga (SV), IT",Villanova d'Albenga (SV),IT,IT-42,44.050598,8.12743,1,5,6,
"Hajdúszoboszló, HU",Hajdúszoboszló,HU,HU-HB,47.459717,21.390904,1,0,3,
"Eindhoven, NL",Eindhoven,NL,NL-NB,51.4500999451,5.37452983856,1,217,215,
"Schkeuditz, DE",Schkeuditz,DE,DE-SN,51.420657,12.232705,1,296,298,
"Brandenburg an der Havel, DE",Brandenburg an der Havel,DE,DE-BR,52.4375,12.59,1,2,2,
"Arvidsjaur, SE",Arvidsjaur,SE,SE-BD,65.59030151367188,19.28190040588379,1,19,21,
"Stuttgart, DE",Stuttgart,DE,DE-BW,48.689899,9.22196,1,326,341,
"Saint-Nazaire/Montoir, FR",Saint-Nazaire/Montoir,FR,FR-PDL,47.31142,-2.152634,1,14,12,
"Jyväskylän Maalaiskunta, FI",Jyväskylän Maalaiskunta,FI,FI-08,62.399502,25.678301,1,20,22,
"Albert, FR",Albert,FR,FR-HDF,49.970049,2.693939,1,3,3,
"Aix en Provence, FR",Aix en Provence,FR,FR-PAC,43.506294,5.366426,1,24,21,
"Cascais, PT",Cascais,PT,PT-11,38.724998,-9.35523,1,32,33,
"Charlestown, IE",Charlestown,IE,IE-MO,53.910439,-8.817002,1,4,2,
"Farranfore, IE",Farranfore,IE,IE-KY,52.180901,-9.52378,1,17,18,
"Bad Vöslau, AT",Bad Vöslau,AT,AT-3,47.965,16.26,1,10,7,
"Gdańsk, PL",Gdańsk,PL,PL-PM,54.377602,18.4662,1,154,99,
"Paris, FR",Paris,FR,FR-IDF,48.962276,2.436539,1,203,188,
"Baden-Baden, DE",Baden-Baden,DE,DE-BW,48.791943,8.185833,1,3,51,
"Mykonos, GR",Mykonos,GR,GR-L,37.435101,25.348101,1,3,1,
"Olomouc, CZ",Olomouc,CZ,CZ-OL,49.587712,17.209275,1,3,4,
"Kefallinia Island, GR",Kefallinia Island,GR,GR-F,38.12009811401367,20.500499725341797,1,3,7,
"Rochefort/Saint-Agnant, FR",Rochefort/Saint-Agnant,FR,FR-NAQ,45.887798,-0.983056,1,0,5,
"Feldkirchen bei Graz, AT",Feldkirchen bei Graz,AT,AT-6,46.9911,15.4396,1,98,79,
"Recea, RO",Recea,RO,RO-MS,46.467701,24.4125,1,3,8,
"Vaasa, FI",Vaasa,FI,FI-12,63.05023,21.762543,1,0,2,
"Gorizia (GO), IT",Gorizia (GO),IT,IT-36,45.906898,13.5993,1,2,1,
"Rotterdam, NL",Rotterdam,NL,NL-ZH,51.956902,4.43722,1,122,122,
"Uppsala, SE",Uppsala,SE,SE-C,59.897301,17.5886,1,6,2,
"Dortmund, DE",Dortmund,DE,DE-NW,51.518299,7.61224,1,70,75,
"Torino (TO), IT",Torino (TO),IT,IT-21,45.084444,7.603056,1,5,7,
"Hamburg, DE",Hamburg,DE,DE-HH,53.58284016015625,9.91189301513672,2,568,575,
"Tenerife, ES",Tenerife,ES,ES-CN,28.263626000000002,-16.457103500000002,2,0,30,
"Vienna, AT",Vienna,AT,AT-9,48.110298,16.5697,1,953,963,
"Colmar, FR",Colmar,FR,FR-GES,48.109901,7.35901,1,6,6,
"Thessaloniki, GR",Thessaloniki,GR,GR-B,40.51928,22.970009,1,261,301,
"Riidaja, EE",Riidaja,EE,EE-82,58.08457,25.89877,1,0,3,
"Pisa (PI), IT",Pisa (PI),IT,IT-52,43.683899,10.3927,1,134,88,
"Kiruna, SE",Kiruna,SE,SE-BD,67.821999,20.3368,1,1,15,
"Barcelona, ES",Barcelona,ES,ES-CT,41.2971,2.07846,1,1676,1705,
"Perpignan/Rivesaltes, FR",Perpignan/Rivesaltes,FR,FR-OCC,42.740398,2.87067,1,18,21,
"Ferlach, AT",Ferlach,AT,AT-2,46.532778,14.330833,1,0,1,
"Ponta Delgada, PT",Ponta Delgada,PT,PT-20,37.7411994934,-25.6979007721,1,30,18,
"Boos, FR",Boos,FR,FR-NOR,49.384887,1.179142,1,2,1,
"Erfurt, DE",Erfurt,DE,DE-TH,50.978281,10.960713,1,12,13,
"Faro, PT",Faro,PT,PT-08,37.015909,-7.970939,1,195,205,
"Alexandroupolis, GR",Alexandroupolis,GR,GR-A,40.8559,25.956301,1,14,39,
"Comiso, IT",Comiso,IT,IT-82,36.99583,14.60889,1,13,13,
"Billund, DK",Billund,DK,DK-83,55.740335,9.157019,1,169,168,
"Læsø, DK",Læsø,DK,DK-81,57.277199,11.0001,1,3,0,
"Trebbin, DE",Trebbin,DE,DE-BR,52.204631,13.159526,1,17,19,
"Zaventem, BE",Zaventem,BE,BE-VBR,50.901402,4.48444,1,296,584,
"Stockerau, AT",Stockerau,AT,AT-3,48.409121,16.191015,1,2,4,
"Odense, DK",Odense,DK,DK-83,55.475307,10.327206,1,11,10,
"Namur, BE",Namur,BE,BE-WNA,50.489705,4.769697,1,4,3,
"Béziers, FR",Béziers,FR,FR-OCC,43.323502,3.3539,1,2,7,
"Munich, DE",Munich,DE,DE-BY,48.353802,11.7861,1,1504,1517,
"Bacău, RO",Bacău,RO,RO-BC,46.5219,26.910299,1,3,12,
"Pardubice, CZ",Pardubice,CZ,CZ-PA,50.015049,15.73981,1,7,6,
"Nowy Dwór Mazowiecki, PL",Nowy Dwór Mazowiecki,PL,PL-MZ,52.451099,20.6518,1,118,105,
"Larnaca, CY",Larnaca,CY,CY-04,34.875099,33.624901,1,192,186,
"Nantes, FR",Nantes,FR,FR-PDL,47.153198,-1.61073,1,259,269,
"Bordeaux, FR",Bordeaux,FR,FR-NAQ,44.82865,-0.715356,1,247,242,
"Montpellier/Méditerranée, FR",Montpellier/Méditerranée,FR,FR-OCC,43.576199,3.96301,1,96,55,
"Campo di Pietra (TV), IT",Campo di Pietra (TV),IT,IT-34,45.6992,12.5431,1,13,25,
"Le Mans, Sarthe, FR","Le Mans, Sarthe",FR,FR-PDL,47.948604,0.201702,1,3,5,
"Szymany, PL",Szymany,PL,PL-WN,53.481899,20.9377,1,7,10,
"Seville, ES",Seville,ES,ES-AN,37.417999,-5.89311,1,382,398,
"Samos Island, GR",Samos Island,GR,GR-K,37.689999,26.911699,1,11,2,
"Vila do Porto, PT",Vila do Porto,PT,PT-20,36.97140121459961,-25.17060089111328,1,3,3,
"Nice, Alpes-Maritimes, FR","Nice, Alpes-Maritimes",FR,FR-PAC,43.658401,7.21587,1,150,307,
"Sindal, DK",Sindal,DK,DK-81,57.503502,10.2294,1,0,3,
"Örebro, SE",Örebro,SE,SE-T,59.22370147705078,15.038000106811523,1,20,21,
"Nowe Kramsko, PL",Nowe Kramsko,PL,PL-LB,52.1385,15.7986,1,3,3,
"Levaldigi (CN), IT",Levaldigi (CN),IT,IT-21,44.547458,7.623045,1,10,10,
"Rome, IT",Rome,IT,IT-62,41.8016505,12.423664500000001,2,198,181,
"Bazan, BG",Bazan,BG,BG-18,43.728429,26.119696,1,0,1,
"Tampere / Pirkkala, FI",Tampere / Pirkkala,FI,FI-11,61.414101,23.604401,1,25,26,
"Sečovlje, SI",Sečovlje,SI,SI-090,45.47201,13.615951,1,16,13,
"Frankfurt am Main (Lautzenhausen), DE",Frankfurt am Main (Lautzenhausen),DE,DE-RP,49.946353,7.261734,1,54,55,
"Loreo (RO), IT",Loreo (RO),IT,IT-34,45.08608,12.161455,1,1,4,
"Málaga, ES",Málaga,ES,ES-AN,36.6749,-4.49911,1,727,744,
"Poprad, SK",Poprad,SK,SK-PV,49.070994,20.241394,1,9,7,
"Segrate (MI), IT",Segrate (MI),IT,IT-25,45.445099,9.27674,1,685,672,
"Rønne, DK",Rønne,DK,DK-84,55.063301,14.7596,1,2,3,
"Rheinmünster, DE",Rheinmünster,DE,DE-BW,48.7794,8.0805,1,64,23,
"Roskilde, DK",Roskilde,DK,DK-85,55.585602,12.1314,1,34,42,
"Perugia (PG), IT",Perugia (PG),IT,IT-55,43.095901,12.5132,1,13,11,
"Sta Cruz de la Palma, La Palma Island, ES","Sta Cruz de la Palma, La Palma Island",ES,ES-CN,28.626499,-17.7556,1,19,18,
"Bologna, IT",Bologna,IT,IT-45,44.5354,11.2887,1,360,391,
"Parma (PR), IT",Parma (PR),IT,IT-45,44.826351,10.29705,1,8,11,
"Pavullo (MO), IT",Pavullo (MO),IT,IT-45,44.322222,10.831667,1,8,12,
"Caen, FR",Caen,FR,FR-NOR,49.17678,-0.454883,1,18,15,
"Borlange, SE",Borlange,SE,SE-W,60.422001,15.5152,1,1,3,
"Forlì (FC), IT",Forlì (FC),IT,IT-45,44.194801,12.0701,1,28,6,
"Trollhättan, SE",Trollhättan,SE,SE-Q,58.31809997558594,12.345000267028809,1,5,5,
"Wevelgem, BE",Wevelgem,BE,BE-VWV,50.818878,3.209551,1,24,27,
"Werneuchen, DE",Werneuchen,DE,DE-BR,52.631668,13.766944,1,3,3,
"Brest, FR",Brest,FR,FR-BRE,48.447899,-4.41854,1,58,58,
"Toussus-le-Noble, Yvelines, FR","Toussus-le-Noble, Yvelines",FR,FR-IDF,48.7519,2.10619,1,44,33,
"Beauvais, FR",Beauvais,FR,FR-HDF,49.454399,2.11278,1,158,139,
"Girona, ES",Girona,ES,ES-CT,41.904639,2.761774,1,27,7,
"Getafe, ES",Getafe,ES,ES-MD,40.294102,-3.72383,1,13,14,
"Luxembourg, LU",Luxembourg,LU,LU-L,49.626845,6.212134,1,322,336,
"Frankfurt am Main, DE",Frankfurt am Main,DE,DE-HE,50.026706,8.55835,1,1757,1805,
"Partizánske, SK",Partizánske,SK,SK-TC,48.619202,18.3297,1,3,4,
"Krems an der Donau, AT",Krems an der Donau,AT,AT-3,48.446155,15.635011,1,9,4,
"Pamplona, ES",Pamplona,ES,ES-NC,42.77,-1.64633,1,5,5,
"Dresden, DE",Dresden,DE,DE-SN,51.134123,13.767831,1,75,74,
"Blois, FR",Blois,FR,FR-CVL,47.678502,1.20884,1,3,4,
"Rijen, NL",Rijen,NL,NL-NB,51.567402,4.93183,1,19,15,
"Oesterdeichstrich, DE",Oesterdeichstrich,DE,DE-SH,54.153332,8.901667,1,3,5,
"Kaunas, LT",Kaunas,LT,LT-KU,54.921882,23.98366,2,43,35,
"Chassieu, Lyon, FR","Chassieu, Lyon",FR,FR-ARA,45.727947,4.943991,1,55,43,
"Ravenna (RA), IT",Ravenna (RA),IT,IT-45,44.364291,12.224996,1,12,8,
"Maastricht, NL",Maastricht,NL,NL-LI,50.911087,5.769401,1,18,13,
"Vilnius, LT",Vilnius,LT,LT-VL,54.634102,25.285801,1,209,202,
"Ronneby, SE",Ronneby,SE,SE-K,56.266701,15.265,1,25,24,
"Spata-Artemida, GR",Spata-Artemida,GR,GR-I,37.936401,23.9445,1,922,551,
"Santiago de Compostela, ES",Santiago de Compostela,ES,ES-GA,42.896301,-8.41514,1,60,41,
"Halmstad, SE",Halmstad,SE,SE-N,56.69110107421875,12.820199966430664,1,21,19,
"Kithira Island, GR",Kithira Island,GR,GR-I,36.273978,23.016719,1,0,1,
"Pescara, IT",Pescara,IT,IT-65,42.431079,14.182981,1,53,56,
"Angers, FR",Angers,FR,FR-PDL,47.560299,-0.312222,1,5,8,
"Eskilstuna, SE",Eskilstuna,SE,SE-D,59.351101,16.708401,1,6,5,
"Berlin, DE",Berlin,DE,DE-BR,52.361738,13.502341,1,885,891,
"Liepāja, LV",Liepāja,LV,LV-112,56.517502,21.096901,1,3,0,
"Caselle (VR), IT",Caselle (VR),IT,IT-34,45.394955,10.887303,1,113,120,
"Berck-sur-Mer, FR",Berck-sur-Mer,FR,FR-HDF,50.4231,1.59194,1,1,2,
"Kos Island, GR",Kos Island,GR,GR-L,36.794523,27.09115,1,29,33,
"Antwerp, BE",Antwerp,BE,BE-VAN,51.190667,4.463153,1,56,56,
"Amsterdam, NL",Amsterdam,NL,NL-NH,52.308601,4.76389,1,1799,1776,
"Innsbruck, AT",Innsbruck,AT,AT-7,47.260201,11.344,1,122,125,
"Braunschweig, DE",Braunschweig,DE,DE-NI,52.319199,10.5561,1,33,36,
"Venezia (VE), IT",Venezia (VE),IT,IT-34,45.505299,12.3519,1,369,114,
"Timmersdorf, AT",Timmersdorf,AT,AT-6,47.379648,14.964044,1,1,17,
"Clermont-Ferrand, FR",Clermont-Ferrand,FR,FR-ARA,45.786701,3.16917,1,32,14,
"Leopoldsburg, BE",Leopoldsburg,BE,BE-VLI,51.12,5.307222,1,0,1,
"Palermo, IT",Palermo,IT,IT-82,38.145959,13.202185,2,1,252,
"Lamezia Terme (CZ), IT",Lamezia Terme (CZ),IT,IT-78,38.906214,16.246007,1,124,127,
"Varaždin, HR",Varaždin,HR,HR-05,46.294668,16.383222,1,2,2,
"Fano (PU), IT",Fano (PU),IT,IT-57,43.824032,13.02588,1,9,9,
"Weeze, DE",Weeze,DE,DE-NW,51.601362,6.141228,1,58,56,
"Nuremberg, DE",Nuremberg,DE,DE-BY,49.498699,11.078056,1,165,170,
"Aachen, DE",Aachen,DE,DE-NW,50.823055,6.186389,1,6,3,
"Poznań, PL",Poznań,PL,PL-WP,52.421598,16.823359,1,121,120,
"Alajero, La Gomera Island, ES","Alajero, La Gomera Island",ES,ES-CN,28.0296,-17.2146,1,0,11,
"Dreschvitz, DE",Dreschvitz,DE,DE-MV,54.38347,13.325542,1,0,5,
"Culleredo, ES",Culleredo,ES,ES-GA,43.302101,-8.37726,1,31,33,
"Speyer, DE",Speyer,DE,DE-RP,49.304722,8.451389,1,9,9,
"Augsburg, DE",Augsburg,DE,DE-BY,48.425278,10.931667,1,39,42,
"Annecy, FR",Annecy,FR,FR-ARA,45.928947,6.0987,1,21,33,
"Zgornji Brnik, SI",Zgornji Brnik,SI,SI-012,46.223701,14.4576,1,68,73,
"Montichiari (BS), IT",Montichiari (BS),IT,IT-25,45.428902,10.3306,1,13,34,
"Tallinn, EE",Tallinn,EE,EE-37,59.413246,24.83264,1,252,248,
"Tarbes/Lourdes/Pyrénées, FR",Tarbes/Lourdes/Pyrénées,FR,FR-OCC,43.178699,-0.006439,1,16,19,
"Zagreb, HR",Zagreb,HR,HR-21,45.766725,15.849709,1,29,109,
"San Javier, ES",San Javier,ES,ES-MC,37.775002,-0.812389,1,37,34,
"Paphos, CY",Paphos,CY,CY-06,34.717999,32.485699,1,15,62,
"Grenoble, FR",Grenoble,FR,FR-ARA,45.3629,5.32937,1,49,59,
"Prague, CZ",Prague,CZ,CZ-PR,50.069236,14.409992,3,12,13,
"Lelystad, NL",Lelystad,NL,NL-FL,52.453188,5.514622,1,29,24,
"Paris (Roissy-en-France, Val-d'Oise), FR","Paris (Roissy-en-France, Val-d'Oise)",FR,FR-IDF,49.00896,2.554117,1,1787,1788,
"Angoulême, FR",Angoulême,FR,FR-NAQ,45.729198,0.221456,1,7,7,
"Ålleberg, SE",Ålleberg,SE,SE-Q,58.134499,13.602097,1,1,1,
"Karup, DK",Karup,DK,DK-82,56.297139,9.104311,1,9,3,
"Košice, SK",Košice,SK,SK-KI,48.663101,21.2411,1,23,26,
"Mannheim, DE",Mannheim,DE,DE-BW,49.473057,8.514167,1,28,31,
"Benešov, CZ",Benešov,CZ,CZ-ST,49.740799,14.6447,1,7,6,
"Ober-Grafendorf, AT",Ober-Grafendorf,AT,AT-3,48.160081,15.58677,1,6,3,
"Bückeburg, DE",Bückeburg,DE,DE-NI,52.2785,9.08217,1,7,5,
"Besançon, FR",Besançon,FR,FR-BFC,47.206615,6.083168,1,2,1,
"Tidaholm, SE",Tidaholm,SE,SE-Q,58.192146,13.998156,1,0,2,
"Mariehamn, FI",Mariehamn,FI,FI-01,60.1222,19.898199,1,4,5,
"Lanas, Ardèche, FR","Lanas, Ardèche",FR,FR-ARA,44.544367,4.372194,1,0,2,
"Suben, AT",Suben,AT,AT-4,48.403301,13.4483,1,4,4,
"Varna, BG",Varna,BG,BG-03,43.232101,27.8251,1,1,4,
"Norddeich, DE",Norddeich,DE,DE-NI,53.633057,7.190278,1,5,2,
"Clonbullogue, IE",Clonbullogue,IE,IE-OY,53.249657,-7.122746,1,1,1,
"Zeltweg, AT",Zeltweg,AT,AT-6,47.202801,14.7442,1,7,3,
"Aquino, IT",Aquino,IT,IT-62,41.491983,13.719342,1,1,1,
"Dinard, FR",Dinard,FR,FR-BRE,48.5877,-2.07996,1,3,2,
"Hohenfels, DE",Hohenfels,DE,DE-BY,49.216541,11.836064,1,0,1,
"Vangadizza (VR), IT",Vangadizza (VR),IT,IT-34,45.130116,11.293218,1,1,2,
"Föhren, DE",Föhren,DE,DE-RP,49.863888,6.7875,1,1,1,
"Niort/Souché, FR",Niort/Souché,FR,FR-NAQ,46.313477,-0.394529,1,0,3,
"Épinal, FR",Épinal,FR,FR-GES,48.325001,6.06998,1,1,0,
"Cormeilles-en-Vexin, Val-d'Oise, FR","Cormeilles-en-Vexin, Val-d'Oise",FR,FR-IDF,49.096064,2.035543,1,4,6,
"Saint-Crépin, Hautes-Alpes, FR","Saint-Crépin, Hautes-Alpes",FR,FR-PAC,44.701698,6.60028,1,0,4,
"Maia, PT",Maia,PT,PT-13,41.27729,-8.516209,1,14,3,
"Kolín, CZ",Kolín,CZ,CZ-ST,50.0019,15.1733,1,2,3,
"Leiria, PT",Leiria,PT,PT-10,39.779907,-8.820238,1,0,1,
"Inis Mór, IE",Inis Mór,IE,IE-G,53.1067008972168,-9.653610229492188,1,0,1,
"Le Havre, FR",Le Havre,FR,FR-NOR,49.534038,0.088406,1,2,3,
"Dolní Benešov, CZ",Dolní Benešov,CZ,CZ-MO,49.928258,18.075557,1,4,1,
"Strausberg, DE",Strausberg,DE,DE-BR,52.580555,13.916667,1,2,5,
"Reutte, AT",Reutte,AT,AT-7,47.470897,10.6913,1,1,8,
"Emden, DE",Emden,DE,DE-NI,53.391109,7.2275,1,38,13,
"Skuteč, CZ",Skuteč,CZ,CZ-PA,49.827801,16.0058,1,2,2,
"Barth, DE",Barth,DE,DE-MV,54.338253,12.710515,1,1,0,
"Lycksele, SE",Lycksele,SE,SE-AC,64.548302,18.7162,1,2,2,
"Deauville, FR",Deauville,FR,FR-NOR,49.365237,0.154481,1,4,2,
"Diest, BE",Diest,BE,BE-VBR,51.004032,5.064697,1,1,0,
"Langkampfen, AT",Langkampfen,AT,AT-7,47.564713,12.127576,1,2,4,
"Lübeck, DE",Lübeck,DE,DE-SH,53.805401,10.7192,1,20,21,
"Hoevenen, BE",Hoevenen,BE,BE-VAN,51.306099,4.38722,1,0,2,
"Mauterndorf, AT",Mauterndorf,AT,AT-5,47.131995,13.695867,1,0,1,
"Ballum, NL",Ballum,NL,NL-FR,53.453612,5.678396,1,1,4,
"Cluj-Napoca, RO",Cluj-Napoca,RO,RO-CJ,46.786042,23.685733,1,4,13,
"Laval, Mayenne, FR","Laval, Mayenne",FR,FR-PDL,48.032208,-0.743999,1,6,5,
"Grube, DE",Grube,DE,DE-SH,54.244446,11.024722,1,0,1,
"Smålandsstenar, SE",Smålandsstenar,SE,SE-F,57.168598,13.4402,1,0,1,
"Albi, FR",Albi,FR,FR-OCC,43.913898,2.11306,1,3,3,
"Arnhem, NL",Arnhem,NL,NL-GE,52.0606,5.87306,1,5,8,
"Altenstadt, DE",Altenstadt,DE,DE-BY,47.835499,10.8712,1,1,2,
"Trento (TN), IT",Trento (TN),IT,IT-32,46.023333,11.125,1,6,52,
"Calais, FR",Calais,FR,FR-HDF,50.962101,1.95476,1,4,3,
"Micheldorf, AT",Micheldorf,AT,AT-2,47.39958,14.278498500000001,2,0,1,
"Zvekovac, HR",Zvekovac,HR,HR-01,45.823056,16.5,1,1,0,
"Buigny-Saint-Maclou, FR",Buigny-Saint-Maclou,FR,FR-HDF,50.143501,1.831891,1,1,2,
"Waterford, IE",Waterford,IE,IE-WD,52.187199,-7.08696,1,1,1,
"Eslöv, SE",Eslöv,SE,SE-M,55.848923,13.329935,1,2,1,
"Landshut, DE",Landshut,DE,DE-BY,48.512019,12.034865,1,7,4,
"Kristianstad, SE",Kristianstad,SE,SE-M,55.9217,14.0855,1,0,2,
"Eu, FR",Eu,FR,FR-NOR,50.068168,1.424748,1,0,1,
"Hoeven, NL",Hoeven,NL,NL-NB,51.554901,4.553003,1,7,7,
"Saint Ghislain, BE",Saint Ghislain,BE,BE-WHT,50.458009,3.821,1,0,2,
"Sant Lluis, ES",Sant Lluis,ES,ES-IB,39.861878,4.251739,1,1,2,
"Beja, PT",Beja,PT,PT-02,38.078899,-7.9324,1,3,0,
"Cholet, FR",Cholet,FR,FR-PDL,47.0821,-0.877064,1,0,3,
"Plzen, CZ",Plzen,CZ,CZ-PL,49.675201,13.2746,1,4,5,
"Leixlip, IE",Leixlip,IE,IE-D,53.351622,-6.490357,1,2,3,
"Ober-Mörlen, DE",Ober-Mörlen,DE,DE-HE,50.3622,8.71164,1,1,1,
"Zakynthos, GR",Zakynthos,GR,GR-F,37.7509,20.8843,1,10,10,
"Weert, NL",Weert,NL,NL-NB,51.255299,5.60139,1,4,6,
"Luckaitztal, DE",Luckaitztal,DE,DE-BR,51.672075,13.960104,1,0,1,
"Rijeka(Omišalj), HR",Rijeka(Omišalj),HR,HR-08,45.216376,14.57085,1,1,2,
"Essen, DE",Essen,DE,DE-NW,51.402302,6.93733,1,4,6,
"Enschede, NL",Enschede,NL,NL-OV,52.275833,6.889167,1,3,1,
"Punitz, AT",Punitz,AT,AT-1,47.146654,16.317058,1,3,0,
"Leeuwarden, NL",Leeuwarden,NL,NL-FR,53.22859954833984,5.760560035705566,1,4,4,
"Skiros Island, GR",Skiros Island,GR,GR-H,38.9676017761,24.4871997833,1,3,6,
"Abbeyshrule, IE",Abbeyshrule,IE,IE-LD,53.591373,-7.642947,1,0,3,
"Piteå, SE",Piteå,SE,SE-BD,65.3983,21.260799,1,0,3,
"Heppenheim, DE",Heppenheim,DE,DE-HE,49.621944,8.624444,1,2,3,
"Šiauliai, LT",Šiauliai,LT,LT-SA,55.89390182495117,23.395000457763672,1,4,2,
"Kladno, CZ",Kladno,CZ,CZ-ST,50.112801,14.0897,1,2,1,
"Madrid, ES",Madrid,ES,ES-MD,40.450661,-3.604732333333333,3,15,8,
"Drásov, CZ",Drásov,CZ,CZ-ST,49.7201,14.1006,1,8,8,
"Svatobořice, CZ",Svatobořice,CZ,CZ-JM,48.98,17.124701,1,1,2,
"Ghyvelde, FR",Ghyvelde,FR,FR-HDF,51.039559,2.549129,1,1,0,
"Montauban, FR",Montauban,FR,FR-OCC,44.0257,1.37804,1,3,2,
"Hranice, CZ",Hranice,CZ,CZ-OL,49.5461,17.704399,1,7,6,
"Le Versoud, Isère, FR","Le Versoud, Isère",FR,FR-ARA,45.218047,5.848317,1,5,11,
"Hohn, DE",Hohn,DE,DE-SH,54.312199,9.53817,1,8,2,
"Kubschütz, DE",Kubschütz,DE,DE-SN,51.193611,14.519722,1,10,8,
"Trollenhagen, DE",Trollenhagen,DE,DE-MV,53.6022,13.306,1,4,4,
"Foligno (PG), IT",Foligno (PG),IT,IT-55,42.9328,12.71237,1,4,5,
"Drachten, NL",Drachten,NL,NL-FR,53.117933,6.127324,1,1,1,
"Radom, PL",Radom,PL,PL-MZ,51.38937,21.214742,1,2,0,
"Périgueux/Bassillac, FR",Périgueux/Bassillac,FR,FR-NAQ,45.198101,0.815556,1,2,2,
"Bergerac, FR",Bergerac,FR,FR-NAQ,44.825298,0.518611,1,0,1,
"Aviano (PN), IT",Aviano (PN),IT,IT-36,46.031898,12.596503,1,6,10,
"Pécs, HU",Pécs,HU,HU-BA,45.988891,18.242044,1,1,2,
"Valladolid, ES",Valladolid,ES,ES-CL,41.7061,-4.85194,1,3,0,
"Royan/Médis, FR",Royan/Médis,FR,FR-NAQ,45.628101,-0.9725,1,1,0,
"Ammerbuch, DE",Ammerbuch,DE,DE-BW,48.547282,8.945918,1,2,1,
"Baltrum, DE",Baltrum,DE,DE-NI,53.72485,7.373257,1,1,0,
"Mnichovo Hradiště, CZ",Mnichovo Hradiště,CZ,CZ-ST,50.540199,15.0066,1,3,3,
"Agen, FR",Agen,FR,FR-NAQ,44.174171,0.59309,1,4,5,
"Calvi, FR",Calvi,FR,FR-COR,42.530422,8.792984,1,8,2,
"Flensburg, DE",Flensburg,DE,DE-SH,54.773335,9.378889,1,6,9,
"Les Hauts-de-Chée, FR",Les Hauts-de-Chée,FR,FR-GES,48.867519,5.185068,1,0,1,
"Merville, Nord, FR","Merville, Nord",FR,FR-HDF,50.618401,2.64224,1,3,2,
"Osthausen-Wülfershausen, DE",Osthausen-Wülfershausen,DE,DE-TH,50.841873,11.069934,1,3,2,
"Cahors, FR",Cahors,FR,FR-OCC,44.351398,1.47528,1,3,2,
"Helgoland, DE",Helgoland,DE,DE-SH,54.18528,7.915833,1,4,6,
"Deventer, NL",Deventer,NL,NL-GE,52.242764,6.050004,1,10,11,
"Harlesiel, DE",Harlesiel,DE,DE-NI,53.706669,7.820278,1,2,2,
"Quimper/Pluguffan, FR",Quimper/Pluguffan,FR,FR-BRE,47.973031,-4.169655,1,2,3,
"Wolfsberg, AT",Wolfsberg,AT,AT-2,46.818202,14.825154,1,0,10,
"Cervia (RA), IT",Cervia (RA),IT,IT-45,44.224201,12.3072,1,2,3,
"L'Aquila, IT",L'Aquila,IT,IT-65,42.379902,13.3092,1,0,1,
"Busevec, HR",Busevec,HR,HR-01,45.647499,16.124399,1,7,3,
"Kroměříž, CZ",Kroměříž,CZ,CZ-ZL,49.285599,17.4158,1,0,1,
"Grimbergen, BE",Grimbergen,BE,BE-VBR,50.948546,4.39181,1,5,4,
"Trier, DE",Trier,DE,DE-RP,49.976507,6.698413,1,1,0,
"Hannut, BE",Hannut,BE,BE-WLG,50.706147,5.067739,1,1,1,
"Letňany, CZ",Letňany,CZ,CZ-PR,50.131401,14.5256,1,6,5,
"Vodochody, CZ",Vodochody,CZ,CZ-ST,50.216599,14.3958,1,4,4,
"Vila Real, PT",Vila Real,PT,PT-17,41.2743,-7.72047,1,5,9,
"Arad, RO",Arad,RO,RO-AR,46.176136,21.264322,1,0,1,
"Asiago (VI), IT",Asiago (VI),IT,IT-34,45.886155,11.515861,1,4,3,
"Saint-Denis-de-l'Hôtel, Loiret, FR","Saint-Denis-de-l'Hôtel, Loiret",FR,FR-CVL,47.897758,2.164478,1,3,1,
"Zell am See, AT",Zell am See,AT,AT-5,47.291468,12.790632,1,5,2,
"Andravida, GR",Andravida,GR,GR-G,37.9207,21.292601,1,1,3,
"Borkum, DE",Borkum,DE,DE-NI,53.59639,6.709167,1,6,24,
"Hofkirchen, AT",Hofkirchen,AT,AT-4,48.13911,14.33584,1,2,2,
"Kozani, GR",Kozani,GR,GR-C,40.286098,21.840799,1,0,2,
"Ādaži, LV",Ādaži,LV,LV-011,57.098591,24.266718,1,3,3,
"Vigo, ES",Vigo,ES,ES-GA,42.2318,-8.62677,1,9,6,
"Kalamata, GR",Kalamata,GR,GR-J,37.06829833984375,22.02549934387207,1,0,1,
"Hohenems, AT",Hohenems,AT,AT-8,47.384477,9.699776,1,2,3,
"Diepholz, DE",Diepholz,DE,DE-NI,52.585556,8.342222,1,0,1,
"Faßberg, DE",Faßberg,DE,DE-NI,52.919399,10.185827,1,4,4,
"Nörvenich, DE",Nörvenich,DE,DE-NW,50.8312,6.65817,1,2,1,
"Freiburg im Breisgau, DE",Freiburg im Breisgau,DE,DE-BW,48.022778,7.8325,1,6,5,
"Bourg/Ceyzériat, FR",Bourg/Ceyzériat,FR,FR-ARA,46.200901,5.29203,1,3,3,
"Västervik, SE",Västervik,SE,SE-H,57.779999,16.5236,1,1,1,
"Dierre, Indre-et-Loire, FR","Dierre, Indre-et-Loire",FR,FR-CVL,47.339771,0.945861,1,1,3,
"Savonlinna, FI",Savonlinna,FI,FI-04,61.9431,28.945101,1,1,0,
"Amygdaleonas, GR",Amygdaleonas,GR,GR-A,40.972801,24.3414,1,3,2,
"Osnabrück, DE",Osnabrück,DE,DE-NI,52.286388,7.969722,1,7,4,
"Nové Zámky, SK",Nové Zámky,SK,SK-NJ,47.961944,18.184444,1,2,2,
"Lielvarde, LV",Lielvarde,LV,LV-067,56.778301,24.853901,1,3,4,
"Linz, AT",Linz,AT,AT-4,48.267703,14.260867000000001,2,3,2,
"Hasselt, BE",Hasselt,BE,BE-VLI,50.970375,5.375331,1,3,2,
"Spa, BE",Spa,BE,BE-WLG,50.482006,5.913434,1,1,2,
"Norderney, DE",Norderney,DE,DE-NI,53.706944,7.23,1,1,1,
"Lublin, PL",Lublin,PL,PL-LU,51.240157,22.713461,1,3,1,
"Linköping, SE",Linköping,SE,SE-E,58.4012875,15.6034605,2,3,3,
"Piastów, PL",Piastów,PL,PL-MZ,51.478901,21.110001,1,0,1,
"Ampugnano (SI), IT",Ampugnano (SI),IT,IT-52,43.256302,11.255,1,0,1,
"Nobitz, DE",Nobitz,DE,DE-TH,50.981945,12.506389,1,1,1,
"Pula, HR",Pula,HR,HR-18,44.893501,13.9222,1,2,0,
"Monflorite/Alcalá del Obispo, ES",Monflorite/Alcalá del Obispo,ES,ES-AR,42.076099,-0.316667,1,3,3,
"Storuman, SE",Storuman,SE,SE-AC,64.960899,17.6966,1,1,1,
"Gaillac, FR",Gaillac,FR,FR-OCC,43.8839,1.87556,1,0,1,
"Hünxe, DE",Hünxe,DE,DE-NW,51.616018,6.861262,1,4,5,
"Karlstad, SE",Karlstad,SE,SE-S,59.444698,13.3374,1,0,1,
"Ferrara (FE), IT",Ferrara (FE),IT,IT-45,44.801606,11.6428925,2,1,1,
"Zeven, DE",Zeven,DE,DE-NI,53.335556,9.259444,1,0,1,
"Kirchheim im Innkreis, AT",Kirchheim im Innkreis,AT,AT-4,48.21227,13.345678,1,3,0,
"Wangerooge, DE",Wangerooge,DE,DE-NI,53.782544,7.919584,1,2,1,
"Holovousy, CZ",Holovousy,CZ,CZ-KR,50.3576,15.576983,1,5,5,
"Stadtlohn, DE",Stadtlohn,DE,DE-NW,51.995834,6.840556,1,4,5,
"Pinnow, DE",Pinnow,DE,DE-MV,53.615276,11.561111,1,1,1,
"Kecskemét, HU",Kecskemét,HU,HU-BK,46.9175,19.749201,1,7,4,
"Le Touquet-Paris-Plage, FR",Le Touquet-Paris-Plage,FR,FR-HDF,50.518284,1.621656,1,1,2,
"Celle, DE",Celle,DE,DE-NI,52.591202,10.0221,1,7,6,
"Bamberg, DE",Bamberg,DE,DE-BY,49.920403,10.914233,1,2,3,
"Pori, FI",Pori,FI,FI-17,61.4617,21.799999,1,2,1,
"Inverin, IE",Inverin,IE,IE-G,53.23030090332031,-9.467780113220217,1,0,1,
"Charleville-Mézières, FR",Charleville-Mézières,FR,FR-GES,49.783901,4.64708,1,0,1,
"San Damiano (PC), IT",San Damiano (PC),IT,IT-45,44.91442,9.722318,1,0,4,
"Växjö, SE",Växjö,SE,SE-G,56.929100036621094,14.727999687194824,1,5,4,
"Neumünster, DE",Neumünster,DE,DE-SH,54.079445,9.941389,1,0,2,
"Laupheim, DE",Laupheim,DE,DE-BW,48.220299,9.91002,1,0,1,
"San Bartolomé, ES",San Bartolomé,ES,ES-CN,28.945499,-13.6052,1,3,9,
"Lappeenranta, FI",Lappeenranta,FI,FI-02,61.044601,28.144743,1,0,1,
"Juist, DE",Juist,DE,DE-NI,53.681421,7.056398,1,0,6,
"Le Castellet, Var, FR","Le Castellet, Var",FR,FR-PAC,43.252499,5.78519,1,11,13,
"Kajaani, FI",Kajaani,FI,FI-05,64.2855,27.6924,1,2,1,
"Sankt Peter-Ording, DE",Sankt Peter-Ording,DE,DE-SH,54.308887,8.686944,1,1,1,
"Esbjerg, DK",Esbjerg,DK,DK-83,55.525902,8.5534,1,5,4,
"Jagel, DE",Jagel,DE,DE-SH,54.459301,9.51633,1,2,2,
"Brasschaat, BE",Brasschaat,BE,BE-VAN,51.34259,4.503451,1,2,2,
"Nyköping, SE",Nyköping,SE,SE-D,58.789656,16.911479,1,7,10,
"Karlskoga, SE",Karlskoga,SE,SE-T,59.345901,14.4959,1,1,3,
"Wehrheim, DE",Wehrheim,DE,DE-HE,50.288334,8.533889,1,0,1,
"Portimão, PT",Portimão,PT,PT-08,37.1493,-8.58396,1,3,3,
"Nové Město nad Metují, CZ",Nové Město nad Metují,CZ,CZ-KR,50.364201,16.1136,1,1,1,
"Nannhausen, DE",Nannhausen,DE,DE-RP,49.96992,7.478357,1,0,8,
"Verviers, BE",Verviers,BE,BE-WLG,50.551099,5.853996,1,1,0,
"Vojens, DK",Vojens,DK,DK-83,55.221048,9.26702,1,2,3,
"Dijon, FR",Dijon,FR,FR-BFC,47.268902,5.09,1,3,1,
"Auch, FR",Auch,FR,FR-OCC,43.683606,0.599747,1,0,3,
"Dobersberg, AT",Dobersberg,AT,AT-3,48.922113,15.296826,1,0,1,
"Zweibrücken, DE",Zweibrücken,DE,DE-RP,49.2094,7.40056,1,6,0,
"Rakvere, EE",Rakvere,EE,EE-59,59.364032,26.35874,1,0,1,
"Tábor, CZ",Tábor,CZ,CZ-JC,49.391102,14.7083,1,0,1,
"Leźnica Wielka, PL",Leźnica Wielka,PL,PL-LD,52.004945,19.143792,1,0,1,
"Chalons en Champagne, FR",Chalons en Champagne,FR,FR-GES,48.77333,4.20611,1,0,2,
"Oskarshamn, SE",Oskarshamn,SE,SE-H,57.350498,16.497999,1,0,1,
"Les Sables-d'Olonne, FR",Les Sables-d'Olonne,FR,FR-PDL,46.476898,-1.72278,1,0,1,
"Braga, PT",Braga,PT,PT-03,41.587,-8.445189,1,0,1,
"Isola di Capo Rizzuto (KR), IT",Isola di Capo Rizzuto (KR),IT,IT-78,38.9972,17.0802,1,2,4,
"Liberec, CZ",Liberec,CZ,CZ-LI,50.767053,15.023071,1,1,3,
"Nowogródek Pomorski, PL",Nowogródek Pomorski,PL,PL-ZP,52.941164,15.029812,1,1,1,
"Istres, Bouches-du-Rhône, FR","Istres, Bouches-du-Rhône",FR,FR-PAC,43.522701,4.92384,1,1,6,
"Landivisiau, FR",Landivisiau,FR,FR-BRE,48.5303,-4.15164,1,1,0,
"Bindlach, DE",Bindlach,DE,DE-BY,49.985001,11.64,1,1,1,
"Kalmar, SE",Kalmar,SE,SE-H,56.685501,16.2876,1,3,0,
"Ottenschlag, AT",Ottenschlag,AT,AT-3,48.41856,15.215294,1,0,1,
"Rothenburg/Oberlausitz, DE",Rothenburg/Oberlausitz,DE,DE-SN,51.363335,14.95,1,1,1,
"Bielefeld, DE",Bielefeld,DE,DE-NW,51.964722,8.544444,1,3,3,
"Chaves, PT",Chaves,PT,PT-17,41.722356,-7.463064,1,0,1,
"Allendorf (Eder), DE",Allendorf (Eder),DE,DE-HE,51.035268,8.681002,1,1,0,
"Lépaud, Creuse, FR","Lépaud, Creuse",FR,FR-NAQ,46.222599,2.36396,1,0,2,
"Clos-Fontaine, FR",Clos-Fontaine,FR,FR-IDF,48.596199,3.00679,1,2,3,
"Heist, DE",Heist,DE,DE-SH,53.645477,9.703503,1,1,2,
"Rota, ES",Rota,ES,ES-AN,36.645198822,-6.34946012497,1,2,2,
"Roudnice nad Labem, CZ",Roudnice nad Labem,CZ,CZ-US,50.410186,14.22708,1,4,4,
"Gera, DE",Gera,DE,DE-TH,50.881668,12.135833,1,1,1,
"Nový Malín, CZ",Nový Malín,CZ,CZ-OL,49.960602,17.017799,1,1,1,
"Hyvinkää, FI",Hyvinkää,FI,FI-18,60.6544,24.8811,1,0,1,
"Vysoké Mýto, CZ",Vysoké Mýto,CZ,CZ-PA,49.928102,16.185029,1,1,1,
"Castelo Branco, PT",Castelo Branco,PT,PT-05,39.844528,-7.439875,1,4,9,
"Fritzlar, DE",Fritzlar,DE,DE-HE,51.1146,9.286,1,0,1,
"Trenčín, SK",Trenčín,SK,SK-TC,48.865171,18.000147,1,2,1,
"Szczecin(Glewice), PL",Szczecin(Glewice),PL,PL-ZP,53.584702,14.9022,1,0,1,
"Tartu, EE",Tartu,EE,EE-7B,58.299048,26.727110500000002,2,0,3,
"Albacete, ES",Albacete,ES,ES-CM,38.948502,-1.86352,1,2,2,
"Campo nell'Elba (LI), IT",Campo nell'Elba (LI),IT,IT-52,42.760871,10.239811,1,1,3,
"Martin, SK",Martin,SK,SK-ZI,49.0653,18.9508,1,0,2,
"Sazená, CZ",Sazená,CZ,CZ-ST,50.324699,14.2589,1,3,2,
"Burgos, ES",Burgos,ES,ES-CL,42.357601,-3.62076,1,3,3,
"Damblainville, Calvados, FR","Damblainville, Calvados",FR,FR-NOR,48.9272,-0.144722,1,0,1,
"Älmhult, SE",Älmhult,SE,SE-G,56.572514,14.16885,1,1,0,
"Cherbourg, FR",Cherbourg,FR,FR-NOR,49.650101,-1.47028,1,1,0,
"Nowy Glinnik, PL",Nowy Glinnik,PL,PL-LD,51.5844,20.097799,1,0,1,
"Neuhausen/Spree, DE",Neuhausen/Spree,DE,DE-BR,51.684723,14.423056,1,1,0,
"Kalymnos Island, GR",Kalymnos Island,GR,GR-L,36.9632987976,26.9405994415,1,1,2,
"Otvice, CZ",Otvice,CZ,CZ-US,50.468899,13.4681,1,0,1,
"Ponte de Sor, PT",Ponte de Sor,PT,PT-12,39.211545,-8.057787,1,13,9,
"San Giovanni Rotondo (FG), IT",San Giovanni Rotondo (FG),IT,IT-75,41.538443,15.717181,1,2,0,
"Großenhain, DE",Großenhain,DE,DE-SN,51.308056,13.555556,1,2,2,
"Neustadt-Glewe, DE",Neustadt-Glewe,DE,DE-MV,53.362444,11.613764,1,1,0,
"Saint-Pons, Alpes-de-Haute-Provence, FR","Saint-Pons, Alpes-de-Haute-Provence",FR,FR-PAC,44.387198,6.608831,1,2,1,
"Coimbra, PT",Coimbra,PT,PT-06,40.158758,-8.470815,1,1,1,
"Santander, ES",Santander,ES,ES-CB,43.427101,-3.82001,1,0,1,
"Bohuňovice, CZ",Bohuňovice,CZ,CZ-OL,49.670601,17.295,1,1,0,
"Viseu, PT",Viseu,PT,PT-18,40.725498,-7.88899,1,0,6,
"Bad Kissingen, DE",Bad Kissingen,DE,DE-BY,50.210556,10.068889,1,0,1,
"Limoges/Bellegarde, FR",Limoges/Bellegarde,FR,FR-NAQ,45.862801,1.17944,1,1,1,
"Goin, FR",Goin,FR,FR-GES,48.982101,6.25132,1,0,1,
"Schöngleina, DE",Schöngleina,DE,DE-TH,50.915345,11.714201,1,3,2,
"Kamień Śląski, PL",Kamień Śląski,PL,PL-OP,50.530598,18.079283,1,1,2,
"Finsterwalde, DE",Finsterwalde,DE,DE-BR,51.634641,13.67505,1,0,1,
"La Hague, FR",La Hague,FR,FR-NOR,49.622775,-1.830688,1,0,1,
"Skjern, DK",Skjern,DK,DK-82,55.990101,8.35391,1,0,2,
"Raná, CZ",Raná,CZ,CZ-US,50.4039,13.7519,1,2,1,
"Magdeburg, DE",Magdeburg,DE,DE-ST,52.073612,11.626389,1,4,3,
"Rødby, DK",Rødby,DK,DK-85,54.699447,11.438163,1,2,2,
"Argos Orestiko, GR",Argos Orestiko,GR,GR-C,40.446301,21.2822,1,0,1,
"Medlánky, CZ",Medlánky,CZ,CZ-JM,49.236698,16.555,1,1,1,
"Spišská Nová Ves, SK",Spišská Nová Ves,SK,SK-KI,48.940833,20.533889,1,0,1,
"Allstedt, DE",Allstedt,DE,DE-ST,51.380554,11.446667,1,4,6,
"České Budějovice, CZ",České Budějovice,CZ,CZ-JC,48.948171,14.42832,1,3,2,
"Péruwelz, BE",Péruwelz,BE,BE-WHT,50.531639,3.496185,1,1,0,
"Vilhelmina, SE",Vilhelmina,SE,SE-AC,64.579102,16.833599,1,1,0,
"Holzdorf, DE",Holzdorf,DE,DE-BR,51.767799,13.1677,1,1,1,
"Hof, DE",Hof,DE,DE-BY,50.288544,11.852876,1,5,1,
"Mostkovice, CZ",Mostkovice,CZ,CZ-OL,49.48739,17.05261,1,1,0,
"Souda, GR",Souda,GR,GR-M,35.531207,24.150673,1,1,1,
"Creil, FR",Creil,FR,FR-HDF,49.253502,2.51914,1,0,13,
"Žamberk, CZ",Žamberk,CZ,CZ-PA,50.0839,16.443899,1,0,1,
"Toruń, PL",Toruń,PL,PL-KP,53.029202,18.5459,1,0,2,
"Białystok, PL",Białystok,PL,PL-PD,53.101398,23.170601,1,1,1,
"Frýdlant, CZ",Frýdlant,CZ,CZ-MO,49.589401,18.3792,1,0,1,
"Toužim, CZ",Toužim,CZ,CZ-KA,50.086399,12.9528,1,2,2,
"Keila, EE",Keila,EE,EE-37,59.259599,24.204799,1,1,1,
"Prešov, SK",Prešov,SK,SK-PV,49.02970123291,21.315599441528,1,0,1,
"Karlovy Vary, CZ",Karlovy Vary,CZ,CZ-KA,50.202999,12.915,1,1,3,
"Mikkeli, FI",Mikkeli,FI,FI-04,61.6866,27.201799,1,0,1,
"Wittmund, DE",Wittmund,DE,DE-NI,53.547798,7.66733,1,0,2,
"Plasy, CZ",Plasy,CZ,CZ-PL,49.9203,13.3769,1,1,1,
"Graben, DE",Graben,DE,DE-BY,48.185504,10.8612,1,2,3,
"Syros Island, GR",Syros Island,GR,GR-L,37.4227981567,24.9508991241,1,0,3,
"Szczecin, PL",Szczecin,PL,PL-ZP,53.390659,14.632774,1,0,4,
"Aurillac, FR",Aurillac,FR,FR-ARA,44.891399,2.42194,1,1,0,
"Sofia, BG",Sofia,BG,BG-22,42.696357,23.417671,1,1,0,
"Bangor, FR",Bangor,FR,FR-BRE,47.325256,-3.201255,1,0,1,
"Birr, IE",Birr,IE,IE-OY,53.070599,-7.897468,1,1,0,
"Stralsund, DE",Stralsund,DE,DE-MV,54.335835,13.043333,1,0,2,
"Härslöv, SE",Härslöv,SE,SE-M,55.946124,12.870001,1,0,2,
"Belluno (BL), IT",Belluno (BL),IT,IT-34,46.166549,12.250389,1,0,5,
"Tornesch, DE",Tornesch,DE,DE-SH,53.70031,9.742119,1,1,0,
"Nordhausen, DE",Nordhausen,DE,DE-TH,51.493475,10.837562,1,0,1,
"Havlíčkův Brod, CZ",Havlíčkův Brod,CZ,CZ-VY,49.597198,15.5492,1,1,0,
"Grafenwöhr, DE",Grafenwöhr,DE,DE-BY,49.6987,11.9402,1,1,1,
"Akrotiri, CY",Akrotiri,CY,CY-XX,34.590401,32.9879,1,0,4,
"Prelošćica, HR",Prelošćica,HR,HR-03,45.465556,16.486389,1,0,1,
"Osijek, HR",Osijek,HR,HR-14,45.542778,18.631944,1,0,1,
"Zwickau, DE",Zwickau,DE,DE-SN,50.701668,12.453889,1,0,2,
"Česká Lípa, CZ",Česká Lípa,CZ,CZ-LI,50.7094,14.5667,1,1,2,
"Jaroměř, CZ",Jaroměř,CZ,CZ-KR,50.331402,15.9539,1,1,0,
"Köthen (Anhalt), DE",Köthen (Anhalt),DE,DE-ST,51.723745,11.948826,1,1,0,
"Dessau-Roßlau, DE",Dessau-Roßlau,DE,DE-ST,51.8318,12.184011,1,4,4,
"Pirna, DE",Pirna,DE,DE-SN,50.979603,13.908445,1,2,2,
"Terni, IT",Terni,IT,IT-55,42.573333,12.584444,1,4,1,
"Kuchyňa, SK",Kuchyňa,SK,SK-BL,48.402,17.118401,1,2,2,
"Alingsås, SE",Alingsås,SE,SE-Q,57.948888,12.575827,1,1,1,
"Eberswalde, DE",Eberswalde,DE,DE-BR,52.826313,13.701324,1,1,1,
"Vlašim, CZ",Vlašim,CZ,CZ-ST,49.728901,14.8789,1,0,1,
"Tomblaine, Meurthe-et-Moselle, FR","Tomblaine, Meurthe-et-Moselle",FR,FR-GES,48.692101,6.23046,1,4,0,
"Piešťany, SK",Piešťany,SK,SK-TA,48.62519836425781,17.828399658203125,1,1,4,
"Riesa, DE",Riesa,DE,DE-SN,51.29361,13.356111,1,1,1,
"Mora, PT",Mora,PT,PT-07,38.993532,-8.14201,1,1,0,
"Margny-lès-Compiègne, FR",Margny-lès-Compiègne,FR,FR-HDF,49.431242,2.801514,1,1,0,
"Les Allues, FR",Les Allues,FR,FR-ARA,45.407505,6.577597,1,4,7,
"Thiene (VI), IT",Thiene (VI),IT,IT-34,45.67783,11.496306,1,1,2,
"Mora, SE",Mora,SE,SE-W,60.957901,14.5114,1,1,0,
"Großrückerswalde, DE",Großrückerswalde,DE,DE-SN,50.644169,13.126389,1,0,1,
"Megève, FR",Megève,FR,FR-ARA,45.823005,6.649406,1,2,1,
"Astypalaia Island, GR",Astypalaia Island,GR,GR-L,36.5798988342,26.3757991791,1,1,0,
"Codroipo (UD), IT",Codroipo (UD),IT,IT-36,45.978699,13.0493,1,1,1,
"Babięta, PL",Babięta,PL,PL-WN,53.667905,21.255426,1,0,1,
"Vercelli (VC), IT",Vercelli (VC),IT,IT-21,45.311111,8.4175,1,1,0,
"Montdidier, FR",Montdidier,FR,FR-HDF,49.672118,2.567811,1,0,1,
"Husum, DE",Husum,DE,DE-SH,54.5099983215,9.13833332062,1,1,1,
"Bréville-sur-Mer, Manche, FR","Bréville-sur-Mer, Manche",FR,FR-NOR,48.883099,-1.56417,1,0,1,
"Hlboké, SK",Hlboké,SK,SK-TA,48.657927,17.329459,1,0,1,
"Città di Castello (PG), IT",Città di Castello (PG),IT,IT-55,43.354901,12.21807,1,1,1,
"Płock, PL",Płock,PL,PL-MZ,52.562225,19.720322,1,0,1,
"Hondarribia, ES",Hondarribia,ES,ES-PV,43.356499,-1.79061,1,1,0,
"Limerick, IE",Limerick,IE,IE-LK,52.6665,-8.68183,1,0,2,
"Pantelleria (TP), IT",Pantelleria (TP),IT,IT-82,36.816502,11.9689,1,0,1,
"Cisnădie, RO",Cisnădie,RO,RO-SB,45.737222,24.165278,1,0,1,
"Graulhet/Montdragon, FR",Graulhet/Montdragon,FR,FR-OCC,43.771099,2.01083,1,1,0,
"Mariazell, AT",Mariazell,AT,AT-6,47.789733,15.300333,1,0,1,
"Enontekio, FI",Enontekio,FI,FI-10,68.362602233887,23.424299240112,1,0,1,
"Île d'Yeu, FR",Île d'Yeu,FR,FR-PDL,46.717641,-2.392544,1,0,1,
"Saint-Bon, FR",Saint-Bon,FR,FR-ARA,45.397531,6.63498,1,1,2,
"Santarém, PT",Santarém,PT,PT-14,39.209495,-8.68728,1,2,1,
"Lannion, FR",Lannion,FR,FR-BRE,48.754398,-3.47166,1,1,2,
"Krnov, CZ",Krnov,CZ,CZ-MO,50.074407,17.695219,1,1,0,
"Cascina Moncucco (TO), IT",Cascina Moncucco (TO),IT,IT-21,45.344613,7.919072,1,1,0,
"Lleida, ES",Lleida,ES,ES-CT,41.728185,0.535023,1,1,0,
"Wola Korzeniecka, PL",Wola Korzeniecka,PL,PL-PK,49.657501,22.514298,1,0,1,
"Bilbao, ES",Bilbao,ES,ES-PV,43.301102,-2.91061,1,0,2,
"Megara, GR",Megara,GR,GR-I,37.981098,23.3654,1,1,0,
"Frosinone, IT",Frosinone,IT,IT-62,41.648537,13.294573,1,1,1,
"Burg bei Magdeburg, DE",Burg bei Magdeburg,DE,DE-ST,52.241772,11.85619,1,1,0,
"Bantry, IE",Bantry,IE,IE-CO,51.6772,-9.487123,1,0,1,
"Olbia (SS), IT",Olbia (SS),IT,IT-88,40.898953,9.518457,1,3,3,
"Dúbrava, SK",Dúbrava,SK,SK-ZI,49.047939,19.506791,1,0,1,
