id,name,iso_country,iso_region,latitude,longitude,airports,airports_count,out_flights_number,in_flights_number,traffic,nut3_code,node_degree
"Alava, ES",Alava,ES,ES-PV,42.882801,-2.72447,LEVT,1,,,36,ES11,36
"Örebro, SE",Örebro,SE,SE-T,59.22370147705078,15.038000106811523,ESOE,1,,,37,SE124,37
"Thessaloniki, GR",Thessaloniki,GR,GR-B,40.51928,22.970009,LGTS,1,,,640,EL52,640
"Kuopio / Siilinjärvi, FI",Kuopio / Siilinjärvi,FI,FI-15,63.007099,27.7978,EFKU,1,,,70,FI1DB,70
"Kidlington, Oxfordshire, GB","Kidlington, Oxfordshire",GB,GB-ENG,51.836899,-1.32,EGTK,1,,,69,,69
"Zgornji Brnik, SI",Zgornji Brnik,SI,SI-012,46.223701,14.4576,LJLJ,1,,,224,SI042,224
"Lincoln, Lincolnshire, GB","Lincoln, Lincolnshire",GB,GB-ENG,53.191966,-0.34651566666666667,"EGNW, EGXC, EGXW",3,,,11,,11
"Boos, FR",Boos,FR,FR-NOR,49.384887,1.179142,LFOP,1,,,3,FRD22,3
"Wevelgem, BE",Wevelgem,BE,BE-VWV,50.818878,3.209551,EBKT,1,,,40,BE254,40
"Antwerp, BE",Antwerp,BE,BE-VAN,51.190667,4.463153,EBAW,1,,,102,BE211,102
"Erfurt, DE",Erfurt,DE,DE-TH,50.978281,10.960713,EDDE,1,,,14,DEE0,14
"Szymany, PL",Szymany,PL,PL-WN,53.481899,20.9377,EPSY,1,,,17,PL62,17
"Turku, FI",Turku,FI,FI-19,60.514099,22.2628,EFTU,1,,,48,FI1C1,48
"Łódź, PL",Łódź,PL,PL-LD,51.721901,19.3981,EPLL,1,,,54,PL71,54
"Zaragoza, ES",Zaragoza,ES,ES-AR,41.666199,-1.04155,LEZG,1,,,105,ES24,105
"Edremit, TR",Edremit,TR,TR-10,39.552533,27.010192,LTFD,1,,,19,TR221,19
"Manching, DE",Manching,DE,DE-BY,48.7156982421875,11.534000396728516,ETSI,1,,,18,DE21,18
"Castres, FR",Castres,FR,FR-OCC,43.556301,2.28918,LFCK,1,,,22,FRJ27,22
"Bolzano (BZ), IT",Bolzano (BZ),IT,IT-32,46.459245,11.326125,LIPB,1,,,62,ITC1,62
"Memmingen, DE",Memmingen,DE,DE-BY,47.988092,10.238248,EDJA,1,,,158,DE27,158
"Tarbes/Lourdes/Pyrénées, FR",Tarbes/Lourdes/Pyrénées,FR,FR-OCC,43.178699,-0.006439,LFBT,1,,,41,FRJ26,41
"Kefallinia Island, GR",Kefallinia Island,GR,GR-F,38.12009811401367,20.500499725341797,LGKF,1,,,7,EL62,7
"Friedrichshafen, DE",Friedrichshafen,DE,DE-BW,47.671299,9.51149,EDNY,1,,,102,DE14,102
"Skellefteå, SE",Skellefteå,SE,SE-AC,64.62480163574219,21.076900482177734,ESNS,1,,,55,SE331,55
"Ampugnano (SI), IT",Ampugnano (SI),IT,IT-52,43.256302,11.255,LIQS,1,,,7,ITI1,7
"Siljansnäs, SE",Siljansnäs,SE,SE-W,60.785099,14.8272,ESVS,1,,,7,SE312,7
"Esbjerg, DK",Esbjerg,DK,DK-83,55.525902,8.5534,EKEB,1,,,8,DK032,8
"Szczecin(Glewice), PL",Szczecin(Glewice),PL,PL-ZP,53.584702,14.9022,EPSC,1,,,17,PL42,17
"Rota, ES",Rota,ES,ES-AN,36.645198822,-6.34946012497,LERT,1,,,10,ES21,10
"Akrotiri, CY",Akrotiri,CY,CY-XX,34.590401,32.9879,LCRA,1,,,33,CY000,33
"Málaga, ES",Málaga,ES,ES-AN,36.6749,-4.49911,LEMG,1,,,2346,ES42,2346
"Paris, FR",Paris,FR,FR-HDF,49.3032125,2.247938,"LFAT, LFPB, LFPG, LFPO",4,,,7900,FR101,7900
"Dole, FR",Dole,FR,FR-BFC,47.038955,5.427589,LFGJ,1,,,11,FR102,11
"Loreo (RO), IT",Loreo (RO),IT,IT-34,45.08608,12.161455,LIDC,1,,,4,ITH3,4
"Groningen, NL",Groningen,NL,NL-DR,53.119107,6.577652,EHGG,1,,,44,NL115,44
"Klagenfurt am Wörthersee, AT",Klagenfurt am Wörthersee,AT,AT-2,46.642502,14.3377,LOWK,1,,,11,AT21,11
"Girona, ES",Girona,ES,ES-CT,41.904639,2.761774,LEGE,1,,,42,ES51,42
"Toulouse/Blagnac, FR",Toulouse/Blagnac,FR,FR-OCC,43.629101,1.36382,LFBO,1,,,1028,FRC22,1028
"Parma (PR), IT",Parma (PR),IT,IT-45,44.826351,10.29705,LIMP,1,,,15,ITH5,15
"Greven, DE",Greven,DE,DE-NW,52.133816,7.688482,EDDG,1,,,126,DE80,126
"Marignane, Bouches-du-Rhône, FR","Marignane, Bouches-du-Rhône",FR,FR-PAC,43.438088,5.2125,LFML,1,,,1054,FRL04,1054
"Farnborough, Hampshire, GB","Farnborough, Hampshire",GB,GB-ENG,51.275799,-0.776333,EGLF,1,,,315,,315
"Sečovlje, SI",Sečovlje,SI,SI-090,45.47201,13.615951,LJPZ,1,,,14,SI044,14
"Orio al Serio (BG), IT",Orio al Serio (BG),IT,IT-25,45.669362,9.708851,LIME,1,,,1120,ITC1,1120
"Rimini (RN), IT",Rimini (RN),IT,IT-45,44.020024,12.612198,LIPR,1,,,11,ITH5,11
"Hyères, Var, FR","Hyères, Var",FR,FR-PAC,43.097301,6.14603,LFTH,1,,,25,FRL05,25
"Karmøy, NO",Karmøy,NO,NO-11,59.345299,5.20836,ENHD,1,,,28,NO0A1,28
"Eindhoven, NL",Eindhoven,NL,NL-NB,51.4500999451,5.37452983856,EHEH,1,,,490,NL414,490
"Nice, Alpes-Maritimes, FR","Nice, Alpes-Maritimes",FR,FR-PAC,43.658401,7.21587,LFMN,1,,,634,FR102,634
"Ängelholm, SE",Ängelholm,SE,SE-M,56.29610061645508,12.847100257873535,ESTA,1,,,60,SE224,60
"Saint-Léger-sur-Roanne, FR",Saint-Léger-sur-Roanne,FR,FR-ARA,46.053818,3.999023,LFLO,1,,,1,FRK25,1
"Locarno, CH",Locarno,CH,CH-TI,46.160801,8.87861,LSZL,1,,,7,CH070,7
"Çorlu, TR",Çorlu,TR,TR-59,41.138199,27.9191,LTBU,1,,,1,TR211,1
"Norwich, Norfolk, GB","Norwich, Norfolk",GB,GB-ENG,52.6758,1.28278,EGSH,1,,,91,,91
"Turweston, GB",Turweston,GB,GB-ENG,52.040798,-1.09556,EGBT,1,,,5,,5
"London, GB",London,GB,GB-ENG,51.50920626285,-0.042626875149012505,"EGKB, EGKK, EGLC, EGLL, EGML, EGSG, EGSS, EGWU",8,,,11702,,11702
"San Javier, ES",San Javier,ES,ES-MC,37.775002,-0.812389,LELC,1,,,13,ES22,13
"Burbach, DE",Burbach,DE,DE-NW,50.707699,8.08297,EDGS,1,,,5,DEB2,5
"Rørvik, NO",Rørvik,NO,NO-50,64.838302612305,11.14610004425,ENRM,1,,,7,NO082,7
"Nowy Dwór Mazowiecki, PL",Nowy Dwór Mazowiecki,PL,PL-MZ,52.451099,20.6518,EPMO,1,,,239,PL91,239
"Bydgoszcz, PL",Bydgoszcz,PL,PL-KP,53.096802,17.977699,EPBY,1,,,51,PL61,51
"Edinburgh, GB",Edinburgh,GB,GB-SCT,55.950145,-3.372288,EGPH,1,,,1666,,1666
"Grenoble, FR",Grenoble,FR,FR-ARA,45.3629,5.32937,LFLS,1,,,238,FRK24,238
"Büren, DE",Büren,DE,DE-NW,51.612527,8.617459,EDLP,1,,,40,DE94,40
"Dortmund, DE",Dortmund,DE,DE-NW,51.518299,7.61224,EDLW,1,,,148,DEA5,148
"Farranfore, IE",Farranfore,IE,IE-KY,52.180901,-9.52378,EIKY,1,,,66,IE053,66
"El Matorral, ES",El Matorral,ES,ES-CN,28.4527,-13.8638,GCFV,1,,,20,ES70,20
"Katowice, PL",Katowice,PL,PL-SL,50.476015,19.080705,EPKT,1,,,407,PL22,407
"Bratislava, SK",Bratislava,SK,SK-BL,48.1702,17.2127,LZIB,1,,,296,SK010,296
"Limnos Island, GR",Limnos Island,GR,GR-K,39.917098999,25.236299514799995,LGLM,1,,,32,EL41,32
"Velika Gorica, HR",Velika Gorica,HR,HR-01,45.742901,16.0688,LDZA,1,,,323,HR065,323
"Melilla, ES",Melilla,ES,ES-ML,35.2798,-2.95626,GEML,1,,,83,ES11,83
"Timişoara, RO",Timişoara,RO,RO-TM,45.809898,21.3379,LRTR,1,,,93,RO424,93
"Nantes, FR",Nantes,FR,FR-PDL,47.153198,-1.61073,LFRS,1,,,671,FR102,671
"Oulu / Oulunsalo, FI",Oulu / Oulunsalo,FI,FI-14,64.930099,25.354601,EFOU,1,,,108,FI1D9,108
"Copenhagen, DK",Copenhagen,DK,DK-84,55.617900848389,12.656000137329,EKCH,1,,,3690,DK011,3690
"Larnaca, CY",Larnaca,CY,CY-04,34.875099,33.624901,LCLK,1,,,493,CY000,493
"Capua, IT",Capua,IT,IT-72,41.116001,14.178,LIAU,1,,,11,ITF3,11
"Zirchow, DE",Zirchow,DE,DE-MV,53.8787,14.1523,EDAH,1,,,3,DE80,3
"Bristol, GB",Bristol,GB,GB-ENG,51.382326,-2.716453,EGGD,1,,,1016,,1016
"Foggia (FG), IT",Foggia (FG),IT,IT-75,41.433596,15.534566,LIBF,1,,,22,ITF4,22
"Sandefjord(Torp), NO",Sandefjord(Torp),NO,NO-39,59.186699,10.2586,ENTO,1,,,246,NO092,246
"Kiruna, SE",Kiruna,SE,SE-BD,67.821999,20.3368,ESNQ,1,,,16,SE332,16
"Luleå, SE",Luleå,SE,SE-BD,65.5438,22.122,ESPA,1,,,160,SE332,160
"Trabzon, TR",Trabzon,TR,TR-61,40.995098,39.7897,LTCG,1,,,179,TR901,179
"Jasionka, PL",Jasionka,PL,PL-PK,50.109791,22.024155,EPRZ,1,,,144,PL82,144
"Rome, IT",Rome,IT,IT-62,41.8016505,12.423664500000001,"LIRA, LIRF",2,,,3653,ITC1,3653
"Schkeuditz, DE",Schkeuditz,DE,DE-SN,51.420657,12.232705,EDDP,1,,,752,DED5,752
"Vilnius, LT",Vilnius,LT,LT-VL,54.634102,25.285801,EYVI,1,,,538,LT011,538
"Glasgow, GB",Glasgow,GB,GB-SCT,55.871899,-4.43306,EGPF,1,,,866,,866
"Calden, DE",Calden,DE,DE-HE,51.418395,9.391638,EDVK,1,,,14,DE73,14
"Wiener Neustadt, AT",Wiener Neustadt,AT,AT-3,47.8401165,16.2409685,"LOAN, LOXN",2,,,12,AT12,12
"Norrköping, SE",Norrköping,SE,SE-E,58.586299896240234,16.250600814819336,ESSP,1,,,3,SE123,3
"Barrow-in-Furness, GB",Barrow-in-Furness,GB,GB-ENG,54.1286111,-3.2675,EGNL,1,,,27,,27
"Nottingham, Leicestershire, GB","Nottingham, Leicestershire",GB,GB-ENG,52.8311,-1.32806,EGNX,1,,,468,,468
"Hamburg, DE",Hamburg,DE,DE-HH,53.58284016015625,9.91189301513672,"EDDH, EDHI",2,,,1455,DE60,1455
"Funchal, PT",Funchal,PT,PT-30,32.697812,-16.774613,LPMA,1,,,539,PT300,539
"Vienna, AT",Vienna,AT,AT-9,48.110298,16.5697,LOWW,1,,,2502,AT13,2502
"Chambéry, FR",Chambéry,FR,FR-ARA,45.6381,5.88023,LFLB,1,,,250,FRK27,250
"Badajoz, ES",Badajoz,ES,ES-EX,38.8913,-6.82133,LEBZ,1,,,17,ES43,17
"Trondheim, NO",Trondheim,NO,NO-50,63.457802,10.924,ENVA,1,,,672,NO060,672
"Paphos, CY",Paphos,CY,CY-06,34.717999,32.485699,LCPH,1,,,110,CY000,110
"Oslo (Gardermoen), NO",Oslo (Gardermoen),NO,NO-32,60.193901,11.1004,ENGM,1,,,2560,NO081,2560
"Dresden, DE",Dresden,DE,DE-SN,51.134123,13.767831,EDDC,1,,,141,DED2,141
"Luxembourg, LU",Luxembourg,LU,LU-L,49.626845,6.212134,ELLX,1,,,893,LU000,893
"Kokkola / Kruunupyy, FI",Kokkola / Kruunupyy,FI,FI-07,63.721199,23.143101,EFKK,1,,,22,FI1D5,22
"Wrocław, PL",Wrocław,PL,PL-DS,51.103719,16.882096,EPWR,1,,,522,PL51,522
"Aberdeen, GB",Aberdeen,GB,GB-SCT,57.2019,-2.19778,EGPD,1,,,445,,445
"Jyväskylän Maalaiskunta, FI",Jyväskylän Maalaiskunta,FI,FI-08,62.399502,25.678301,EFJY,1,,,33,FI1D5,33
"Jerez de la Frontera, ES",Jerez de la Frontera,ES,ES-AN,36.744598,-6.06011,LEJR,1,,,64,ES61,64
"Arvidsjaur, SE",Arvidsjaur,SE,SE-BD,65.59030151367188,19.28190040588379,ESNX,1,,,40,SE332,40
"Busevec, HR",Busevec,HR,HR-01,45.647499,16.124399,LDZB,1,,,27,HR065,27
"Warsaw, PL",Warsaw,PL,PL-MZ,52.217449,20.9371515,"EPBC, EPWA",2,,,2554,PL91,2554
"Agno, CH",Agno,CH,CH-TI,46.004299,8.91058,LSZA,1,,,26,CH011,26
"Montpellier/Méditerranée, FR",Montpellier/Méditerranée,FR,FR-OCC,43.576199,3.96301,LFMT,1,,,165,FRI32,165
"Bournemouth, GB",Bournemouth,GB,GB-ENG,50.780483,-1.839576,EGHH,1,,,83,,83
"Alicante, ES",Alicante,ES,ES-VC,38.2822,-0.558156,LEAL,1,,,1795,ES22,1795
"Almería, ES",Almería,ES,ES-AN,36.843899,-2.3701,LEAM,1,,,122,ES61,122
"Istanbul, TR",Istanbul,TR,TR-34,41.048463,28.955016666666666,"LTBA, LTFJ, LTFM",3,,,4853,TR100,4853
"Angelsey, GB",Angelsey,GB,GB-WLS,53.2481,-4.53534,EGOV,1,,,3,,3
"Beauvais, FR",Beauvais,FR,FR-HDF,49.454399,2.11278,LFOB,1,,,347,FRE22,347
"Prague, CZ",Prague,CZ,CZ-PR,50.100874,14.259911,LKPR,1,,,1670,CZ010,1670
"Røros, NO",Røros,NO,NO-50,62.578399658203,11.342300415039,ENRO,1,,,11,NO060,11
"L'Hôpital-le-Mercier, Saône-et-Loire, FR","L'Hôpital-le-Mercier, Saône-et-Loire",FR,FR-BFC,46.414019,4.014177,LFLN,1,,,14,FRC13,14
"Bologna, IT",Bologna,IT,IT-45,44.5354,11.2887,LIPE,1,,,887,ITF1,887
"Tallinn, EE",Tallinn,EE,EE-37,59.413246,24.83264,EETN,1,,,466,EE001,466
"Zaventem, BE",Zaventem,BE,BE-VBR,50.901402,4.48444,EBBR,1,,,1293,BE241,1293
"Forlì (FC), IT",Forlì (FC),IT,IT-45,44.194801,12.0701,LIPK,1,,,14,ITF2,14
"Luton, Luton, GB","Luton, Luton",GB,GB-ENG,51.874699,-0.368333,EGGW,1,,,1549,,1549
"Saint-Jacques-de-la-Lande, Ille-et-Vilaine, FR","Saint-Jacques-de-la-Lande, Ille-et-Vilaine",FR,FR-BRE,48.0695,-1.73479,LFRN,1,,,143,FRH03,143
"Saarbrücken, DE",Saarbrücken,DE,DE-SL,49.217562,7.111667,EDDR,1,,,27,DEC0,27
"Joensuu, FI",Joensuu,FI,FI-13,62.658815,29.619398,EFJO,1,,,5,FI1DC,5
"Amsterdam, NL",Amsterdam,NL,NL-NH,52.308601,4.76389,EHAM,1,,,5919,NL32B,5919
"Treviso (TV), IT",Treviso (TV),IT,IT-34,45.648399,12.1944,LIPH,1,,,105,ITC4,105
"Palanga, LT",Palanga,LT,LT-KL,55.973202,21.093901,EYPA,1,,,60,LT023,60
"Gran Canaria Island, ES",Gran Canaria Island,ES,ES-CN,27.8571995,-15.4469,"GCLB, GCLP",2,,,56,ES70,56
"Napoli, IT",Napoli,IT,IT-72,40.886002,14.2908,LIRN,1,,,139,ITF3,139
"Brno, CZ",Brno,CZ,CZ-JM,49.151276,16.693972,LKTB,1,,,54,CZ064,54
"Carterton, Oxfordshire, GB","Carterton, Oxfordshire",GB,GB-ENG,51.75,-1.58362,EGVN,1,,,39,,39
"Ronneby, SE",Ronneby,SE,SE-K,56.266701,15.265,ESDF,1,,,48,SE221,48
"Béziers, FR",Béziers,FR,FR-OCC,43.323502,3.3539,LFMU,1,,,3,FRJ13,3
"Poznań, PL",Poznań,PL,PL-WP,52.421598,16.823359,EPPO,1,,,354,PL41,354
"Lamezia Terme (CZ), IT",Lamezia Terme (CZ),IT,IT-78,38.906214,16.246007,LICA,1,,,297,ITF6,297
"Saint-Nazaire/Montoir, FR",Saint-Nazaire/Montoir,FR,FR-PDL,47.31142,-2.152634,LFRZ,1,,,30,FRE12,30
"Land's End, Cornwall, GB","Land's End, Cornwall",GB,GB-ENG,50.102798,-5.67056,EGHC,1,,,1,,1
"Samsun, TR",Samsun,TR,TR-55,41.253988,36.567546,LTFH,1,,,6,TR831,6
"Maastricht, NL",Maastricht,NL,NL-LI,50.911087,5.769401,EHBK,1,,,40,NL423,40
"Woking, Surrey, GB","Woking, Surrey",GB,GB-ENG,51.348099,-0.558889,EGTF,1,,,22,,22
"Aalborg, DK",Aalborg,DK,DK-81,57.094763,9.84993,EKYT,1,,,270,DK050,270
"Annecy, FR",Annecy,FR,FR-ARA,45.928947,6.0987,LFLP,1,,,54,FR104,54
"Donegal, IE",Donegal,IE,IE-DL,55.0442008972168,-8.340999603271484,EIDL,1,,,10,IE041,10
"Lesquin, FR",Lesquin,FR,FR-HDF,50.566564,3.102429,LFQQ,1,,,103,FRD11,103
"Bodrum, TR",Bodrum,TR,TR-48,37.194706499999995,27.6668555,"LTBV, LTFE",2,,,69,TR323,69
"Uherské Hradiště, CZ",Uherské Hradiště,CZ,CZ-ZL,49.0294,17.439699,LKKU,1,,,6,CZ072,6
"Granada, ES",Granada,ES,ES-AN,37.188702,-3.77736,LEGR,1,,,21,ES11,21
"Valencia, ES",Valencia,ES,ES-VC,39.489162,-0.480961,LEVC,1,,,624,ES41,624
"Colombier-Saugnieu, Rhône, FR","Colombier-Saugnieu, Rhône",FR,FR-ARA,45.725996,5.090139,LFLL,1,,,1185,FRK26,1185
"Wurster Nordseeküste, DE",Wurster Nordseeküste,DE,DE-NI,53.767689,8.659201,ETMN,1,,,4,DE93,4
"Ravenna (RA), IT",Ravenna (RA),IT,IT-45,44.364291,12.224996,LIDR,1,,,3,ITH5,3
"Rheinmünster, DE",Rheinmünster,DE,DE-BW,48.7794,8.0805,EDSB,1,,,83,DE12,83
"Strasbourg, FR",Strasbourg,FR,FR-GES,48.5383,7.62823,LFST,1,,,133,FRF11,133
"Ordu, TR",Ordu,TR,TR-52,40.966872,38.085995,LTCB,1,,,43,TR902,43
"Stockholm / Västerås, SE",Stockholm / Västerås,SE,SE-U,59.589401,16.6336,ESOW,1,,,15,SE110,15
"Hradec Králové, CZ",Hradec Králové,CZ,CZ-KR,50.253201,15.8452,LKHK,1,,,6,CZ052,6
"Frankfurt am Main (Lautzenhausen), DE",Frankfurt am Main (Lautzenhausen),DE,DE-RP,49.946353,7.261734,EDFH,1,,,126,DE71,126
"Bodø, NO",Bodø,NO,NO-18,67.269203,14.3653,ENBO,1,,,286,NO071,286
"Leirvik, NO",Leirvik,NO,NO-46,59.791901,5.34085,ENSO,1,,,28,NO0A2,28
"Visby, SE",Visby,SE,SE-I,57.6628,18.346201,ESSV,1,,,20,SE214,20
"Villanova d'Albenga (SV), IT",Villanova d'Albenga (SV),IT,IT-42,44.050598,8.12743,LIMG,1,,,6,ITC1,6
"Munich, DE",Munich,DE,DE-BY,48.353802,11.7861,EDDM,1,,,3816,DE21,3816
"Nîmes/Garons, FR",Nîmes/Garons,FR,FR-OCC,43.757401,4.41635,LFTW,1,,,36,FRJ12,36
"Erzurum, TR",Erzurum,TR,TR-25,39.956501,41.1702,LTCE,1,,,1,TRA11,1
"Helsinki (Vantaa), FI",Helsinki (Vantaa),FI,FI-18,60.318363,24.963341,EFHK,1,,,1856,FI1B1,1856
"Alexandroupolis, GR",Alexandroupolis,GR,GR-A,40.8559,25.956301,LGAL,1,,,53,EL,53
"Augsburg, DE",Augsburg,DE,DE-BY,48.425278,10.931667,EDMA,1,,,53,DE27,53
"Warton, GB",Warton,GB,GB-ENG,53.745098,-2.88306,EGNO,1,,,21,,21
"Pau/Pyrénées (Uzein), FR",Pau/Pyrénées (Uzein),FR,FR-NAQ,43.380001,-0.418611,LFBP,1,,,84,FRB03,84
"Nyköping, SE",Nyköping,SE,SE-D,58.789656,16.911479,ESKN,1,,,19,SE122,19
"Pisa (PI), IT",Pisa (PI),IT,IT-52,43.683899,10.3927,LIRP,1,,,313,ITC1,313
"Cork, IE",Cork,IE,IE-CO,51.841301,-8.49111,EICK,1,,,326,IE053,326
"Zurich, CH",Zurich,CH,CH-ZH,47.458056,8.548056,LSZH,1,,,3262,CH040,3262
"Cascais, PT",Cascais,PT,PT-11,38.724998,-9.35523,LPCS,1,,,69,PT1A0,69
"Camberley, Surrey, GB","Camberley, Surrey",GB,GB-ENG,51.323898,-0.8475,EGLK,1,,,7,,7
"Culleredo, ES",Culleredo,ES,ES-GA,43.302101,-8.37726,LECO,1,,,183,ES11,183
"Egelsbach, DE",Egelsbach,DE,DE-HE,49.96,8.643043,EDFE,1,,,21,DE11,21
"Venegono Superiore (VA), IT",Venegono Superiore (VA),IT,IT-25,45.742199,8.888233,LILN,1,,,5,ITC4,5
"Stockholm, SE",Stockholm,SE,SE-AB,59.5014455,17.935264500000002,"ESSA, ESSB",2,,,2699,SE110,2699
"Comiso, IT",Comiso,IT,IT-82,36.99583,14.60889,LICB,1,,,46,ITG1,46
"Kithira Island, GR",Kithira Island,GR,GR-I,36.273978,23.016719,LGKC,1,,,1,EL30,1
"Mannheim, DE",Mannheim,DE,DE-BW,49.473057,8.514167,EDFM,1,,,42,DE12,42
"Le Mans, Sarthe, FR","Le Mans, Sarthe",FR,FR-PDL,47.948604,0.201702,LFRM,1,,,10,FRG04,10
"Charleroi, BE",Charleroi,BE,BE-WHT,50.461963,4.459562,EBCI,1,,,817,BE32B,817
"Hörselberg-Hainich, DE",Hörselberg-Hainich,DE,DE-TH,50.991604,10.47973,EDGE,1,,,2,DEG0,2
"Samos Island, GR",Samos Island,GR,GR-K,37.689999,26.911699,LGSM,1,,,12,EL41,12
"Liverpool, GB",Liverpool,GB,GB-ENG,53.334863,-2.849637,EGGP,1,,,519,,519
"Roskilde, DK",Roskilde,DK,DK-85,55.585602,12.1314,EKRK,1,,,87,DK021,87
"Southampton, GB",Southampton,GB,GB-ENG,50.950298,-1.3568,EGHI,1,,,227,,227
"Aarhus, DK",Aarhus,DK,DK-82,56.303331,10.618286,EKAH,1,,,38,DK042,38
"Vigo, ES",Vigo,ES,ES-GA,42.2318,-8.62677,LEVX,1,,,75,ES11,75
"Broughton, GB",Broughton,GB,GB-WLS,53.178101,-2.97778,EGNR,1,,,43,,43
"Bacău, RO",Bacău,RO,RO-BC,46.5219,26.910299,LRBC,1,,,28,RO211,28
"Odense, DK",Odense,DK,DK-83,55.475307,10.327206,EKOD,1,,,5,DK031,5
"Cambridge, Cambridgeshire, GB","Cambridge, Cambridgeshire",GB,GB-ENG,52.205002,0.175,EGSC,1,,,14,,14
"Mehamn, NO",Mehamn,NO,NO-56,71.029701,27.8267,ENMH,1,,,3,NO0B2,3
"Clermont-Ferrand, FR",Clermont-Ferrand,FR,FR-ARA,45.786701,3.16917,LFLC,1,,,39,FRK14,39
"Alajero, La Gomera Island, ES","Alajero, La Gomera Island",ES,ES-CN,28.0296,-17.2146,GCGM,1,,,33,ES41,33
"Budapest, HU",Budapest,HU,HU-BU,47.4908415,19.1193895,"LHBP, LHHH",2,,,1659,HU110,1659
"Rhodes, GR",Rhodes,GR,GR-L,36.405399,28.086201,LGRP,1,,,82,EL42,82
"Valletta, MT",Valletta,MT,MT-25,35.845932,14.491546,LMML,1,,,1031,MT001,1031
"Avignon, FR",Avignon,FR,FR-PAC,43.907299,4.90183,LFMV,1,,,25,FRB01,25
"Birmingham, West Midlands, GB","Birmingham, West Midlands",GB,GB-ENG,52.453899,-1.74803,EGBB,1,,,1206,,1206
"Chabeuil, Drôme, FR","Chabeuil, Drôme",FR,FR-ARA,44.9216,4.9699,LFLU,1,,,18,FRK23,18
"Vila Baleira, PT",Vila Baleira,PT,PT-30,33.0733985901,-16.3500003815,LPPS,1,,,7,PT300,7
"Weert, NL",Weert,NL,NL-NB,51.255299,5.60139,EHBD,1,,,10,NL422,10
"Ferno (VA), IT",Ferno (VA),IT,IT-25,45.6306,8.72811,LIMC,1,,,2381,ITC4,2381
"Belfast, GB",Belfast,GB,GB-NIR,54.63780011035,-6.0441649246199995,"EGAA, EGAC",2,,,1391,,1391
"Salzburg, AT",Salzburg,AT,AT-5,47.793301,13.0043,LOWS,1,,,512,AT32,512
"Grâce-Hollogne, BE",Grâce-Hollogne,BE,BE-WLG,50.638574,5.443897,EBLG,1,,,193,BE332,193
"Southend-on-Sea, Essex, GB","Southend-on-Sea, Essex",GB,GB-ENG,51.570562,0.693627,EGMC,1,,,91,,91
"Romney Marsh, Kent, GB","Romney Marsh, Kent",GB,GB-ENG,50.956246,0.939074,EGMD,1,,,5,,5
"Reus, ES",Reus,ES,ES-CT,41.147509,1.168354,LERS,1,,,4,ES51,4
"Kaunas, LT",Kaunas,LT,LT-KU,54.963965,24.08582,EYKA,1,,,129,LT022,129
"Palma de Mallorca, ES",Palma de Mallorca,ES,ES-IB,39.551701,2.73881,LEPA,1,,,1693,ES53,1693
"Stuttgart, DE",Stuttgart,DE,DE-BW,48.689899,9.22196,EDDS,1,,,771,DE11,771
"Gdańsk, PL",Gdańsk,PL,PL-PM,54.377602,18.4662,EPGD,1,,,406,PL63,406
"Santiago de Compostela, ES",Santiago de Compostela,ES,ES-GA,42.896301,-8.41514,LEST,1,,,162,ES11,162
"Retford, Nottinghamshire, GB","Retford, Nottinghamshire",GB,GB-ENG,53.280602,-0.951389,EGNE,1,,,9,,9
"Berlin, DE",Berlin,DE,DE-BR,52.361738,13.502341,EDDB,1,,,2423,DE14,2423
"Hannover, DE",Hannover,DE,DE-NI,52.461102,9.68508,EDDV,1,,,570,DE92,570
"Capannori (LU), IT",Capannori (LU),IT,IT-52,43.825825,10.577928,LIQL,1,,,52,ITI1,52
"Kuressaare, EE",Kuressaare,EE,EE-74,58.22990036010742,22.50950050354004,EEKE,1,,,13,EE004,13
"Reggio Calabria, IT",Reggio Calabria,IT,IT-78,38.071201,15.6516,LICR,1,,,116,ITC1,116
"Gaziemir, TR",Gaziemir,TR,TR-35,38.2924,27.157,LTBJ,1,,,169,TR310,169
"Madrid, ES",Madrid,ES,ES-MD,40.432053999999994,-3.6786944999999998,"LECU, LEMD",2,,,5079,ES24,5079
"Kos Island, GR",Kos Island,GR,GR-L,36.794523,27.09115,LGKO,1,,,56,EL62,56
"Newquay, GB",Newquay,GB,GB-ENG,50.440601,-4.99541,EGHQ,1,,,74,,74
"Ponta Delgada, PT",Ponta Delgada,PT,PT-20,37.7411994934,-25.6979007721,LPPD,1,,,35,PT200,35
"Tymbou (Kirklar), CY",Tymbou (Kirklar),CY,CY-02,35.153064,33.507352,LCEN,1,,,367,CY000,367
"Ibiza (Eivissa), ES",Ibiza (Eivissa),ES,ES-IB,38.872898,1.37312,LEIB,1,,,353,ES24,353
"Eskişehir, TR",Eskişehir,TR,TR-26,39.811644,30.519268,LTBY,1,,,4,TR411,4
"Frankfurt am Main, DE",Frankfurt am Main,DE,DE-HE,50.026706,8.55835,EDDF,1,,,4708,DE71,4708
"Trémuson, Côtes-d'Armor, FR","Trémuson, Côtes-d'Armor",FR,FR-BRE,48.538628,-2.853518,LFRT,1,,,5,FRH01,5
"Balice, PL",Balice,PL,PL-MA,50.077702,19.7848,EPKK,1,,,1334,PL21,1334
"Tampere / Pirkkala, FI",Tampere / Pirkkala,FI,FI-11,61.414101,23.604401,EFTP,1,,,36,FI1D7,36
"Billund, DK",Billund,DK,DK-83,55.740335,9.157019,EKBI,1,,,415,DK032,415
"Mošnov, CZ",Mošnov,CZ,CZ-MO,49.696301,18.111099,LKMT,1,,,54,CZ080,54
"Perpignan/Rivesaltes, FR",Perpignan/Rivesaltes,FR,FR-OCC,42.740398,2.87067,LFMP,1,,,38,FRJ15,38
"Ålesund, NO",Ålesund,NO,NO-15,62.560443,6.110845,ENAL,1,,,3,NO0A3,3
"Wilhelmshaven, DE",Wilhelmshaven,DE,DE-NI,53.50222,8.052222,EDWI,1,,,5,DE94,5
"Samedan, CH",Samedan,CH,CH-GR,46.5341,9.88411,LSZS,1,,,33,CH056,33
"Genova (GE), IT",Genova (GE),IT,IT-42,44.412039,8.840732,LIMJ,1,,,171,ITC3,171
"Cardiff, GB",Cardiff,GB,GB-WLS,51.396702,-3.34333,EGFF,1,,,155,,155
"Caselle Torinese (TO), IT",Caselle Torinese (TO),IT,IT-21,45.200802,7.64963,LIMF,1,,,608,ITC1,608
"Toussus-le-Noble, Yvelines, FR","Toussus-le-Noble, Yvelines",FR,FR-IDF,48.7519,2.10619,LFPN,1,,,45,FR103,45
"Mytilene, GR",Mytilene,GR,GR-K,39.057406,26.598629,LGMT,1,,,82,EL41,82
"Rochefort/Saint-Agnant, FR",Rochefort/Saint-Agnant,FR,FR-NAQ,45.887798,-0.983056,LFDN,1,,,3,FR103,3
"Antalya, TR",Antalya,TR,TR-07,36.898701,30.800501,LTAI,1,,,732,TR611,732
"Laage, DE",Laage,DE,DE-MV,53.918201,12.2783,ETNL,1,,,29,DE80,29
"Geneva, CH",Geneva,CH,CH-GE,46.238098,6.10895,LSGG,1,,,2728,CH013,2728
"Ajaccio, FR",Ajaccio,FR,FR-COR,41.923599,8.80292,LFKJ,1,,,150,FRM01,150
"Barcelona, ES",Barcelona,ES,ES-CT,41.2971,2.07846,LEBL,1,,,4623,ES51,4623
"Osijek(Klisa), HR",Osijek(Klisa),HR,HR-14,45.462355,18.811278,LDOS,1,,,11,HR025,11
"Braunschweig, DE",Braunschweig,DE,DE-NI,52.319199,10.5561,EDVE,1,,,49,DE91,49
"Cannes, FR",Cannes,FR,FR-PAC,43.547998,6.955176,LFMD,1,,,77,FR102,77
"King's Lynn, Norfolk, GB","King's Lynn, Norfolk",GB,GB-ENG,52.648395,0.550692,EGYM,1,,,4,,4
"Charmeil, Allier, FR","Charmeil, Allier",FR,FR-ARA,46.16969,3.403637,LFLV,1,,,21,FRK11,21
"Sylt, DE",Sylt,DE,DE-SH,54.9132,8.34047,EDXW,1,,,24,DEF0,24
"Firenze (FI), IT",Firenze (FI),IT,IT-52,43.808558,11.202822,LIRQ,1,,,261,ITI1,261
"Caselle (VR), IT",Caselle (VR),IT,IT-34,45.394955,10.887303,LIPX,1,,,319,ITC1,319
"Buochs, CH",Buochs,CH,CH-NW,46.974444,8.396944,LSZC,1,,,9,CH065,9
"Porto, PT",Porto,PT,PT-13,41.2481002808,-8.68138980865,LPPR,1,,,1641,PT193,1641
"Chassieu, Lyon, FR","Chassieu, Lyon",FR,FR-ARA,45.727947,4.943991,LFLY,1,,,73,FRK26,73
"Brest, FR",Brest,FR,FR-BRE,48.447899,-4.41854,LFRB,1,,,124,FRC23,124
"Sta Cruz de la Palma, La Palma Island, ES","Sta Cruz de la Palma, La Palma Island",ES,ES-CN,28.626499,-17.7556,GCLA,1,,,64,ES70,64
"Lisbon, PT",Lisbon,PT,PT-11,38.7813,-9.13592,LPPT,1,,,2190,PT1,2190
"Mönchengladbach, DE",Mönchengladbach,DE,DE-NW,51.230278,6.504444,EDLN,1,,,46,DEA1,46
"Cranfield, Central Bedfordshire, GB","Cranfield, Central Bedfordshire",GB,GB-ENG,52.072201,-0.616667,EGTC,1,,,7,,7
"Bucharest, RO",Bucharest,RO,RO-B,44.537462500000004,26.1031145,"LRBS, LROP",2,,,1389,RO321,1389
"Győr, HU",Győr,HU,HU-GS,47.628436,17.804718,LHPR,1,,,10,HU213,10
"Constanța, RO",Constanța,RO,RO-CT,44.362202,28.4883,LRCK,1,,,14,RO223,14
"Dundee, GB",Dundee,GB,GB-SCT,56.452499,-3.02583,EGPN,1,,,28,,28
"Feldkirchen bei Graz, AT",Feldkirchen bei Graz,AT,AT-6,46.9911,15.4396,LOWG,1,,,144,AT22,144
"Seville, ES",Seville,ES,ES-AN,37.417999,-5.89311,LEZL,1,,,1060,ES42,1060
"Riga, LV",Riga,LV,LV-062,56.955926000000005,24.022856,"EVRA, EVRS",2,,,846,LV00,846
"Mahón (Maó), ES",Mahón (Maó),ES,ES-IB,39.862598,4.21865,LEMH,1,,,46,ES53,46
"Kiel, DE",Kiel,DE,DE-SH,54.37957,10.145266,EDHK,1,,,15,DEF0,15
"Montichiari (BS), IT",Montichiari (BS),IT,IT-25,45.428902,10.3306,LIPO,1,,,33,ITC4,33
"Lahr/Schwarzwald, DE",Lahr/Schwarzwald,DE,DE-BW,48.369301,7.82772,EDTL,1,,,5,DE13,5
"Levaldigi (CN), IT",Levaldigi (CN),IT,IT-21,44.547458,7.623045,LIMZ,1,,,11,ITC1,11
"Biarritz, FR",Biarritz,FR,FR-NAQ,43.468372,-1.523223,LFBZ,1,,,103,FRI15,103
"Dublin, IE",Dublin,IE,IE-D,53.428713,-6.262121,EIDW,1,,,3435,IE061,3435
"Blackpool, GB",Blackpool,GB,GB-ENG,53.771702,-3.02861,EGNH,1,,,16,,16
"Halmstad, SE",Halmstad,SE,SE-N,56.69110107421875,12.820199966430664,ESMT,1,,,35,SE231,35
"Prestwick, South Ayrshire, GB","Prestwick, South Ayrshire",GB,GB-SCT,55.501499,-4.577182,EGPK,1,,,62,,62
"Maribor, SI",Maribor,SI,SI-160,46.4799,15.6861,LJMB,1,,,9,SI032,9
"Darlington, Durham, GB","Darlington, Durham",GB,GB-ENG,54.509201,-1.42941,EGNV,1,,,71,,71
"Göteborg, SE",Göteborg,SE,SE-Q,57.71875,12.075099999999999,"ESGG, ESGP",2,,,688,SE232,688
"Spata-Artemida, GR",Spata-Artemida,GR,GR-I,37.936401,23.9445,LGAV,1,,,1970,EL30,1970
"Catania, IT",Catania,IT,IT-82,37.466801,15.0664,LICC,1,,,59,ITG1,59
"Falconara Marittima (AN), IT",Falconara Marittima (AN),IT,IT-57,43.616299,13.3623,LIPY,1,,,65,ITF6,65
"Bastia, FR",Bastia,FR,FR-COR,42.5527,9.48373,LFKB,1,,,55,FRD12,55
"Linköping, SE",Linköping,SE,SE-E,58.404909,15.684499,ESSL,1,,,34,SE121,34
"Bern, CH",Bern,CH,CH-BE,46.912736,7.498819,LSZB,1,,,140,CH013,140
"Košice, SK",Košice,SK,SK-KI,48.663101,21.2411,LZKZ,1,,,96,SK042,96
"La Virgen Del Camino, ES",La Virgen Del Camino,ES,ES-CL,42.590709,-5.653406,LELN,1,,,19,ES41,19
"Lelystad, NL",Lelystad,NL,NL-FL,52.453188,5.514622,EHLE,1,,,11,NL230,11
"Kittilä, FI",Kittilä,FI,FI-10,67.700996,24.8468,EFKT,1,,,36,FI1D7,36
"Angers, FR",Angers,FR,FR-PDL,47.560299,-0.312222,LFJR,1,,,8,FR102,8
"Vaasa, FI",Vaasa,FI,FI-12,63.05023,21.762543,EFVA,1,,,2,FI19,2
"North Connel, GB",North Connel,GB,GB-SCT,56.463501,-5.39967,EGEO,1,,,1,,1
"Bordeaux, FR",Bordeaux,FR,FR-NAQ,44.82865,-0.715356,LFBD,1,,,643,FRB06,643
"Colmar, FR",Colmar,FR,FR-GES,48.109901,7.35901,LFGA,1,,,3,FRF12,3
"Staverton, Gloucestershire, GB","Staverton, Gloucestershire",GB,GB-ENG,51.894199,-2.16722,EGBJ,1,,,21,,21
"Nuremberg, DE",Nuremberg,DE,DE-BY,49.498699,11.078056,EDDN,1,,,408,DE25,408
"Manchester, Greater Manchester, GB","Manchester, Greater Manchester",GB,GB-ENG,53.349375,-2.279521,EGCC,1,,,2341,,2341
"Lublin, PL",Lublin,PL,PL-LU,51.240157,22.713461,EPLB,1,,,19,PL22,19
"Inverness, GB",Inverness,GB,GB-SCT,57.5425,-4.0475,EGPE,1,,,120,,120
"Lossiemouth, Moray, GB","Lossiemouth, Moray",GB,GB-SCT,57.7052,-3.33917,EGQS,1,,,6,,6
"Kavala, GR",Kavala,GR,GR-A,40.9133,24.6192,LGKV,1,,,18,EL51,18
"Beja, PT",Beja,PT,PT-02,38.078899,-7.9324,LPBJ,1,,,3,PT1C2,3
"Kristiansand(Kjevik), NO",Kristiansand(Kjevik),NO,NO-42,58.204201,8.08537,ENCN,1,,,169,NO092,169
"Perth, Perth and Kinross, GB","Perth, Perth and Kinross",GB,GB-SCT,56.439201,-3.37222,EGPT,1,,,10,,10
"Andrézieux-Bouthéon, Loire, FR","Andrézieux-Bouthéon, Loire",FR,FR-ARA,45.5406,4.29639,LFMH,1,,,4,FRK25,4
"Poprad, SK",Poprad,SK,SK-PV,49.070994,20.241394,LZTT,1,,,18,SK041,18
"Tours, Indre-et-Loire, FR","Tours, Indre-et-Loire",FR,FR-CVL,47.432201,0.727606,LFOT,1,,,9,FRB04,9
"Saint-Tropez, FR",Saint-Tropez,FR,FR-PAC,43.205399,6.482,LFTZ,1,,,33,FRL05,33
"Carcassonne, FR",Carcassonne,FR,FR-OCC,43.216,2.30632,LFMK,1,,,5,FRJ11,5
"Pamplona, ES",Pamplona,ES,ES-NC,42.77,-1.64633,LEPP,1,,,26,ES22,26
"St. Gallen, CH",St. Gallen,CH,CH-SG,47.485001,9.56077,LSZR,1,,,136,CH055,136
"Bergen, NO",Bergen,NO,NO-46,60.2934,5.21814,ENBR,1,,,965,NO0A2,965
"Palermo, IT",Palermo,IT,IT-82,38.145959,13.202185,"LICJ, LICP",2,,,346,ITG1,346
"Aix en Provence, FR",Aix en Provence,FR,FR-PAC,43.506294,5.366426,LFMA,1,,,11,FRL04,11
"Venezia (VE), IT",Venezia (VE),IT,IT-34,45.505299,12.3519,LIPZ,1,,,760,ITH3,760
"Pescara, IT",Pescara,IT,IT-65,42.431079,14.182981,LIBP,1,,,105,ITF1,105
"Ronchi dei Legionari/Trieste, IT",Ronchi dei Legionari/Trieste,IT,IT-36,45.827499,13.4722,LIPQ,1,,,148,ITH2,148
"Albert, FR",Albert,FR,FR-HDF,49.970049,2.693939,LFAQ,1,,,3,FR102,3
"Piešťany, SK",Piešťany,SK,SK-TA,48.62519836425781,17.828399658203125,LZPP,1,,,6,SK021,6
"Rodez/Marcillac, FR",Rodez/Marcillac,FR,FR-OCC,44.407902,2.48267,LFCR,1,,,28,FRJ22,28
"Rotterdam, NL",Rotterdam,NL,NL-ZH,51.956902,4.43722,EHRD,1,,,284,NL366,284
"Lübeck, DE",Lübeck,DE,DE-SH,53.805401,10.7192,EDHL,1,,,33,DEF0,33
"Faro, PT",Faro,PT,PT-08,37.015909,-7.970939,LPFR,1,,,677,PT112,677
"Perugia (PG), IT",Perugia (PG),IT,IT-55,43.095901,12.5132,LIRZ,1,,,27,ITI2,27
"Exeter, Devon, GB","Exeter, Devon",GB,GB-ENG,50.734261,-3.413984,EGTE,1,,,62,,62
"Sønderborg, DK",Sønderborg,DK,DK-83,54.96440124511719,9.791729927062988,EKSB,1,,,59,DK032,59
"Ranón, ES",Ranón,ES,ES-AS,43.563599,-6.03462,LEAS,1,,,108,ES12,108
"Caen, FR",Caen,FR,FR-NOR,49.17678,-0.454883,LFRK,1,,,34,FRD11,34
"Düsseldorf, DE",Düsseldorf,DE,DE-NW,51.289501,6.76678,EDDL,1,,,1503,DEA1,1503
"Linz, AT",Linz,AT,AT-4,48.267703,14.260867000000001,"LOLO, LOWL",2,,,75,AT12,75
"Recea, RO",Recea,RO,RO-MS,46.467701,24.4125,LRTM,1,,,11,RO113,11
"Poitiers/Biard, FR",Poitiers/Biard,FR,FR-NAQ,46.5877,0.306666,LFBI,1,,,3,FRI34,3
"Jönköping, SE",Jönköping,SE,SE-F,57.757598876953125,14.068699836730955,ESGJ,1,,,11,SE211,11
"Umeå, SE",Umeå,SE,SE-AC,63.791801,20.282801,ESNU,1,,,7,SE331,7
"Newcastle upon Tyne, Tyne and Wear, GB","Newcastle upon Tyne, Tyne and Wear",GB,GB-ENG,55.037958,-1.689577,EGNT,1,,,535,,535
"Nowe Kramsko, PL",Nowe Kramsko,PL,PL-LB,52.1385,15.7986,EPZG,1,,,16,PL43,16
"Charlestown, IE",Charlestown,IE,IE-MO,53.910439,-8.817002,EIKN,1,,,97,IE042,97
"Alghero, IT",Alghero,IT,IT-88,40.632099,8.29077,LIEA,1,,,123,ITG2,123
"Shannon, IE",Shannon,IE,IE-CE,52.702,-8.92482,EINN,1,,,241,IE041,241
"Köln (Cologne), DE",Köln (Cologne),DE,DE-NW,50.865898,7.14274,EDDK,1,,,1135,DEA2,1135
"Derry, Derry and Strabane, GB","Derry, Derry and Strabane",GB,GB-NIR,55.042801,-7.16111,EGAE,1,,,12,,12
"Haverfordwest, GB",Haverfordwest,GB,GB-WLS,51.833099365234375,-4.9611101150512695,EGFE,1,,,6,,6
"Leixlip, IE",Leixlip,IE,IE-D,53.351622,-6.490357,EIWT,1,,,11,IE062,11
"Weeze, DE",Weeze,DE,DE-NW,51.601362,6.141228,EDLV,1,,,113,DEA1,113
"Oostende, BE",Oostende,BE,BE-VWV,51.1998,2.874673,EBOS,1,,,55,BE255,55
"Leeds, West Yorkshire, GB","Leeds, West Yorkshire",GB,GB-ENG,53.865898,-1.66057,EGNM,1,,,359,,359
"La Roche-sur-Yon, FR",La Roche-sur-Yon,FR,FR-PDL,46.7019,-1.37863,LFRI,1,,,3,FRG05,3
"Figari, FR",Figari,FR,FR-COR,41.50185,9.097092,LFKF,1,,,50,FRJ23,50
"Innsbruck, AT",Innsbruck,AT,AT-7,47.260201,11.344,LOWI,1,,,369,AT33,369
"Bremen, DE",Bremen,DE,DE-HB,53.046786,8.78932,EDDW,1,,,259,DE50,259
"Stavanger, NO",Stavanger,NO,NO-11,58.876701,5.63778,ENZV,1,,,660,NO0A1,660
"Malmö, SE",Malmö,SE,SE-M,55.535564,13.376327,ESMS,1,,,146,SE224,146
"Hof, DE",Hof,DE,DE-BY,50.288544,11.852876,EDQM,1,,,5,DE21,5
"Grimsby, Lincolnshire, GB","Grimsby, Lincolnshire",GB,GB-ENG,53.576152,-0.34954,EGNJ,1,,,71,,71
"Weßling, DE",Weßling,DE,DE-BY,48.081402,11.2831,EDMO,1,,,71,DE21,71
"Tenerife, ES",Tenerife,ES,ES-CN,28.263626000000002,-16.457103500000002,"GCTS, GCXO",2,,,301,ES70,301
"Marlow, Buckinghamshire, GB","Marlow, Buckinghamshire",GB,GB-ENG,51.61177,-0.808316,EGTB,1,,,1,,1
"Segrate (MI), IT",Segrate (MI),IT,IT-25,45.445099,9.27674,LIML,1,,,1762,ITC4,1762
"Nottingham, Nottinghamshire, GB","Nottingham, Nottinghamshire",GB,GB-ENG,52.919998,-1.07917,EGBN,1,,,4,,4
"Bazan, BG",Bazan,BG,BG-18,43.728429,26.119696,LBBZ,1,,,1,BG323,1
"Laval, Mayenne, FR","Laval, Mayenne",FR,FR-PDL,48.032208,-0.743999,LFOV,1,,,7,FR102,7
"Rijeka(Omišalj), HR",Rijeka(Omišalj),HR,HR-08,45.216376,14.57085,LDRI,1,,,3,HR031,3
"San Bartolomé, ES",San Bartolomé,ES,ES-CN,28.945499,-13.6052,GCRR,1,,,26,ES41,26
"Isola di Capo Rizzuto (KR), IT",Isola di Capo Rizzuto (KR),IT,IT-78,38.9972,17.0802,LIBC,1,,,9,ITC1,9
"Calais, FR",Calais,FR,FR-HDF,50.962101,1.95476,LFAC,1,,,3,FR102,3
"Dalaman, TR",Dalaman,TR,TR-48,36.7131,28.7925,LTBS,1,,,10,TR323,10
"Torino (TO), IT",Torino (TO),IT,IT-21,45.084444,7.603056,LIMA,1,,,2,ITC1,2
"Nobitz, DE",Nobitz,DE,DE-TH,50.981945,12.506389,EDAC,1,,,2,DEG0,2
"Mnichovo Hradiště, CZ",Mnichovo Hradiště,CZ,CZ-ST,50.540199,15.0066,LKMH,1,,,1,CZ020,1
"Essen, DE",Essen,DE,DE-NW,51.402302,6.93733,EDLE,1,,,2,DE22,2
"Trento (TN), IT",Trento (TN),IT,IT-32,46.023333,11.125,LIDT,1,,,58,ITF3,58
"Hoeven, NL",Hoeven,NL,NL-NB,51.554901,4.553003,EHSE,1,,,2,NL411,2
"Skiros Island, GR",Skiros Island,GR,GR-H,38.9676017761,24.4871997833,LGSY,1,,,3,EL,3
"Sion, CH",Sion,CH,CH-VS,46.219166,7.326944,LSGS,1,,,3,CH012,3
"Valladolid, ES",Valladolid,ES,ES-CL,41.7061,-4.85194,LEVD,1,,,3,ES41,3
"Cahors, FR",Cahors,FR,FR-OCC,44.351398,1.47528,LFCC,1,,,2,FRJ25,2
"Yeovil, Somerset, GB","Yeovil, Somerset",GB,GB-ENG,51.009399,-2.63882,EGDY,1,,,1,,1
"Pula, HR",Pula,HR,HR-18,44.893501,13.9222,LDPL,1,,,1,HR036,1
"Mariehamn, FI",Mariehamn,FI,FI-01,60.1222,19.898199,EFMA,1,,,9,FI200,9
"Vila Real, PT",Vila Real,PT,PT-17,41.2743,-7.72047,LPVR,1,,,6,PT11D,6
"Dinard, FR",Dinard,FR,FR-BRE,48.5877,-2.07996,LFRD,1,,,5,FR101,5
"Cluj-Napoca, RO",Cluj-Napoca,RO,RO-CJ,46.786042,23.685733,LRCL,1,,,22,RO113,22
"Carlisle, Cumbria, GB","Carlisle, Cumbria",GB,GB-ENG,54.9375,-2.80917,EGNC,1,,,2,,2
"Oslo, NO",Oslo,NO,NO-31,59.378817,10.785439,ENRY,1,,,2,NO081,2
"Selçuk, TR",Selçuk,TR,TR-35,37.950699,27.329,LTFB,1,,,73,TR310,73
"El Hierro Island, ES",El Hierro Island,ES,ES-CN,27.8148,-17.8871,GCHI,1,,,2,ES42,2
"La Baule-Escoublac, FR",La Baule-Escoublac,FR,FR-PDL,47.289398,-2.34639,LFRE,1,,,3,FRG01,3
"Radom, PL",Radom,PL,PL-MZ,51.38937,21.214742,EPRA,1,,,2,PL61,2
"Borlange, SE",Borlange,SE,SE-W,60.422001,15.5152,ESSD,1,,,3,SE312,3
"Cormeilles-en-Vexin, Val-d'Oise, FR","Cormeilles-en-Vexin, Val-d'Oise",FR,FR-IDF,49.096064,2.035543,LFPT,1,,,4,FR108,4
"Eskilstuna, SE",Eskilstuna,SE,SE-D,59.351101,16.708401,ESSU,1,,,1,SE122,1
"Portimão, PT",Portimão,PT,PT-08,37.1493,-8.58396,LPPM,1,,,5,PT150,5
"Enontekio, FI",Enontekio,FI,FI-10,68.362602233887,23.424299240112,EFET,1,,,7,FI1D7,7
"Lorient/Lann/Bihoué, FR",Lorient/Lann/Bihoué,FR,FR-BRE,47.760601,-3.44,LFRH,1,,,10,FRH04,10
"Wolverhampton, Staffordshire, GB","Wolverhampton, Staffordshire",GB,GB-ENG,52.517502,-2.25944,EGBO,1,,,5,,5
"Västervik, SE",Västervik,SE,SE-H,57.779999,16.5236,ESSW,1,,,1,SE213,1
"Pori, FI",Pori,FI,FI-17,61.4617,21.799999,EFPO,1,,,3,FI1C2,3
"Çanakkale, TR",Çanakkale,TR,TR-17,40.1376991272,26.4267997742,LTBH,1,,,1,TR222,1
"Cirencester, Gloucestershire, GB","Cirencester, Gloucestershire",GB,GB-ENG,51.668528,-2.056599,EGBP,1,,,2,,2
"Coventry, West Midlands, GB","Coventry, West Midlands",GB,GB-ENG,52.369701,-1.47972,EGBE,1,,,4,,4
"Lappeenranta, FI",Lappeenranta,FI,FI-02,61.044601,28.144743,EFLP,1,,,1,FI1C5,1
"Flensburg, DE",Flensburg,DE,DE-SH,54.773335,9.378889,EDXF,1,,,2,DEF0,2
"Albi, FR",Albi,FR,FR-OCC,43.913898,2.11306,LFCI,1,,,3,FR102,3
"Växjö, SE",Växjö,SE,SE-G,56.929100036621094,14.727999687194824,ESMX,1,,,11,SE212,11
"Varna, BG",Varna,BG,BG-03,43.232101,27.8251,LBWN,1,,,6,BG331,6
"Karlstad, SE",Karlstad,SE,SE-S,59.444698,13.3374,ESOK,1,,,2,SE311,2
"Waterford, IE",Waterford,IE,IE-WD,52.187199,-7.08696,EIWF,1,,,3,IE052,3
"Le Havre, FR",Le Havre,FR,FR-NOR,49.534038,0.088406,LFOH,1,,,5,FRD22,5
"Calvi, FR",Calvi,FR,FR-COR,42.530422,8.792984,LFKC,1,,,9,FRI11,9
"Zweibrücken, DE",Zweibrücken,DE,DE-RP,49.2094,7.40056,EDRZ,1,,,4,DEB3,4
"Merville, Nord, FR","Merville, Nord",FR,FR-HDF,50.618401,2.64224,LFQT,1,,,1,FR108,1
"Le Castellet, Var, FR","Le Castellet, Var",FR,FR-PAC,43.252499,5.78519,LFMQ,1,,,15,FRL05,15
"Trollhättan, SE",Trollhättan,SE,SE-Q,58.31809997558594,12.345000267028809,ESGT,1,,,7,SE232,7
"Deventer, NL",Deventer,NL,NL-GE,52.242764,6.050004,EHTE,1,,,1,NL212,1
"Savonlinna, FI",Savonlinna,FI,FI-04,61.9431,28.945101,EFSA,1,,,1,FI1D7,1
"Zakynthos, GR",Zakynthos,GR,GR-F,37.7509,20.8843,LGZA,1,,,15,EL62,15
"Kristianstad, SE",Kristianstad,SE,SE-M,55.9217,14.0855,ESMK,1,,,2,SE224,2
"Tartu, EE",Tartu,EE,EE-7B,58.307438,26.686473,EETU,1,,,4,EE008,4
"Vodochody, CZ",Vodochody,CZ,CZ-ST,50.216599,14.3958,LKVO,1,,,1,CZ020,1
"Saint-Denis-de-l'Hôtel, Loiret, FR","Saint-Denis-de-l'Hôtel, Loiret",FR,FR-CVL,47.897758,2.164478,LFOZ,1,,,5,FRB06,5
"Reggio Emilia (RE), IT",Reggio Emilia (RE),IT,IT-45,44.698039,10.664885,LIDE,1,,,3,ITC1,3
"Swansea, GB",Swansea,GB,GB-WLS,51.601366,-4.071006,EGFH,1,,,1,,1
"Angoulême, FR",Angoulême,FR,FR-NAQ,45.729198,0.221456,LFBU,1,,,2,FRI31,2
"Arad, RO",Arad,RO,RO-AR,46.176136,21.264322,LRAR,1,,,3,RO412,3
"Sindal, DK",Sindal,DK,DK-81,57.503502,10.2294,EKSN,1,,,1,DK050,1
"Bury Saint Edmunds, Suffolk, GB","Bury Saint Edmunds, Suffolk",GB,GB-ENG,52.352250999999995,0.6296725000000001,"EGUN, EGXH",2,,,2,,2
"Kozani, GR",Kozani,GR,GR-C,40.286098,21.840799,LGKZ,1,,,2,EL53,2
"Pardubice, CZ",Pardubice,CZ,CZ-PA,50.015049,15.73981,LKPD,1,,,8,CZ053,8
"Deauville, FR",Deauville,FR,FR-NOR,49.365237,0.154481,LFRG,1,,,7,FR103,7
"Agen, FR",Agen,FR,FR-NAQ,44.174171,0.59309,LFBA,1,,,4,FR102,4
"Pécs, HU",Pécs,HU,HU-BA,45.988891,18.242044,LHPP,1,,,3,HU213,3
"Šiauliai, LT",Šiauliai,LT,LT-SA,55.89390182495117,23.395000457763672,EYSA,1,,,4,LT024,4
"Northampton, Northamptonshire, GB","Northampton, Northamptonshire",GB,GB-ENG,52.305302,-0.793056,EGBK,1,,,1,,1
"Kajaani, FI",Kajaani,FI,FI-05,64.2855,27.6924,EFKI,1,,,3,FI1D8,3
"Vilhelmina, SE",Vilhelmina,SE,SE-AC,64.579102,16.833599,ESNV,1,,,1,SE331,1
"Mikkeli, FI",Mikkeli,FI,FI-04,61.6866,27.201799,EFMI,1,,,1,FI1D7,1
"Sofia, BG",Sofia,BG,BG-22,42.696357,23.417671,LBSF,1,,,2,BG411,2
"České Budějovice, CZ",České Budějovice,CZ,CZ-JC,48.948171,14.42832,LKCS,1,,,1,CZ031,1
"Kartepe, TR",Kartepe,TR,TR-41,40.735001,30.0833,LTBQ,1,,,1,TR421,1
"Sligo, IE",Sligo,IE,IE-SO,54.280200958252,-8.5992097854614,EISG,1,,,1,IE041,1
"Duxford, Cambridgeshire, GB","Duxford, Cambridgeshire",GB,GB-ENG,52.090801,0.131944,EGSU,1,,,2,,2
"Råda, SE",Råda,SE,SE-S,60.0201,13.5789,ESOH,1,,,1,SE110,1
"Plzen, CZ",Plzen,CZ,CZ-PL,49.675201,13.2746,LKLN,1,,,2,CZ032,2
"Atting, DE",Atting,DE,DE-BY,48.900833,12.516667,EDMS,1,,,5,DE22,5
"Oskarshamn, SE",Oskarshamn,SE,SE-H,57.350498,16.497999,ESMO,1,,,1,SE213,1
"Chalons en Champagne, FR",Chalons en Champagne,FR,FR-GES,48.77333,4.20611,LFOK,1,,,4,FRF21,4
"Emden, DE",Emden,DE,DE-NI,53.391109,7.2275,EDWE,1,,,1,DE94,1
"Argos Orestiko, GR",Argos Orestiko,GR,GR-C,40.446301,21.2822,LGKA,1,,,1,EL53,1
"Bielefeld, DE",Bielefeld,DE,DE-NW,51.964722,8.544444,EDLI,1,,,1,DEA4,1
"Souda, GR",Souda,GR,GR-M,35.531207,24.150673,LGSA,1,,,2,EL43,2
"Tuzla, RO",Tuzla,RO,RO-CT,43.984493,28.606225,LRTZ,1,,,3,RO223,3
"Belluno (BL), IT",Belluno (BL),IT,IT-34,46.166549,12.250389,LIDB,1,,,1,ITH3,1
"Bilbao, ES",Bilbao,ES,ES-PV,43.301102,-2.91061,LEBB,1,,,4,ES21,4
"Hondarribia, ES",Hondarribia,ES,ES-PV,43.356499,-1.79061,LESO,1,,,10,ES21,10
"Tomblaine, Meurthe-et-Moselle, FR","Tomblaine, Meurthe-et-Moselle",FR,FR-GES,48.692101,6.23046,LFSN,1,,,3,FRF31,3
"Campo nell'Elba (LI), IT",Campo nell'Elba (LI),IT,IT-52,42.760871,10.239811,LIRJ,1,,,1,ITC1,1
"Aurillac, FR",Aurillac,FR,FR-ARA,44.891399,2.42194,LFLW,1,,,1,FRI12,1
"Kalymnos Island, GR",Kalymnos Island,GR,GR-L,36.9632987976,26.9405994415,LGKY,1,,,3,EL42,3
"Giebelstadt, DE",Giebelstadt,DE,DE-BY,49.6480560303,9.966388702390002,EDQG,1,,,3,DE26,3
"Vannes/Meucon, FR",Vannes/Meucon,FR,FR-BRE,47.723301,-2.71856,LFRV,1,,,2,FRC14,2
"Lycksele, SE",Lycksele,SE,SE-AC,64.548302,18.7162,ESNL,1,,,1,SE331,1
"Brighton, East Sussex, GB","Brighton, East Sussex",GB,GB-ENG,50.835602,-0.297222,EGKA,1,,,2,,2
"Trollenhagen, DE",Trollenhagen,DE,DE-MV,53.6022,13.306,EDBN,1,,,1,DE80,1
"Kalmar, SE",Kalmar,SE,SE-H,56.685501,16.2876,ESMQ,1,,,3,SE213,3
"Quimper/Pluguffan, FR",Quimper/Pluguffan,FR,FR-BRE,47.973031,-4.169655,LFRQ,1,,,1,FRH02,1
"Burgos, ES",Burgos,ES,ES-CL,42.357601,-3.62076,LEBG,1,,,3,ES24,3
"Coimbra, PT",Coimbra,PT,PT-06,40.158758,-8.470815,LPCO,1,,,1,PT192,1
"Limoges/Bellegarde, FR",Limoges/Bellegarde,FR,FR-NAQ,45.862801,1.17944,LFBL,1,,,2,FR102,2
"Oesterdeichstrich, DE",Oesterdeichstrich,DE,DE-SH,54.153332,8.901667,EDXB,1,,,1,DEF0,1
"Olbia (SS), IT",Olbia (SS),IT,IT-88,40.898953,9.518457,LIEO,1,,,8,ITC4,8
"Mora, SE",Mora,SE,SE-W,60.957901,14.5114,ESKM,1,,,1,SE312,1
"Babięta, PL",Babięta,PL,PL-WN,53.667905,21.255426,EPBB,1,,,1,PL62,1
"Leicester, Leicestershire, GB","Leicester, Leicestershire",GB,GB-ENG,52.606574,-1.030226,EGBG,1,,,1,,1
"Florø, NO",Florø,NO,NO-46,61.583599090576,5.0247201919556,ENFL,1,,,2,NO0A2,2
"Lannion, FR",Lannion,FR,FR-BRE,48.754398,-3.47166,LFRO,1,,,3,FR102,3
"Limerick, IE",Limerick,IE,IE-LK,52.6665,-8.68183,EICN,1,,,2,IE051,2
"Karlovy Vary, CZ",Karlovy Vary,CZ,CZ-KA,50.202999,12.915,LKKV,1,,,1,CZ041,1
"Vercelli (VC), IT",Vercelli (VC),IT,IT-21,45.311111,8.4175,LILI,1,,,1,ITC1,1
"Les Allues, FR",Les Allues,FR,FR-ARA,45.407505,6.577597,LFKX,1,,,9,FR103,9
"Evenes, NO",Evenes,NO,NO-18,68.491302,16.678101,ENEV,1,,,26,NO071,26
"Newtownards, Ards and North Down, GB","Newtownards, Ards and North Down",GB,GB-NIR,54.5811,-5.69194,EGAD,1,,,1,,1
"Astypalaia Island, GR",Astypalaia Island,GR,GR-L,36.5798988342,26.3757991791,LGPL,1,,,1,EL42,1
"Hamar, NO",Hamar,NO,NO-34,60.8181,11.068,ENHA,1,,,1,NO020,1
"Pantelleria (TP), IT",Pantelleria (TP),IT,IT-82,36.816502,11.9689,LICG,1,,,1,ITG1,1
"Lleida, ES",Lleida,ES,ES-CT,41.728185,0.535023,LEDA,1,,,1,ES11,1
"Santander, ES",Santander,ES,ES-CB,43.427101,-3.82001,LEXJ,1,,,1,ES13,1
"Megève, FR",Megève,FR,FR-ARA,45.823005,6.649406,LFHM,1,,,3,FRK28,3
"Saint-Bon, FR",Saint-Bon,FR,FR-ARA,45.397531,6.63498,LFLJ,1,,,4,FRB01,4
"Monflorite/Alcalá del Obispo, ES",Monflorite/Alcalá del Obispo,ES,ES-AR,42.076099,-0.316667,LEHC,1,,,1,ES24,1
"Île d'Yeu, FR",Île d'Yeu,FR,FR-PDL,46.717641,-2.392544,LFEY,1,,,1,FRG05,1
"Yenişehir, TR",Yenişehir,TR,TR-16,40.255199,29.562599,LTBR,1,,,2,TR412,2
