id,target,degree,weighted_degree,clustering,pagerank,betweenness,closeness,core_number,avg_neighbor_degree,iso_country,latitude,longitude
"Tymbou (Kirklar), CY",medium,6,367,0.8,0.0021300186298109465,0.0,0.3760245901639344,5,37.333333333333336,CY,35.153064,33.507352
"Warsaw, PL",large,100,2543,0.43656565656565655,0.013398886024906348,0.004842000790456547,0.5698757763975155,38,70.43,PL,52.217449,20.9371515
"Saint-Nazaire/Montoir, FR",small,3,29,0.3333333333333333,0.0008105565276899282,0.0,0.38189386056191466,2,58.0,FR,47.31142,-2.152634
"Skellefteå, SE",medium,5,55,0.4,0.0006903388072966787,0.00137017247291298,0.3855042016806723,4,58.2,SE,64.62480163574219,21.076900482177734
"Memmingen, DE",medium,40,158,0.5448717948717948,0.0014444528761990599,0.007644906916574564,0.4993197278911565,31,81.8,DE,47.988092,10.238248
"Blackpool, GB",small,12,16,0.19696969696969696,0.0005872576045103228,0.0009719511590894942,0.4105145413870246,11,43.083333333333336,GB,53.771702,-3.02861
"Southend-on-Sea, Essex, GB",medium,24,91,0.6123188405797102,0.0008585882588940518,0.000831062302678039,0.47911227154047,23,89.83333333333333,GB,51.570562,0.693627
"Staverton, Gloucestershire, GB",small,14,19,0.27472527472527475,0.0007090960693541411,0.002448804755702062,0.4448484848484848,11,53.142857142857146,GB,51.894199,-2.16722
"Foggia (FG), IT",small,4,22,0.5,0.0005141399785244364,0.00012305936154092642,0.3933547695605573,4,81.0,IT,41.433596,15.534566
"Brno, CZ",medium,21,52,0.5,0.0007246601465108985,0.002261429855447833,0.45875,19,80.66666666666667,CZ,49.151276,16.693972
"Pisa (PI), IT",medium,56,312,0.462987012987013,0.002139750506038891,0.005897455561248519,0.5076071922544951,35,76.39285714285714,IT,43.683899,10.3927
"Akrotiri, CY",small,5,33,0.6,0.001799328964077962,0.0004462048226410796,0.42427745664739885,5,99.6,CY,34.590401,32.9879
"Chassieu, Lyon, FR",medium,41,69,0.3951219512195122,0.0011668700480962394,0.015286346278924303,0.5006821282401092,28,70.3170731707317,FR,45.727947,4.943991
"Capannori (LU), IT",small,20,51,0.6947368421052632,0.0006515734810017401,0.006457167511177499,0.46514575411913817,18,96.95,IT,43.825825,10.577928
"Napoli, IT",medium,38,139,0.7140825035561877,0.0010370146548898517,0.00533653711033774,0.4946091644204852,33,93.60526315789474,IT,40.886002,14.2908
"Riga, LV",large,62,838,0.5928080380750925,0.004630727212682198,0.001570669880691977,0.5349854227405247,38,83.03225806451613,LV,56.955926000000005,24.022856
"Oslo (Gardermoen), NO",large,83,2555,0.4572436085806641,0.01395214902149422,0.01953824418239389,0.558599695585997,38,72.71084337349397,NO,60.193901,11.1004
"Győr, HU",small,9,10,0.19444444444444445,0.0006157565480297287,0.005217506595541656,0.4118967452300786,8,57.77777777777778,HU,47.628436,17.804718
"Palanga, LT",small,8,60,0.9642857142857143,0.0006710611237222893,0.0,0.43380614657210403,8,106.0,LT,55.973202,21.093901
"Ponta Delgada, PT",medium,6,34,0.7333333333333333,0.000555776454258943,1.8476632136345365e-05,0.40914158305462656,6,83.66666666666667,PT,37.7411994934,-25.6979007721
"Hradec Králové, CZ",small,6,6,0.26666666666666666,0.0005273573911500097,0.0004301051957417524,0.3725888324873096,5,35.833333333333336,CZ,50.253201,15.8452
"Faro, PT",large,77,663,0.4805194805194805,0.0036301335360365795,0.010442849594474274,0.5365497076023392,38,75.57142857142857,PT,37.015909,-7.970939
"Newcastle upon Tyne, Tyne and Wear, GB",large,62,534,0.5029085140137494,0.003272939138578978,0.010491716345364157,0.5227920227920227,38,78.5,GB,55.037958,-1.689577
"Caselle Torinese (TO), IT",large,70,608,0.4575569358178054,0.0035980024201608413,0.009597295067515027,0.5311143270622286,38,74.04285714285714,IT,45.200802,7.64963
"London, GB",large,203,11682,0.20450665756230796,0.0579901723349933,0.02855427562841903,0.6898496240601504,38,48.46305418719212,GB,51.50920626285,-0.042626875149012505
"Beja, PT",small,2,3,0.0,0.0004406012306206887,0.0,0.37991718426501037,2,78.5,PT,38.078899,-7.9324
"Genova (GE), IT",medium,33,171,0.4431818181818182,0.0013219120835477696,0.007075513401919586,0.48673740053050396,24,74.15151515151516,IT,44.412039,8.840732
"Cardiff, GB",medium,28,153,0.47619047619047616,0.0013176301270253917,0.0005185051779143513,0.4797385620915033,22,75.96428571428571,GB,51.396702,-3.34333
"Reggio Calabria, IT",medium,17,116,0.6691176470588235,0.0009536721170224876,0.0002361446731279049,0.4459295261239368,16,83.3529411764706,IT,38.071201,15.6516
"Leirvik, NO",small,1,28,0.0,0.0005375354164680241,0.0,0.3587487781036168,1,83.0,NO,59.791901,5.34085
"Almería, ES",medium,16,122,0.43333333333333335,0.0010588108811626904,0.006113087061419062,0.44323671497584544,12,64.0625,ES,36.843899,-2.3701
"Norwich, Norfolk, GB",medium,19,91,0.5263157894736842,0.000984305101465866,0.0014004334439694734,0.4669211195928753,16,86.15789473684211,GB,52.6758,1.28278
"Glasgow, GB",large,55,862,0.501010101010101,0.00443483079837959,0.01001197180239915,0.5118549511854951,37,78.32727272727273,GB,55.871899,-4.43306
"Sylt, DE",small,16,24,0.5416666666666666,0.0006601399566812048,0.0033076533230604805,0.4633838383838384,14,82.25,DE,54.9132,8.34047
"Dresden, DE",medium,32,140,0.3850806451612903,0.0012372751223255051,0.005580336940717531,0.4735483870967742,25,68.25,DE,51.134123,13.767831
"Rimini (RN), IT",small,9,11,0.4444444444444444,0.0004811146259393146,0.0005383438808876338,0.41657207718501704,9,80.44444444444444,IT,44.020024,12.612198
"Dole, FR",small,7,10,0.3333333333333333,0.0004952124756147304,0.0009531919285813542,0.40687361419068735,7,55.142857142857146,FR,47.038955,5.427589
"Ordu, TR",small,4,43,0.5,0.0006916682907879656,7.397951765955627e-05,0.3760245901639344,4,50.5,TR,40.966872,38.085995
"Dublin, IE",large,121,3366,0.38126721763085397,0.016495106937199945,0.005050650917768422,0.5909822866344605,38,66.06611570247934,IE,53.428713,-6.262121
"Inverness, GB",medium,11,119,0.6545454545454545,0.0009438020754220516,8.139767378735772e-05,0.43638525564803804,11,88.45454545454545,GB,57.5425,-4.0475
"Kokkola / Kruunupyy, FI",small,1,22,0.0,0.0005164128413855119,0.0,0.35153256704980845,1,72.0,FI,63.721199,23.143101
"Montpellier/Méditerranée, FR",medium,28,163,0.38095238095238093,0.001499479119203911,0.005275523116837906,0.47416020671834624,20,63.67857142857143,FR,43.576199,3.96301
"Ranón, ES",medium,19,104,0.7076023391812866,0.0009165605436868275,0.00015303256148224055,0.4639696586599241,17,95.78947368421052,ES,43.563599,-6.03462
"Falconara Marittima (AN), IT",medium,13,65,0.8333333333333334,0.0007072508483381575,0.00018784751545613813,0.45703611457036114,13,108.92307692307692,IT,43.616299,13.3623
"Lübeck, DE",small,16,29,0.4583333333333333,0.0006596491045555929,0.002101640259583557,0.4525277435265105,14,73.25,DE,53.805401,10.7192
"Madrid, ES",large,135,4950,0.3215035931453842,0.025443604704479362,0.007955751261044895,0.6046128500823723,38,60.51851851851852,ES,40.432053999999994,-3.6786944999999998
"Retford, Nottinghamshire, GB",small,8,8,0.25,0.0005700767373186218,0.002028428078138641,0.4237875288683603,7,61.375,GB,53.280602,-0.951389
"Prestwick, South Ayrshire, GB",medium,27,60,0.4415954415954416,0.0008199550536090766,0.005517489544336523,0.47416020671834624,21,73.85185185185185,GB,55.501499,-4.577182
"Bordeaux, FR",large,56,642,0.577922077922078,0.0035699098343734527,0.0033620790352802132,0.5140056022408963,37,82.57142857142857,FR,44.82865,-0.715356
"Forlì (FC), IT",small,7,14,0.5714285714285714,0.00048637777829540205,0.0004670223271054742,0.40914158305462656,7,72.71428571428571,IT,44.194801,12.0701
"Brest, FR",medium,16,124,0.5166666666666667,0.0013145509316366895,0.00014742198929340938,0.4564676616915423,13,75.5,FR,48.447899,-4.41854
"Melilla, ES",medium,12,83,0.5757575757575758,0.0008218661181624328,0.002974801716648335,0.4369047619047619,11,81.08333333333333,ES,35.2798,-2.95626
"Bacău, RO",small,10,28,0.5333333333333333,0.0005452324412818223,0.00042909978774433076,0.42038946162657503,9,82.3,RO,46.5219,26.910299
"L'Hôpital-le-Mercier, Saône-et-Loire, FR",small,7,12,0.5238095238095238,0.00067379844050307,0.0001305977124553268,0.37679671457905545,7,35.0,FR,46.414019,4.014177
"Le Mans, Sarthe, FR",small,4,10,0.3333333333333333,0.00046226098100727556,7.664804132817347e-06,0.40065502183406115,4,87.0,FR,47.948604,0.201702
"Valencia, ES",large,70,617,0.5229813664596273,0.003329157327541443,0.006579517032129632,0.5257879656160458,38,76.7,ES,39.489162,-0.480961
"Alava, ES",medium,16,36,0.775,0.0005734819103677055,0.0005896841269606787,0.4503067484662577,16,87.625,ES,42.882801,-2.72447
"Frankfurt am Main (Lautzenhausen), DE",medium,32,125,0.38306451612903225,0.0010753793615145139,0.0022382065518072943,0.4766233766233766,24,68.09375,DE,49.946353,7.261734
"Copenhagen, DK",large,97,3687,0.4536082474226804,0.01810122104927115,0.003555297995264459,0.5654853620955316,38,71.82474226804123,DK,55.617900848389,12.656000137329
"Saint-Tropez, FR",medium,19,31,0.5380116959064327,0.0006855173365002633,0.004279302924509848,0.46514575411913817,16,84.47368421052632,FR,43.205399,6.482
"Málaga, ES",large,136,2310,0.28420479302832247,0.012520731789046837,0.022670701476016047,0.6036184210526315,38,57.86029411764706,ES,36.6749,-4.49911
"Oostende, BE",medium,24,55,0.6268115942028986,0.0006987708771794779,0.0048994866200876355,0.48353096179183136,23,94.58333333333333,BE,51.1998,2.874673
"Weert, NL",small,10,10,0.5555555555555556,0.0004948586322292591,0.0011973742222968463,0.4369047619047619,9,83.0,NL,51.255299,5.60139
"Caen, FR",medium,8,33,0.6071428571428571,0.0006128037104646874,9.373901950646763e-05,0.4046306504961411,8,64.25,FR,49.17678,-0.454883
"Wiener Neustadt, AT",small,7,11,0.3333333333333333,0.0007539890165171028,0.0005372504401887816,0.3783505154639175,6,40.142857142857146,AT,47.8401165,16.2409685
"Kos Island, GR",medium,3,56,0.3333333333333333,0.000706193715646081,0.0,0.36663336663336665,3,59.0,GR,36.794523,27.09115
"Weßling, DE",medium,48,69,0.375886524822695,0.0011454771102371193,0.019478744024912942,0.49195710455764075,30,65.22916666666667,DE,48.081402,11.2831
"Kiruna, SE",small,5,16,0.8,0.0004850678670901218,0.0004818393532421601,0.4142212189616253,5,102.0,SE,67.821999,20.3368
"King's Lynn, Norfolk, GB",small,3,3,0.0,0.0004726094176663155,0.00011980741210622383,0.33515981735159817,3,20.666666666666668,GB,52.648395,0.550692
"Montichiari (BS), IT",small,21,33,0.6047619047619047,0.0005895955902671522,0.006165129061716379,0.46573604060913704,20,90.42857142857143,IT,45.428902,10.3306
"Tarbes/Lourdes/Pyrénées, FR",medium,13,41,0.6282051282051282,0.0006357815592328111,0.0008903524637885029,0.45590062111801244,13,92.3076923076923,FR,43.178699,-0.006439
"Pau/Pyrénées (Uzein), FR",medium,5,83,0.7,0.0008285443921159308,0.0001827841751019875,0.4189497716894977,5,94.6,FR,43.380001,-0.418611
"Rodez/Marcillac, FR",small,3,28,1.0,0.0005339272471619146,0.0,0.40552486187845305,3,112.33333333333333,FR,44.407902,2.48267
"Egelsbach, DE",small,14,20,0.38461538461538464,0.0006618873671334962,0.0006192715272647542,0.41942857142857143,14,52.214285714285715,DE,49.96,8.643043
"Szymany, PL",small,8,17,0.5714285714285714,0.0005271782381260173,9.210650488414922e-05,0.43899521531100477,8,90.875,PL,53.481899,20.9377
"Donegal, IE",small,2,10,1.0,0.00044946518859053774,0.0,0.3764102564102564,2,88.0,IE,55.0442008972168,-8.340999603271484
"Kavala, GR",small,1,17,0.0,0.0004973044168252298,0.0,0.35735150925024345,1,83.0,GR,40.9133,24.6192
"Paphos, CY",medium,34,108,0.5454545454545454,0.0009430422298127349,0.002054301477696121,0.4735483870967742,30,75.47058823529412,CY,34.717999,32.485699
"Agno, CH",small,16,22,0.5333333333333333,0.0007142014253464564,0.0012032723548941347,0.45085995085995084,14,82.8125,CH,46.004299,8.91058
"Thessaloniki, GR",large,52,639,0.4841628959276018,0.004321761929648955,0.017504994984316787,0.5154494382022472,35,76.0576923076923,GR,40.51928,22.970009
"Kittilä, FI",medium,17,36,0.8382352941176471,0.0005768401307290122,0.0030374676194732855,0.46811224489795916,17,106.11764705882354,FI,67.700996,24.8468
"Ferno (VA), IT",large,111,2379,0.3669123669123669,0.011900624985745376,0.014489462826817614,0.5834658187599364,38,65.31531531531532,IT,45.6306,8.72811
"Farnborough, Hampshire, GB",medium,90,311,0.36054931335830215,0.0030429974686685653,0.03718047978327182,0.5603053435114503,38,65.16666666666667,GB,51.275799,-0.776333
"Visby, SE",small,1,20,0.0,0.0005055738953264539,0.0,0.3688442211055276,1,111.0,SE,57.6628,18.346201
"Antwerp, BE",medium,47,100,0.3422756706753006,0.0012991625941421723,0.015918469907385133,0.49261744966442955,30,64.17021276595744,BE,51.190667,4.463153
"Vigo, ES",medium,11,69,0.6363636363636364,0.0007281341443578846,0.0028475659762596875,0.4379474940334129,11,92.18181818181819,ES,42.2318,-8.62677
"Lahr/Schwarzwald, DE",small,4,5,0.5,0.0004385140662929067,1.0087200832873024e-05,0.38672286617492097,4,68.0,DE,48.369301,7.82772
"Rørvik, NO",small,1,7,0.0,0.00044483345265303425,0.0,0.3123404255319149,1,19.0,NO,64.838302612305,11.14610004425
"Nottingham, Nottinghamshire, GB",small,2,4,1.0,0.00042745450169060477,0.0,0.4118967452300786,2,132.5,GB,52.919998,-1.07917
"Jerez de la Frontera, ES",medium,19,64,0.5614035087719298,0.0007740476236041964,0.004345557008262357,0.46514575411913817,17,86.52631578947368,ES,36.744598,-6.06011
"Greven, DE",medium,41,126,0.42317073170731706,0.001308763448204916,0.00961212222508654,0.497289972899729,29,73.65853658536585,DE,52.133816,7.688482
"Gaziemir, TR",medium,27,169,0.7008547008547008,0.0012057222875507532,0.003109396319874298,0.48933333333333334,24,96.29629629629629,TR,38.2924,27.157
"Cambridge, Cambridgeshire, GB",small,9,14,0.25,0.0005546684372670613,0.0009022834565694457,0.417995444191344,9,55.0,GB,52.205002,0.175
"Helsinki (Vantaa), FI",large,72,1835,0.5031298904538342,0.010679704307416079,0.0184904798208979,0.5412979351032449,38,78.31944444444444,FI,60.318363,24.963341
"Halmstad, SE",small,3,35,0.6666666666666666,0.0005833997678537587,4.399759271084049e-05,0.37448979591836734,3,55.0,SE,56.69110107421875,12.820199966430664
"Schkeuditz, DE",large,80,752,0.4468354430379747,0.004314712522916842,0.01017913976011571,0.5477611940298508,38,71.7625,DE,51.420657,12.232705
"Clermont-Ferrand, FR",medium,10,39,0.24444444444444444,0.0008134403087666335,0.0015464246147935828,0.4184720638540479,8,50.0,FR,45.786701,3.16917
"Nowe Kramsko, PL",small,4,16,0.5,0.0004805464077175587,0.00012397882174688515,0.4064230343300111,4,107.0,PL,52.1385,15.7986
"Tampere / Pirkkala, FI",medium,6,35,0.3333333333333333,0.00068938350553265,2.278144538024371e-05,0.3963282937365011,5,49.333333333333336,FI,61.414101,23.604401
"Kiel, DE",small,10,15,0.24444444444444444,0.0005978405145833582,0.0006208006478610618,0.4082313681868743,10,49.9,DE,54.37957,10.145266
"Caselle (VR), IT",medium,54,317,0.6296296296296297,0.0018554359364028454,0.008722077566111935,0.5205673758865248,38,88.57407407407408,IT,45.394955,10.887303
"Luleå, SE",medium,15,157,0.4666666666666667,0.001222564939082588,0.0028366960202546574,0.4416365824308063,13,73.0,SE,65.5438,22.122
"Jönköping, SE",small,7,11,0.38095238095238093,0.00046472666832575297,0.0004031530816197297,0.3908413205537806,7,55.142857142857146,SE,57.757598876953125,14.068699836730955
"Hyères, Var, FR",small,8,25,0.6428571428571429,0.0005344615650503257,0.001245856444086113,0.4497549019607843,7,116.5,FR,43.097301,6.14603
"Saarbrücken, DE",small,7,27,0.6666666666666666,0.0005432838067374815,0.0,0.4332939787485242,7,103.85714285714286,DE,49.217562,7.111667
"Nîmes/Garons, FR",medium,18,33,0.38562091503267976,0.0006572905621618468,0.0061928538404359456,0.45197044334975367,14,66.83333333333333,FR,43.757401,4.41635
"Oulu / Oulunsalo, FI",medium,2,108,1.0,0.0009439588303540207,0.0,0.35631067961165047,2,48.5,FI,64.930099,25.354601
"Ajaccio, FR",medium,12,150,0.7424242424242424,0.001159847514277721,0.0008323443126007467,0.45197044334975367,12,97.16666666666667,FR,41.923599,8.80292
"Stockholm / Västerås, SE",small,5,14,0.6,0.0005263502554621658,0.0017387769759265453,0.4262485481997677,4,102.8,SE,59.589401,16.6336
"Annecy, FR",medium,32,54,0.39314516129032256,0.0010702925729855735,0.014353007026394757,0.48099606815203144,22,73.25,FR,45.928947,6.0987
"Mönchengladbach, DE",medium,29,45,0.3793103448275862,0.0009311841869375676,0.004120803952343055,0.467515923566879,21,68.17241379310344,DE,51.230278,6.504444
"Friedrichshafen, DE",medium,48,101,0.46631205673758863,0.0011997642872875543,0.018629294490061656,0.5111420612813371,34,76.04166666666667,DE,47.671299,9.51149
"Castres, FR",small,1,22,0.0,0.0005063329531103888,0.0,0.39675675675675676,1,178.0,FR,43.556301,2.28918
"Jasionka, PL",medium,39,144,0.4939271255060729,0.001271570924561406,0.020961749828105537,0.49064171122994654,30,78.94871794871794,PL,50.109791,22.024155
"Grenoble, FR",medium,66,238,0.37202797202797205,0.002146746023795024,0.032949293827009514,0.5318840579710145,36,68.18181818181819,FR,45.3629,5.32937
"Eindhoven, NL",medium,48,489,0.5523049645390071,0.0027434694320379455,0.002619560899818259,0.5076071922544951,35,79.83333333333333,NL,51.4500999451,5.37452983856
"Recea, RO",small,3,11,1.0,0.0004599442762172131,0.0,0.3900106269925611,3,110.33333333333333,RO,46.467701,24.4125
"Sandefjord(Torp), NO",medium,21,244,0.6523809523809524,0.0015251529710604544,0.004403934110493685,0.4542079207920792,19,80.33333333333333,NO,59.186699,10.2586
"Košice, SK",medium,14,96,0.6703296703296703,0.000929135189190158,0.0007446995600780476,0.4503067484662577,12,97.92857142857143,SK,48.663101,21.2411
"Mahón (Maó), ES",medium,6,46,0.9333333333333333,0.0006040209987141704,0.000178699557789698,0.4282380396732789,6,109.83333333333333,ES,39.862598,4.21865
"Lincoln, Lincolnshire, GB",small,5,11,0.4,0.0010832392645016616,0.0001102608458009593,0.34076137418755803,4,15.0,GB,53.191966,-0.34651566666666667
"El Matorral, ES",small,12,16,0.5151515151515151,0.0004878394394212627,0.0016590714994421808,0.4411057692307692,12,87.16666666666667,ES,28.4527,-13.8638
"Busevec, HR",small,10,27,0.8888888888888888,0.0005317367234680392,0.0008294483022504403,0.43380614657210403,10,102.1,HR,45.647499,16.124399
"Zgornji Brnik, SI",medium,35,222,0.7495798319327731,0.0014088827650800364,0.004587245793762353,0.4993197278911565,33,99.71428571428571,SI,46.223701,14.4576
"Munich, DE",large,122,3815,0.3564557648015174,0.01925814341491823,0.016921928737567923,0.5909822866344605,38,64.18032786885246,DE,48.353802,11.7861
"Catania, IT",medium,25,57,0.6233333333333333,0.0009620230328594911,0.007067998127586316,0.4735483870967742,21,86.52,IT,37.466801,15.0664
"Szczecin(Glewice), PL",small,3,17,1.0,0.00048694305332887104,8.608298652097566e-05,0.37913223140495866,3,74.0,PL,53.584702,14.9022
"Kaunas, LT",medium,25,129,0.76,0.0010108237988105079,8.457091262123363e-05,0.47724317295188556,25,102.44,LT,54.963965,24.08582
"Roskilde, DK",medium,37,85,0.42492492492492495,0.0009893352327722325,0.01573217228470373,0.4939434724091521,27,69.72972972972973,DK,55.585602,12.1314
"Aarhus, DK",medium,12,38,0.696969696969697,0.0006208267386103796,0.0010004536846767269,0.4464720194647202,11,96.08333333333333,DK,56.303331,10.618286
"Pamplona, ES",small,9,26,0.6111111111111112,0.000573553323140008,0.0009938407353427712,0.41942857142857143,8,75.11111111111111,ES,42.77,-1.64633
"Larnaca, CY",medium,59,491,0.5862068965517241,0.002829340307014207,0.014979525500906803,0.5265423242467718,38,83.77966101694915,CY,34.875099,33.624901
"Charleroi, BE",large,79,811,0.41447581953911067,0.004800453357035015,0.0008184816742161877,0.5420974889217134,38,67.70886075949367,BE,50.461963,4.459562
"Salzburg, AT",large,99,507,0.34054834054834054,0.0034546586565691196,0.036194108702285586,0.5689922480620155,38,63.42424242424242,AT,47.793301,13.0043
"Comiso, IT",medium,5,46,0.5,0.0006145537702293872,0.0005029993313698697,0.40021810250817885,5,77.8,IT,36.99583,14.60889
"Colmar, FR",small,3,3,0.3333333333333333,0.0004803456680021608,0.00012487902702303355,0.3714574898785425,3,49.333333333333336,FR,48.109901,7.35901
"Sečovlje, SI",small,7,14,0.09523809523809523,0.0008688134433683758,0.0004613491480622198,0.3879492600422833,6,36.57142857142857,SI,45.47201,13.615951
"Ibiza (Eivissa), ES",medium,39,351,0.5519568151147098,0.0020598122652124807,0.007433223250439558,0.4946091644204852,30,82.94871794871794,ES,38.872898,1.37312
"Feldkirchen bei Graz, AT",medium,26,143,0.52,0.0013342298361018988,0.002134302795900593,0.47477360931435963,21,80.07692307692308,AT,46.9911,15.4396
"Rotterdam, NL",medium,54,282,0.39063591893780575,0.0022232421480950825,0.023177657983479812,0.5161744022503516,34,69.33333333333333,NL,51.956902,4.43722
"Wurster Nordseeküste, DE",small,3,4,0.6666666666666666,0.00042715098539333225,1.9186493768462663e-05,0.3937768240343348,3,94.33333333333333,DE,53.767689,8.659201
"Vilnius, LT",large,52,538,0.5859728506787331,0.0030370416515024864,0.0017196315644610397,0.5190947666195191,37,85.11538461538461,LT,54.634102,25.285801
"Hamburg, DE",large,104,1451,0.340739357729649,0.008090530056581854,0.030624344964529843,0.5752351097178683,38,63.20192307692308,DE,53.58284016015625,9.91189301513672
"Shannon, IE",medium,42,240,0.5876887340301974,0.0015550864492812743,0.008056824135165659,0.496617050067659,33,86.64285714285714,IE,52.702,-8.92482
"Tallinn, EE",medium,39,466,0.7246963562753036,0.0028641656591650707,0.006501420158352117,0.5041208791208791,35,95.1025641025641,EE,59.413246,24.83264
"Manching, DE",small,6,17,0.6,0.000731356615300929,0.00029123051423152007,0.40552486187845305,6,66.5,DE,48.7156982421875,11.534000396728516
"Vienna, AT",large,107,2499,0.43872332921883267,0.012414780980088623,0.015972703253955795,0.5770440251572327,38,70.71028037383178,AT,48.110298,16.5697
"Sta Cruz de la Palma, La Palma Island, ES",medium,16,49,0.7583333333333333,0.0006970834949559854,0.0008692945850809306,0.4581772784019975,15,102.4375,ES,28.626499,-17.7556
"Wilhelmshaven, DE",small,2,4,0.0,0.00047760424905150757,0.0,0.3871308016877637,2,80.0,DE,53.50222,8.052222
"Turweston, GB",small,4,4,0.5,0.00044861023299604846,0.00010107191269925478,0.3733468972533062,4,45.0,GB,52.040798,-1.09556
"Köln (Cologne), DE",large,97,1131,0.4228951890034364,0.006157471630960056,0.017920568500566898,0.5628834355828221,38,70.52577319587628,DE,50.865898,7.14274
"Bristol, GB",large,71,1005,0.4539235412474849,0.005235180847096702,0.0021578447035398443,0.5357664233576642,38,74.2394366197183,GB,51.382326,-2.716453
"Bastia, FR",medium,7,55,0.6190476190476191,0.0006915973853731643,0.00011866067220978287,0.4132882882882883,7,76.0,FR,42.5527,9.48373
"Prague, CZ",large,115,1663,0.3932875667429443,0.008734819577383703,0.008746017634608848,0.5853269537480064,38,67.90434782608696,CZ,50.100874,14.259911
"Exeter, Devon, GB",medium,16,59,0.7166666666666667,0.0007296502763568676,0.0008236014652538509,0.45875,15,101.9375,GB,50.734261,-3.413984
"Venezia (VE), IT",large,77,759,0.5280246069719754,0.0039563054644676235,0.006487087234552022,0.5445103857566765,38,78.02597402597402,IT,45.505299,12.3519
"Kuopio / Siilinjärvi, FI",medium,7,68,0.6190476190476191,0.0008345943523270548,0.0005409685578707861,0.4312573443008226,6,93.28571428571429,FI,63.007099,27.7978
"La Virgen Del Camino, ES",small,5,18,0.9,0.00048609701821764924,0.0,0.40021810250817885,5,91.0,ES,42.590709,-5.653406
"Grimsby, Lincolnshire, GB",medium,21,70,0.3952380952380952,0.0009820090991645657,0.006578084010253008,0.45703611457036114,16,63.476190476190474,GB,53.576152,-0.34954
"Mošnov, CZ",medium,21,54,0.5285714285714286,0.0008323821531135483,0.0028373648131290105,0.4669211195928753,18,79.71428571428571,CZ,49.696301,18.111099
"Ängelholm, SE",medium,6,60,0.6666666666666666,0.0007152513046142184,8.050520241112156e-05,0.4105145413870246,6,79.16666666666667,SE,56.29610061645508,12.847100257873535
"Ronchi dei Legionari/Trieste, IT",medium,27,148,0.7521367521367521,0.001087297228958281,0.0019309313057372169,0.46811224489795916,24,89.25925925925925,IT,45.827499,13.4722
"Figari, FR",medium,7,49,0.8095238095238095,0.0006565625377145197,3.647820207159629e-05,0.42427745664739885,7,101.14285714285714,FR,41.50185,9.097092
"Bologna, IT",large,73,884,0.5178843226788432,0.004767140697858493,0.008508539133867881,0.5357664233576642,38,77.93150684931507,IT,44.5354,11.2887
"Trabzon, TR",medium,14,178,0.6703296703296703,0.001227885174643166,0.004842016381715061,0.4598997493734336,11,87.14285714285714,TR,40.995098,39.7897
"Charmeil, Allier, FR",small,3,21,0.6666666666666666,0.0005207140255060195,1.9901811351450263e-05,0.3997821350762527,3,75.0,FR,46.16969,3.403637
"Trondheim, NO",large,19,672,0.5029239766081871,0.004204987478457321,0.006871384262754396,0.453646477132262,15,64.63157894736842,NO,63.457802,10.924
"Bremen, DE",medium,30,259,0.39770114942528734,0.0016879797782533433,0.0055614341551152415,0.47911227154047,20,71.46666666666667,DE,53.046786,8.78932
"Arvidsjaur, SE",small,16,40,0.5666666666666667,0.0006262281869758718,0.000957509410236256,0.4525277435265105,16,83.8125,SE,65.59030151367188,19.28190040588379
"Balice, PL",large,93,1314,0.4523141654978962,0.00669315341598598,0.0051960278892248385,0.5620214395099541,38,71.65591397849462,PL,50.077702,19.7848
"Nuremberg, DE",medium,68,408,0.4438103599648815,0.002637743907188561,0.010626122069328009,0.5318840579710145,37,73.13235294117646,DE,49.498699,11.078056
"Darlington, Durham, GB",medium,17,67,0.5294117647058824,0.0008643823239132358,0.0020010052834359697,0.4610552763819096,15,83.6470588235294,GB,54.509201,-1.42941
"Funchal, PT",large,56,535,0.5636363636363636,0.002880878528058065,0.0008240391118403741,0.5169014084507042,38,81.58928571428571,PT,32.697812,-16.774613
"Timişoara, RO",medium,24,93,0.5036231884057971,0.000886869488012137,0.0007010920324256953,0.45760598503740646,22,78.625,RO,45.809898,21.3379
"Stavanger, NO",large,24,658,0.605072463768116,0.0034185153882777385,0.0040837076798955615,0.4633838383838384,20,77.5,NO,58.876701,5.63778
"Bern, CH",medium,60,138,0.384180790960452,0.0015794510890851157,0.017775162874669286,0.5235378031383737,34,67.9,CH,46.912736,7.498819
"Nottingham, Leicestershire, GB",medium,58,464,0.44646098003629764,0.0028326717218327135,0.005047258239773873,0.5140056022408963,37,72.06896551724138,GB,52.8311,-1.32806
"Saint-Jacques-de-la-Lande, Ille-et-Vilaine, FR",medium,30,140,0.5701149425287356,0.001284460007589453,0.0031201860040396888,0.48226018396846254,24,83.23333333333333,FR,48.0695,-1.73479
"Augsburg, DE",small,26,50,0.27076923076923076,0.0011270733602908333,0.005746382188901511,0.4416365824308063,19,51.34615384615385,DE,48.425278,10.931667
"Bergen, NO",large,35,962,0.5512605042016807,0.004994739933697076,0.0017440117780969015,0.49064171122994654,27,79.65714285714286,NO,60.2934,5.21814
"Marignane, Bouches-du-Rhône, FR",large,76,1046,0.44491228070175437,0.006247705089922613,0.011243609448240311,0.5397058823529411,38,72.21052631578948,FR,43.438088,5.2125
"Liverpool, GB",large,67,513,0.3279059249208503,0.0037218190650953973,0.007307084518888107,0.5220483641536273,34,62.19402985074627,GB,53.334863,-2.849637
"Badajoz, ES",small,3,15,1.0,0.00047328716910341494,0.0,0.3937768240343348,3,107.66666666666667,ES,38.8913,-6.82133
"Southampton, GB",medium,30,225,0.4827586206896552,0.0014706059441981897,0.0021833673194220455,0.4735483870967742,25,74.26666666666667,GB,50.950298,-1.3568
"Łódź, PL",medium,9,53,0.8333333333333334,0.0006432829765389938,5.78096608204975e-05,0.4437726723095526,9,110.77777777777777,PL,51.721901,19.3981
"Barrow-in-Furness, GB",small,4,27,0.5,0.0005671028715969202,0.0,0.417995444191344,4,105.5,GB,54.1286111,-3.2675
"Katowice, PL",medium,61,404,0.5010928961748634,0.002543437708718512,0.010920993028044385,0.5272988505747126,38,76.85245901639344,PL,50.476015,19.080705
"Alicante, ES",large,110,1755,0.32894078398665555,0.009747063370323963,0.0062924718615498575,0.5716510903426791,38,61.75454545454546,ES,38.2822,-0.558156
"Woking, Surrey, GB",small,13,21,0.32051282051282054,0.000918353077622403,0.0013148339504068273,0.4237875288683603,10,49.46153846153846,GB,51.348099,-0.558889
"Seville, ES",large,76,1035,0.4926315789473684,0.005310205671755089,0.0015105823215309745,0.5342066957787481,38,74.86842105263158,ES,37.417999,-5.89311
"Dundee, GB",small,10,27,0.4444444444444444,0.000583165947864363,0.0009438575299088167,0.43024618991793667,10,80.4,GB,56.452499,-3.02583
"Siljansnäs, SE",small,4,7,0.3333333333333333,0.0004903166318446165,9.259487049273871e-05,0.37410805300713557,4,45.75,SE,60.785099,14.8272
"Stockholm, SE",large,111,2689,0.3857493857493858,0.015501131851035486,0.023883853859292013,0.5834658187599364,38,67.10810810810811,SE,59.5014455,17.935264500000002
"Palermo, IT",medium,42,346,0.5481997677119629,0.0022605686358620003,0.0054634328976495075,0.496617050067659,31,79.88095238095238,IT,38.145959,13.202185
"Zaragoza, ES",medium,37,98,0.524024024024024,0.0014101474331207936,0.01559107048252016,0.5,27,81.72972972972973,ES,41.666199,-1.04155
"Eskişehir, TR",small,4,4,0.16666666666666666,0.00043760469704522435,0.0022243416552837933,0.38229166666666664,4,62.75,TR,39.811644,30.519268
"Derry, Derry and Strabane, GB",small,6,12,0.6,0.00046232177548498647,7.628758473474383e-05,0.41990846681922195,6,99.5,GB,55.042801,-7.16111
"Colombier-Saugnieu, Rhône, FR",large,81,1183,0.4469135802469136,0.006458618398406667,0.009193214610959436,0.5469448584202683,38,72.95061728395062,FR,45.725996,5.090139
"Spata-Artemida, GR",large,83,1957,0.45930061710255654,0.012150829577536122,0.021863434596855167,0.5552193645990923,38,73.2289156626506,GR,37.936401,23.9445
"Wrocław, PL",large,57,515,0.5726817042606517,0.002861250199806387,0.0020872094320739136,0.5154494382022472,38,81.3157894736842,PL,51.103719,16.882096
"Birmingham, West Midlands, GB",large,78,1200,0.4468864468864469,0.005980468200481435,0.009747005324083348,0.540500736377025,38,74.07692307692308,GB,52.453899,-1.74803
"Capua, IT",small,8,11,0.9642857142857143,0.00045476070961907803,0.0011797212891791603,0.43899521531100477,8,127.875,IT,41.116001,14.178
"Nice, Alpes-Maritimes, FR",large,87,629,0.4728682170542636,0.0037112366849101335,0.017192044994042255,0.5603053435114503,38,74.39080459770115,FR,43.658401,7.21587
"Alajero, La Gomera Island, ES",medium,18,30,0.6013071895424836,0.0005683680077080947,0.0031923517522934575,0.4564676616915423,18,89.16666666666667,ES,28.0296,-17.2146
"Lublin, PL",small,6,19,0.8,0.0004970825115315487,4.8662058945548335e-05,0.42038946162657503,6,106.16666666666667,PL,51.240157,22.713461
"Granada, ES",small,6,20,0.8666666666666667,0.0005044906428779836,8.061153449343156e-05,0.4086859688195991,6,85.0,ES,37.188702,-3.77736
"Orio al Serio (BG), IT",large,100,1117,0.374949494949495,0.0061757367668953105,0.01582815250607568,0.5672333848531684,38,65.16,IT,45.669362,9.708851
"Nyköping, SE",small,6,18,0.4,0.0005482062481779234,0.0015620994701306793,0.40732519422863483,5,79.16666666666667,SE,58.789656,16.911479
"Calden, DE",small,14,14,0.4835164835164835,0.0005762236287380506,0.0025934851488507824,0.4427020506634499,14,73.42857142857143,DE,51.418395,9.391638
"Lossiemouth, Moray, GB",small,3,6,0.3333333333333333,0.0007953472440338883,0.00012487309612873557,0.41097424412094063,3,72.0,GB,57.7052,-3.33917
"Newquay, GB",medium,18,74,0.41830065359477125,0.0010384115562161208,0.00424165476592485,0.4610552763819096,14,71.22222222222223,GB,50.440601,-4.99541
"Mannheim, DE",small,26,42,0.4338461538461538,0.0008444813320452082,0.003634827558350579,0.453646477132262,20,59.84615384615385,DE,49.473057,8.514167
"Göteborg, SE",large,61,683,0.4704918032786885,0.004036803623669264,0.013975799013591538,0.5288184438040345,37,74.8360655737705,SE,57.71875,12.075099999999999
"Kuressaare, EE",small,1,13,0.0,0.00047550935139162613,0.0,0.33546617915904936,1,39.0,EE,58.22990036010742,22.50950050354004
"Perpignan/Rivesaltes, FR",medium,10,38,0.4444444444444444,0.0006624626381231024,0.0010686704207921542,0.43024618991793667,10,71.0,FR,42.740398,2.87067
"Weeze, DE",medium,25,112,0.41333333333333333,0.0010489312426081527,0.0016214358516047026,0.4723294723294723,20,73.2,DE,51.601362,6.141228
"Braunschweig, DE",medium,26,47,0.44,0.001156261571223971,0.005749944703806824,0.46514575411913817,20,70.76923076923077,DE,52.319199,10.5561
"Villanova d'Albenga (SV), IT",small,6,6,0.2,0.0005586001862877251,0.0007205019554830879,0.38031088082901554,6,36.166666666666664,IT,44.050598,8.12743
"Charlestown, IE",medium,9,97,0.6666666666666666,0.0008695247487552675,0.0,0.43899521531100477,9,107.66666666666667,IE,53.910439,-8.817002
"Segrate (MI), IT",large,104,1759,0.3648244958924571,0.009426628013682558,0.022391079118168705,0.5770440251572327,38,65.07692307692308,IT,45.445099,9.27674
"Nantes, FR",large,43,668,0.654485049833887,0.0036080439291592756,0.001159485388992057,0.4986413043478261,34,87.81395348837209,FR,47.153198,-1.61073
"Velika Gorica, HR",medium,47,323,0.5541165587419057,0.0019457875609025647,0.005224193629877238,0.5111420612813371,34,86.27659574468085,HR,45.742901,16.0688
"Luton, Luton, GB",large,118,1544,0.33579603071128494,0.00882029761200409,0.011112941298360629,0.5862619808306709,38,62.16101694915254,GB,51.874699,-0.368333
"Treviso (TV), IT",medium,39,102,0.5033738191632928,0.0010269337716298397,0.007844684533982862,0.48868175765645805,33,77.12820512820512,IT,45.648399,12.1944
"Antalya, TR",large,56,729,0.5142857142857142,0.003870969507409964,0.004657711218084026,0.5176304654442877,37,77.83928571428571,TR,36.898701,30.800501
"Girona, ES",medium,15,40,0.34285714285714286,0.0006875160491300374,0.0009688803673704528,0.44057623049219685,14,67.0,ES,41.904639,2.761774
"Palma de Mallorca, ES",large,105,1679,0.36227106227106226,0.00899998897702224,0.019160972640138527,0.5672333848531684,38,65.94285714285714,ES,39.551701,2.73881
"Stuttgart, DE",large,80,769,0.4462025316455696,0.004317302352673575,0.027871553631360964,0.5518796992481203,38,72.6875,DE,48.689899,9.22196
"Wevelgem, BE",small,33,39,0.42045454545454547,0.0010364517495090094,0.015121226377788597,0.488031914893617,25,76.18181818181819,BE,50.818878,3.209551
"Lesquin, FR",medium,29,103,0.3768472906403941,0.0013219238938637205,0.0050270326637848846,0.4633838383838384,20,60.86206896551724,FR,50.566564,3.102429
"Düsseldorf, DE",large,94,1498,0.4310226492793411,0.0079332139590617,0.01381103762235264,0.5646153846153846,38,71.46808510638297,DE,51.289501,6.76678
"Samsun, TR",small,1,6,0.0,0.00043444440616511785,0.0,0.3699596774193548,1,115.0,TR,41.253988,36.567546
"Rome, IT",large,132,3635,0.34871616932685634,0.018401580731203886,0.013560187399743294,0.6046128500823723,38,62.75,IT,41.8016505,12.423664500000001
"Zurich, CH",large,125,3256,0.3558709677419355,0.01567112229437909,0.025983840255666055,0.598694942903752,38,64.256,CH,47.458056,8.548056
"Manchester, Greater Manchester, GB",large,106,2332,0.4199460916442049,0.011360783512366565,0.004367935091619028,0.5770440251572327,38,70.23584905660377,GB,53.349375,-2.279521
"Mytilene, GR",medium,3,82,1.0,0.0009031336679036451,0.0,0.36264822134387353,3,46.0,GR,39.057406,26.598629
"Alexandroupolis, GR",small,2,53,1.0,0.0006868703380475882,0.0,0.38031088082901554,2,97.0,GR,40.8559,25.956301
"Broughton, GB",small,22,41,0.3593073593073593,0.0008622828354749463,0.004584965585178582,0.46163522012578617,18,68.45454545454545,GB,53.178101,-2.97778
"Klagenfurt am Wörthersee, AT",small,8,11,0.9642857142857143,0.00045523153720057846,0.001475041627794977,0.43847072879330945,8,121.375,AT,46.642502,14.3377
"Jyväskylän Maalaiskunta, FI",medium,4,33,0.16666666666666666,0.0006490790830156358,0.0,0.35631067961165047,4,24.0,FI,62.399502,25.678301
"Santiago de Compostela, ES",medium,17,160,0.6838235294117647,0.0011298561443748322,0.0017522974227405473,0.45760598503740646,16,91.76470588235294,ES,42.896301,-8.41514
"Uherské Hradiště, CZ",small,4,6,0.3333333333333333,0.0005107412221069293,6.710753936635245e-05,0.3811007268951194,4,58.0,CZ,49.0294,17.439699
"Rota, ES",small,3,9,0.6666666666666666,0.00045703155098190257,1.6718302516638033e-05,0.3908413205537806,3,84.66666666666667,ES,36.645198822,-6.34946012497
"Maastricht, NL",medium,23,40,0.6007905138339921,0.0006550357136495469,0.005736380157006207,0.4766233766233766,20,88.52173913043478,NL,50.911087,5.769401
"Kidlington, Oxfordshire, GB",medium,40,68,0.36538461538461536,0.0011746122578452202,0.014538916307276316,0.48868175765645805,29,69.1,GB,51.836899,-1.32
"Laage, DE",small,18,29,0.35294117647058826,0.001107215549358183,0.0019139272081584483,0.4262485481997677,14,52.666666666666664,DE,53.918201,12.2783
"Paris, FR",large,178,7863,0.2391290547832159,0.04151324855657091,0.027180869478192874,0.6565295169946332,38,52.36516853932584,FR,49.3032125,2.247938
"Burbach, DE",small,5,5,0.4,0.0004646305959726045,0.00047099678022355157,0.39891304347826084,5,65.8,DE,50.707699,8.08297
"Hannover, DE",large,61,568,0.3983606557377049,0.0036116479634223514,0.007013788597510416,0.5213068181818182,35,70.08196721311475,DE,52.461102,9.68508
"Rhodes, GR",medium,12,82,0.6363636363636364,0.0008963888658168996,0.005477636134015689,0.44538834951456313,11,85.41666666666667,GR,36.405399,28.086201
"Lelystad, NL",small,10,11,0.35555555555555557,0.0007407951677161691,0.006479158259148463,0.42674418604651165,8,61.9,NL,52.453188,5.514622
"Bucharest, RO",large,100,1380,0.4385858585858586,0.007882611059006492,0.00196853271486762,0.5654853620955316,38,71.14,RO,44.537462500000004,26.1031145
"St. Gallen, CH",medium,55,134,0.44242424242424244,0.0014994055047680792,0.01780814504634576,0.5213068181818182,34,73.96363636363637,CH,47.485001,9.56077
"Samos Island, GR",small,3,12,1.0,0.000480379511677735,0.0,0.3630069238377844,3,49.0,GR,37.689999,26.911699
"Berlin, DE",large,122,2422,0.3720363094431649,0.011986332148526261,0.01689755599441117,0.5938511326860841,38,65.6639344262295,DE,52.361738,13.502341
"Cascais, PT",medium,33,68,0.5814393939393939,0.0014745801901110878,0.008744115471710057,0.48738379814077026,28,87.75757575757575,PT,38.724998,-9.35523
"Lamezia Terme (CZ), IT",medium,26,297,0.5784615384615385,0.001927237393871023,0.0016285649662109805,0.46573604060913704,24,79.1923076923077,IT,38.906214,16.246007
"Erfurt, DE",small,9,14,0.5277777777777778,0.0007146932053361816,0.0010957415006649165,0.41657207718501704,8,72.44444444444444,DE,50.978281,10.960713
"Bolzano (BZ), IT",medium,35,61,0.5126050420168067,0.0008188968140650393,0.008456775437727763,0.4932795698924731,29,82.82857142857142,IT,46.459245,11.326125
"Strasbourg, FR",medium,25,132,0.6333333333333333,0.0011682628169927343,0.0022191014256285188,0.4711168164313222,21,86.08,FR,48.5383,7.62823
"Ronneby, SE",small,3,48,1.0,0.0006455834647410839,1.3535724008123395e-05,0.3904255319148936,3,84.0,SE,56.266701,15.265
"Gdańsk, PL",medium,66,399,0.45454545454545453,0.0024891060710881627,0.014568832432511487,0.5265423242467718,38,72.62121212121212,PL,54.377602,18.4662
"Istanbul, TR",large,115,4849,0.3763539282990084,0.025521981210993347,0.02329602853931555,0.5862619808306709,38,65.84347826086956,TR,41.048463,28.955016666666666
"Bratislava, SK",medium,56,296,0.4935064935064935,0.002119852388632225,0.01575350381818746,0.5235378031383737,35,77.73214285714286,SK,48.1702,17.2127
"Rheinmünster, DE",medium,22,82,0.4935064935064935,0.0008157575764867279,0.00047725231320241995,0.4663278271918678,21,78.5909090909091,DE,48.7794,8.0805
"Barcelona, ES",large,129,4582,0.3500484496124031,0.022540939839499473,0.009223135236103963,0.601639344262295,38,63.07751937984496,ES,41.2971,2.07846
"Sønderborg, DK",medium,13,59,0.5641025641025641,0.0006886600263120543,0.004234337264980818,0.4332939787485242,12,84.3076923076923,DK,54.96440124511719,9.791729927062988
"Aalborg, DK",medium,18,269,0.49673202614379086,0.0016465041150278646,0.0033032893757399297,0.4525277435265105,15,73.83333333333333,DK,57.094763,9.84993
"Valletta, MT",large,90,1025,0.5078651685393258,0.0054345359336527566,0.004287435026324436,0.554380664652568,38,76.36666666666666,MT,35.845932,14.491546
"Mehamn, NO",small,1,3,0.0,0.00042778838661861805,0.0,0.30057330057330056,1,13.0,NO,71.029701,27.8267
"Billund, DK",medium,55,414,0.4505050505050505,0.0024784687920568413,0.015172469883083206,0.5132867132867133,35,72.85454545454546,DK,55.740335,9.157019
"Luxembourg, LU",large,73,891,0.5353881278538812,0.004598641138106603,0.016982845875186437,0.5437037037037037,38,81.17808219178082,LU,49.626845,6.212134
"Firenze (FI), IT",medium,34,261,0.6506238859180036,0.0015673542182022997,0.0030085969786744857,0.49064171122994654,30,90.32352941176471,IT,43.808558,11.202822
"Albert, FR",small,2,3,0.0,0.00047846676671548264,0.005449591280653951,0.3144815766923736,2,8.5,FR,49.970049,2.693939
"Poprad, SK",small,8,18,0.5,0.0005326840596904752,0.00016711549142830125,0.41097424412094063,8,71.375,SK,49.070994,20.241394
"Innsbruck, AT",medium,56,368,0.4064935064935065,0.002387069441304861,0.014721730352639644,0.5190947666195191,34,69.03571428571429,AT,47.260201,11.344
"Camberley, Surrey, GB",small,7,7,0.19047619047619047,0.0005998134701313558,0.003477766943401707,0.4064230343300111,6,57.42857142857143,GB,51.323898,-0.8475
"Buochs, CH",small,8,9,0.39285714285714285,0.0004654942926398195,0.0007546599590224252,0.4208715596330275,8,78.125,CH,46.974444,8.396944
"Belfast, GB",large,44,1341,0.49682875264270615,0.006704439581924125,0.0066478768574409364,0.49594594594594593,33,73.31818181818181,GB,54.63780011035,-6.0441649246199995
"Warton, GB",small,7,21,0.3333333333333333,0.0009396831090999623,0.0008796214541338705,0.42038946162657503,5,60.142857142857146,GB,53.745098,-2.88306
"Groningen, NL",small,27,41,0.47293447293447294,0.0007242902594171909,0.005051637819676208,0.4735483870967742,21,77.37037037037037,NL,53.119107,6.577652
"Carterton, Oxfordshire, GB",medium,8,37,0.17857142857142858,0.002069592458890523,0.0015410313525538472,0.3834900731452456,5,32.25,GB,51.75,-1.58362
"Chambéry, FR",medium,71,248,0.39678068410462775,0.002288943625319624,0.02749101415701054,0.540500736377025,38,69.46478873239437,FR,45.6381,5.88023
"Aberdeen, GB",medium,28,439,0.6137566137566137,0.0024364196218896322,0.0002566609157069485,0.4735483870967742,24,78.78571428571429,GB,57.2019,-2.19778
"Linz, AT",medium,35,75,0.6638655462184874,0.0008517286810023757,0.01013556209935991,0.49796472184531887,30,93.22857142857143,AT,48.267703,14.260867000000001
"Biarritz, FR",medium,8,101,0.6785714285714286,0.0008846999309139369,0.00015902959861761808,0.4411057692307692,8,99.875,FR,43.468372,-1.523223
"Locarno, CH",small,6,6,0.2,0.0005291147363291797,0.00047998647719748634,0.3946236559139785,6,51.333333333333336,CH,46.160801,8.87861
"Pescara, IT",medium,18,104,0.3790849673202614,0.001012914428506679,0.005663702557952443,0.44538834951456313,14,66.11111111111111,IT,42.431079,14.182981
"San Javier, ES",small,2,13,1.0,0.0005617451779927487,0.0,0.3363886342804766,2,26.5,ES,37.775002,-0.812389
"Farranfore, IE",medium,8,66,0.5,0.0007514380091016334,1.7184778856475208e-05,0.4312573443008226,8,102.625,IE,52.180901,-9.52378
"Angers, FR",small,7,8,0.47619047619047616,0.0004793372278194407,0.0005741425500683729,0.4218390804597701,7,73.28571428571429,FR,47.560299,-0.312222
"Zaventem, BE",large,85,1292,0.5042016806722689,0.006481868399909695,0.00906545517321837,0.5569044006069803,38,77.01176470588236,BE,50.901402,4.48444
"Büren, DE",medium,18,39,0.7058823529411765,0.0006227461627591967,0.0018467273516483882,0.4622166246851385,17,96.88888888888889,DE,51.612527,8.617459
"Lisbon, PT",large,80,2190,0.5917721518987342,0.010355238389184089,0.007992026700610414,0.5518796992481203,38,83.3625,PT,38.7813,-9.13592
"Avignon, FR",small,18,23,0.5751633986928104,0.0006250138508416965,0.004472987585928089,0.4564676616915423,16,85.61111111111111,FR,43.907299,4.90183
"Geneva, CH",large,132,2705,0.32882257691418,0.013695388400341058,0.027613349734983507,0.6046128500823723,38,61.70454545454545,CH,46.238098,6.10895
"Toulouse/Blagnac, FR",large,68,1026,0.42010535557506584,0.005977380825778478,0.009081877143848402,0.5242857142857142,37,67.83823529411765,FR,43.629101,1.36382
"Hof, DE",small,5,5,0.2,0.0004401143916948416,0.00017256641500822627,0.3984799131378936,5,63.0,DE,50.288544,11.852876
"Aix en Provence, FR",small,8,10,0.14285714285714285,0.0005685528341132025,0.0010357971203165954,0.3879492600422833,7,34.875,FR,43.506294,5.366426
"Linköping, SE",medium,3,33,1.0,0.0005544407840638295,0.0,0.3984799131378936,3,111.0,SE,58.404909,15.684499
"Grâce-Hollogne, BE",medium,36,193,0.5412698412698412,0.0013486132610547013,0.004590022338633061,0.5,30,83.25,BE,50.638574,5.443897
"Osijek(Klisa), HR",small,5,11,0.5,0.00045854815331339884,0.00016151617084174925,0.40507726269315675,5,97.0,HR,45.462355,18.811278
"Samedan, CH",small,23,33,0.5691699604743083,0.0006636465793175101,0.004957641939315124,0.47477360931435963,20,88.0,CH,46.5341,9.88411
"Constanța, RO",small,5,14,0.8,0.00047364504688110167,1.7218264940814e-05,0.4046306504961411,5,95.2,RO,44.362202,28.4883
"Beauvais, FR",medium,43,346,0.6112956810631229,0.0020079065107211024,0.00025764333068374514,0.48998664886515353,34,79.16279069767442,FR,49.454399,2.11278
"Cranfield, Central Bedfordshire, GB",small,5,6,0.1,0.0005016828757563478,0.0003284091635485414,0.4024122807017544,5,74.6,GB,52.072201,-0.616667
"Toussus-le-Noble, Yvelines, FR",small,24,35,0.17753623188405798,0.0010567225803878584,0.010931264517609873,0.4416365824308063,16,41.75,FR,48.7519,2.10619
"Cannes, FR",medium,34,77,0.5490196078431373,0.0009733692326075202,0.013570981682212584,0.4848084544253633,26,83.91176470588235,FR,43.547998,6.955176
"Budapest, HU",large,116,1654,0.4065967016491754,0.00878150157933486,0.01149340589003604,0.5862619808306709,38,68.25862068965517,HU,47.4908415,19.1193895
"Dortmund, DE",medium,41,145,0.48292682926829267,0.001357191937289792,0.014613426872338785,0.49594594594594593,30,75.65853658536585,DE,51.518299,7.61224
"Edremit, TR",small,1,19,0.0,0.0004925884456098297,0.0,0.3699596774193548,1,115.0,TR,39.552533,27.010192
"Poznań, PL",medium,50,352,0.56,0.002062257067095827,0.00764870412410403,0.5041208791208791,35,81.06,PL,52.421598,16.823359
"Vila Baleira, PT",small,4,7,1.0,0.0004385840827400249,7.793030529440051e-06,0.4189497716894977,4,108.75,PT,33.0733985901,-16.3500003815
"Cork, IE",medium,33,323,0.7765151515151515,0.0018265083220691308,0.0009653601464319225,0.49195710455764075,33,100.33333333333333,IE,51.841301,-8.49111
"Nowy Dwór Mazowiecki, PL",medium,36,239,0.5317460317460317,0.0016028714072301858,0.00445530984553321,0.48998664886515353,30,80.0,PL,52.451099,20.6518
"Porto, PT",large,83,1639,0.47869526888039965,0.008405166740767746,0.006647227893373541,0.5437037037037037,38,75.09638554216868,PT,41.2481002808,-8.68138980865
"Chabeuil, Drôme, FR",small,12,17,0.16666666666666666,0.0008524974489231476,0.0023905534366973334,0.40687361419068735,10,35.916666666666664,FR,44.9216,4.9699
"Karmøy, NO",small,2,28,1.0,0.0005381966146183265,0.0,0.36810431293881646,2,74.5,NO,59.345299,5.20836
"Kristiansand(Kjevik), NO",medium,6,169,0.9333333333333333,0.0011631798304148314,0.0,0.4010928961748634,6,71.0,NO,58.204201,8.08537
"Culleredo, ES",medium,15,183,0.638095238095238,0.0012606457689535006,0.0008966580634244827,0.44865525672371637,12,86.13333333333334,ES,43.302101,-8.37726
"Örebro, SE",small,10,37,0.6444444444444445,0.000591388799048813,6.771649922534909e-05,0.4082313681868743,10,68.2,SE,59.22370147705078,15.038000106811523
"Røros, NO",small,1,11,0.0,0.00045865133597268654,0.0,0.3587487781036168,1,83.0,NO,62.578399658203,11.342300415039
"Alghero, IT",medium,10,123,0.5111111111111111,0.0010358251103006412,0.00012913498121284198,0.41143497757847536,9,72.6,IT,40.632099,8.29077
"Edinburgh, GB",large,88,1663,0.48772204806687564,0.00814832708652011,0.003149082000172244,0.5611620795107034,38,75.61363636363636,GB,55.950145,-3.372288
"Parma (PR), IT",small,11,15,0.5636363636363636,0.0005497101238454978,0.0009772058276270362,0.4427020506634499,11,91.9090909090909,IT,44.826351,10.29705
"Zirchow, DE",small,2,3,1.0,0.00042458088935887374,0.0,0.37410805300713557,2,75.0,DE,53.8787,14.1523
"Maribor, SI",small,7,9,0.2857142857142857,0.0005696519398669717,0.0004212880242602239,0.40021810250817885,6,53.714285714285715,SI,46.4799,15.6861
"Malmö, SE",medium,25,142,0.3333333333333333,0.001197199636785987,0.017995139955007077,0.4564676616915423,18,59.24,SE,55.535564,13.376327
"Bodø, NO",medium,13,286,0.32051282051282054,0.002264359637800383,0.011626569432939259,0.42923976608187137,9,51.92307692307692,NO,67.269203,14.3653
"Bydgoszcz, PL",medium,10,51,0.6666666666666666,0.0006329719564831062,0.0,0.4332939787485242,10,100.4,PL,53.096802,17.977699
"Bodrum, TR",medium,7,69,0.6190476190476191,0.0007192155830614011,0.005876375433347801,0.4287383177570093,6,72.42857142857143,TR,37.194706499999995,27.6668555
"Amsterdam, NL",large,150,5885,0.30523489932885906,0.029417164941809484,0.019694535896802617,0.6241496598639455,38,59.34,NL,52.308601,4.76389
"Perugia (PG), IT",small,14,27,0.3516483516483517,0.0007412225086228998,0.013096040742445334,0.44865525672371637,11,72.78571428571429,IT,43.095901,12.5132
"Turku, FI",medium,11,48,0.6545454545454545,0.0006390111971841034,0.00024398300504080076,0.43431952662721895,11,80.81818181818181,FI,60.514099,22.2628
"Bournemouth, GB",medium,23,83,0.5968379446640316,0.0008288909967406667,0.0007712886696047893,0.46163522012578617,21,80.52173913043478,GB,50.780483,-1.839576
"Leixlip, IE",small,7,11,0.3333333333333333,0.0007177412250852774,0.0003396910249517924,0.3925133689839572,6,43.285714285714285,IE,53.351622,-6.490357
"Frankfurt am Main, DE",large,126,4704,0.36165079365079367,0.022699928119971693,0.016298749680194926,0.5967479674796748,38,64.36507936507937,DE,50.026706,8.55835
"Romney Marsh, Kent, GB",small,5,5,0.1,0.0005332422999763484,0.0003462963305863506,0.3710819009100101,5,30.0,GB,50.956246,0.939074
"Limnos Island, GR",small,3,32,1.0,0.0006006764469473699,0.005449591280653951,0.36264822134387353,3,46.0,GR,39.917098999,25.236299514799995
"Calais, FR",small,3,3,0.3333333333333333,0.0004341238833261156,3.1450843248974376e-05,0.36408730158730157,3,47.666666666666664,FR,50.962101,1.95476
"Wolverhampton, Staffordshire, GB",small,3,4,0.3333333333333333,0.0005008345467591211,4.2950101458960225e-05,0.41143497757847536,3,76.0,GB,52.517502,-2.25944
"Valladolid, ES",small,3,3,0.6666666666666666,0.00043652667680812865,0.00038034114167731373,0.40374037403740376,3,80.66666666666667,ES,41.7061,-4.85194
"Saint-Denis-de-l'Hôtel, Loiret, FR",small,5,5,0.7,0.00048676144793227666,0.000672167646913982,0.4132882882882883,5,76.6,FR,47.897758,2.164478
"San Bartolomé, ES",small,15,21,0.6476190476190476,0.0005281437412535134,0.001410775054106023,0.44538834951456313,15,90.6,ES,28.945499,-13.6052
"Portimão, PT",small,2,5,0.0,0.00048802720931201475,0.0,0.3491912464319695,2,43.5,PT,37.1493,-8.58396
"Vila Real, PT",small,1,6,0.0,0.0005181845383049515,0.0,0.32797140303842715,1,33.0,PT,41.2743,-7.72047
"Cluj-Napoca, RO",small,14,22,0.8241758241758241,0.0005193425274731086,0.0026538302339258347,0.4459295261239368,14,99.0,RO,46.786042,23.685733
"La Baule-Escoublac, FR",small,2,3,0.0,0.000451305640375733,6.9484770427281705e-06,0.325066430469442,2,20.0,FR,47.289398,-2.34639
"Trento (TN), IT",small,30,56,0.4827586206896552,0.0008294106929341777,0.0069389801728468705,0.48738379814077026,25,80.4,IT,46.023333,11.125
"Sion, CH",small,3,3,0.3333333333333333,0.000430898508440643,0.0003206744249824933,0.41468926553672314,3,105.33333333333333,CH,46.219166,7.326944
"Šiauliai, LT",small,4,4,0.3333333333333333,0.00044143431898027437,0.0001716959124939111,0.3795243019648397,4,55.5,LT,55.89390182495117,23.395000457763672
"Växjö, SE",small,7,10,0.5714285714285714,0.0004646135032978574,0.00027752213680196677,0.4100558659217877,7,75.85714285714286,SE,56.929100036621094,14.727999687194824
"Tartu, EE",small,1,4,0.0,0.0004273912676036899,0.0,0.35153256704980845,1,72.0,EE,58.307438,26.686473
"Le Castellet, Var, FR",small,10,14,0.4222222222222222,0.0005951554084796597,0.0012267967947732726,0.42674418604651165,10,78.2,FR,43.252499,5.78519
"Selçuk, TR",medium,5,73,0.9,0.0007405032624428533,0.0,0.42038946162657503,5,78.8,TR,37.950699,27.329
"Pécs, HU",small,2,3,0.0,0.00046897866676213953,1.0635424044992098e-06,0.3718338399189463,2,62.5,HU,45.988891,18.242044
"Zakynthos, GR",small,3,15,0.0,0.0004899932878988968,7.148010204414642e-05,0.36336633663366336,3,42.333333333333336,GR,37.7509,20.8843
"Skiros Island, GR",small,1,3,0.0,0.0004248576538448405,0.0,0.3404452690166976,1,52.0,GR,38.9676017761,24.4871997833
"Coventry, West Midlands, GB",small,3,4,0.3333333333333333,0.00046129686160765375,3.738522649443369e-05,0.3900106269925611,3,75.66666666666667,GB,52.369701,-1.47972
"Arad, RO",small,2,3,1.0,0.0004216087097162885,0.0,0.3908413205537806,2,120.0,RO,46.176136,21.264322
"Dalaman, TR",small,2,10,1.0,0.0004539490893799633,0.0,0.3760245901639344,2,85.5,TR,36.7131,28.7925
"Pardubice, CZ",small,2,8,0.0,0.0004449152023252107,0.0,0.38590956887486855,2,123.0,CZ,50.015049,15.73981
"Kalymnos Island, GR",small,1,3,0.0,0.00042343735232977205,0.0,0.35735150925024345,1,83.0,GR,36.9632987976,26.9405994415
"Hondarribia, ES",small,2,10,1.0,0.00045110305158940783,0.0,0.3900106269925611,2,132.0,ES,43.356499,-1.79061
"Chalons en Champagne, FR",small,3,4,1.0,0.0004254010656353495,6.0362335552958265e-05,0.41097424412094063,3,125.33333333333333,FR,48.77333,4.20611
"Atting, DE",small,2,3,0.0,0.0004773204348564595,0.0,0.35909980430528377,2,49.0,DE,48.900833,12.516667
"Giebelstadt, DE",small,3,3,0.3333333333333333,0.00046010065492962937,0.00013075906906363143,0.37448979591836734,3,58.666666666666664,DE,49.6480560303,9.966388702390002
"Evenes, NO",small,6,26,0.5333333333333333,0.0005372349530429345,0.0001197491611493088,0.4019715224534502,6,62.5,NO,68.491302,16.678101
