icao_code,manufacturerName,model
4aca15,Boeing,Boeing 737-8AS (W)
4ab565,Avions De Transport Regional,ATR 72 600
4a91fa,Airbus,A320 251NSL
45ac33,Airbus,A320 232
45ac54,Airbus,A319 132
45f424,Bombardier,Bombardier Challenger 604
45f426,Bombardier,Bombardier Challenger 604
47ba0d,Airbus,A320 251NSL
45ac50,Airbus,A319 132
484cc2,Embraer,EMB-190 STD
485875,Embraer,EMB-190 STD
484c1b,Embraer,EMB-190 STD
484cc3,Embraer,EMB-190 STD
484c53,Embraer,EMB-190 STD
485207,Embraer,EMB-190 STD
45d069,Airbus,A321 211SL
45ca65,Pilatus,PC-XII 47E
4ca9cc,The Boeing Company,BOEING 737-8AS
39b014,Embraer,Phenom 100
398495,Airbus,A320 216
398640,Airbus,A320 216
3985a9,Airbus,A320 214
3985a1,Airbus,A320 214
3985a7,Airbus,A320 214
3c5431,Airbus,A300 B4-622RF
3c542e,Airbus,A300 B4-622RF
4690e4,Airbus,A320 232
4692d7,Airbus,A320 232
4690e5,Airbus,A320 232
4692cd,Airbus,A320 232
4692d3,Airbus,A320 232
4cada8,Airbus Industrie,A320-271N
4ca98a,Airbus Industrie,A319-111
4d2286,Boeing,Boeing 737-8AS (W)
4ca9d0,The Boeing Company,BOEING 737-8AS
4ca730,Airbus Industrie,A320-216
4ca798,Airbus Industrie,A320-216
4ca757,Airbus Industrie,A320-216
4ca759,Airbus Industrie,A320-216
4ca783,Airbus Industrie,A320-216
4ca718,Airbus Industrie,A320-216
4ca90a,Airbus Industrie,A320-216
4ca8ff,Airbus Industrie,A320-216
4ca85c,Airbus Industrie,A320-216
4ca805,The Boeing Company,BOEING 737-8AS
4ca892,The Boeing Company,BOEING 737-8AS
4caa5a,The Boeing Company,BOEING 737-8AS
4ca7b3,The Boeing Company,BOEING 737-8AS
4ca2c1,The Boeing Company,BOEING 737-8AS
4ca8e4,The Boeing Company,BOEING 737-8AS
4ca893,The Boeing Company,BOEING 737-8AS
344216,Boeing,737NG 85P/W
344195,Bombardier,CRJ 1000 NG
345388,Bombardier,CRJ 1000 NG
3451d9,Bombardier,CRJ 1000 NG
344459,Boeing,737NG 85P/W
345385,Bombardier,CRJ 1000 NG
3453c1,Boeing,737NG 800/W
344197,Bombardier,CRJ 1000 NG
344213,Bombardier,CRJ 1000 NG
345218,Boeing,737NG 85P/W
4ca569,The Boeing Company,BOEING 737-8AS
342582,Airbus,A320 216
345359,Airbus,A321 231SL
3443d1,Airbus,A320 232
344644,Airbus,A320 232SL
3443d3,Airbus,A320 214SL
344697,Airbus,A320 232SL
344694,Airbus,A320 232SL
342397,Airbus,A320 214
34538d,Airbus,A321 231SL
345043,Airbus,A321 231SL
345107,Airbus,A320 232SL
344691,Airbus,A320 232SL
342398,Airbus,A320 214
345084,Airbus,A319 112
345116,Airbus,A321 231SL
344158,Airbus,A320 214
345108,Airbus,A320 232SL
342396,Airbus,A320 214
4caa58,The Boeing Company,BOEING 737-8AS
4ac9f5,Airbus,A320-251N
47ba78,Airbus,A320 251NSL
4ca622,The Boeing Company,BOEING 737-8AS
4ca24f,The Boeing Company,BOEING 737-8AS
346183,Airbus Industrie,A320-271N
34258f,Airbus,A320 216
48c130,Boeing,Boeing 737-8AS (W)
4ca854,The Boeing Company,BOEING 737-8AS
48520b,Boeing,737NG 8K2/W
485009,Boeing,737NG 8K2/W
485123,Boeing,737NG 8K2/W
3451d3,Airbus,A320 232SL
48520d,Boeing,737NG 8K2/W
484c59,Boeing,737NG 8K2/W
485061,Boeing,737NG 8K2/W
4ca9c3,The Boeing Company,BOEING 737-8AS
4ca243,The Boeing Company,BOEING 737-8AS
48520c,Boeing,737NG 8K2/W
48414d,Boeing,737NG 8K2/W
484f6c,Boeing,737NG 8K2/W
4853d2,Boeing,737NG 800/W
4853d3,Boeing,737NG 800/W
3442cc,Avions De Transport Regional,ATR 72 600
44068e,Cessna,Citation CJ2+
343694,Bombardier,CRJ 1000 NG
3444ca,Airbus,A320 214SL
34454a,Airbus,A320 214
343046,Airbus,A320 214
3430cc,Airbus,A320 216
3424d4,Airbus,A320 214
345206,Airbus,A320 232SL
4d225d,Boeing,Boeing 737-8AS (W)
4d2247,Boeing,Boeing 737-8AS (W)
48c12c,Boeing,Boeing 737-8AS
4ca259,The Boeing Company,BOEING 737-8AS
485122,Boeing,737NG 8K2/W
44cdc6,Airbus,A320 214
44d076,Airbus,A320 214
44ce6c,Airbus,A319 111
3e4719,Cessna,Citation CJ2+
4d2212,Boeing,Boeing 737-8AS (W)
4ca646,The Boeing Company,BOEING 737-8AS
4ca704,The Boeing Company,BOEING 737-8AS
471f71,Airbus,A321 231SL
4ca2c0,The Boeing Company,BOEING 737-8AS
4ca27c,The Boeing Company,BOEING 737-8AS
4ca7b6,The Boeing Company,BOEING 737-8AS
48c122,Boeing,737-8AS (W)
4ca621,The Boeing Company,BOEING 737-8AS
3c5eea,Airbus,A319 132
3c4b4c,Airbus,A320 216
3c49d5,Airbus,A320 214
3c4b4e,Airbus,A320 216
3c4906,Airbus,A320 214
3c5ee3,Airbus,A319 132
34530e,Bombardier,CRJ 1000 NG
345250,Bombardier,CRJ 1000 NG
3451da,Bombardier,CRJ 1000 NG
34530d,Bombardier,CRJ 1000 NG
344445,Airbus,A320 214SL
342592,Airbus,A320 216
3451d8,Bombardier,CRJ 1000 NG
344156,Airbus,A320 214
3424d1,Airbus,A320 214
346188,Airbus Industrie,A319-111
3442cb,Avions De Transport Regional,ATR 72 600
3c542a,Airbus,A300 B4-622RF
3c5424,Airbus,A300 B4-622RF
3c5422,Airbus,A300 B4-622RF
3c5432,Airbus,A300 B4-622RF
3c5423,Airbus,A300 B4-622RF
3991e5,Airbus,A320 214SL
3991e8,Airbus,A320 214SL
4d20e6,Bombardier,Challenger 350
3980e0,Cessna,Citation Mustang
485209,Boeing,737NG 8K2/W
3985a6,Airbus,A320 214
398561,Embraer,EMB-190 LR
484556,Boeing,737NG 8K2/W
3991e6,Airbus,A320 214SL
44034b,Airbus Industrie,A319-111
4853d4,Boeing,737NG 800/W
440172,Airbus,A319-111
48415e,Boeing,737NG 8K2/W
3c6583,Airbus,A319 114
3c6585,Airbus,A319 114
3c4dc4,Bombardier,CRJ 900 LR NG
3c6589,Airbus,A319 114
3c658d,Airbus,A319 114
3c4dcb,Bombardier,CRJ 900 LR NG
3c644a,Airbus,A319 112
3c4dc6,Bombardier,CRJ 900 LR NG
3c6448,Airbus,A319 112
3c6445,Airbus,A319 112
485206,Embraer,EMB-190 STD
3c4dcc,Bombardier,CRJ 900 LR NG
3c66e1,Airbus,A320 214SL
3c6441,Airbus,A319 112
484bd1,Embraer,EMB-190 STD
3e52f8,Cessna,Citation CJ2+
3c6444,Airbus,A319 112
3c4dd4,Bombardier,CRJ 900 LR NG
3c6584,Airbus,A319 114
3c4dd7,Bombardier,CRJ 900 LR NG
3006b5,Embraer,EMB-195 LR
3c66ea,Airbus Industrie,A320-214
3e4af1,Cessna,Citation CJ2+
3c674e,Airbus,A320 214
300394,Embraer,EMB-195 LR
484130,Boeing,737NG 8K2/W
3c4dd2,Bombardier,CRJ 900 LR NG
3c6597,Airbus,A319 114
3c66a8,Airbus,A320 214SL
48415f,Boeing,737NG 8K2/W
484cb4,Boeing,737NG 8K2/W
3c6757,Airbus,A320 214SL
3c65d2,Airbus Industrie,A320-271N
3c4dc2,Bombardier,CRJ 900 LR NG
3c66b0,Airbus,A320 214SL
3c6582,Airbus,A319 114
3c66a6,Airbus,A320 214SL
3c66a3,Airbus,A320 214SL
3c4dcd,Bombardier,CRJ 900 LR NG
3c6750,Airbus,A320 214SL
484b32,Embraer,EMB-190 STD
484c54,Embraer,EMB-190 STD
3c6590,Airbus,A319 114
3c4439,Bombardier,Bombardier Challenger 604
484161,Boeing,737NG 8K2/W
342581,Airbus,A320 216
345248,Airbus,A321 231SL
345398,Airbus,A320 232SL
484555,Boeing,737NG 8K2/W
3451d5,Airbus,A320 232SL
484133,Boeing,737NG 8K2/W
34535a,Airbus,A321 231SL
491311,Cessna,Citation XLS
3444cf,Airbus,A320 214SL
484160,Boeing,737NG 8K2/W
484ee5,Boeing,737NG 8K2/W
3444d1,Airbus,A320 214
4d224c,Boeing,Boeing 737-8AS (W)
484fdf,Boeing,737NG 8K2/W
4d220c,Boeing,737-8AS (W)
4d225e,Boeing,Boeing 737-8AS (W)
484165,Boeing,737NG 8K2/W
4ca92d,Airbus Industrie,A320-214
4ca281,Airbus Industrie,A320-214
484f18,Boeing,737NG 8K2/W
4ca837,Airbus,A320 214
4ca63a,Airbus Industrie,A320-214
4ca27f,Airbus Industrie,A320-214
4ca63b,Airbus Industrie,A320-214
48c139,Boeing,Boeing 737-8AS (W)
4ca935,Airbus Industrie,A320-214
4ca295,Airbus Industrie,A320-214
4ca2cb,Airbus Industrie,A320-214
4ca640,Airbus Industrie,A320-214
4ca216,Airbus Industrie,A320-214
4ca76f,Airbus Industrie,A320-214
4ca625,The Boeing Company,BOEING 737-8AS
4ca293,Airbus Industrie,A320-214
4ca741,The Boeing Company,BOEING 737-8AS
4ca5c8,Airbus Industrie,A320-214
4ca737,The Boeing Company,BOEING 737-8AS
4ca2c9,Airbus Industrie,A320-214
4ca836,Airbus Industrie,A320-214
4ca251,The Boeing Company,BOEING 737-8AS
4ca294,Airbus Industrie,A320-214
4ca566,The Boeing Company,BOEING 737-8AS
4ca703,The Boeing Company,BOEING 737-8AS
484166,Boeing,737NG 8K2/W
484c24,Embraer,EMB-190 STD
484162,Boeing,737NG 8K2/W
4ac9e2,Airbus,A320 251NSL
484c50,Embraer,EMB-190 STD
45ac30,Airbus,A320 232
4ca81d,Airbus Industrie,A320-216
484132,Boeing,737NG 8K2/W
484ee4,Boeing,737NG 8K2/W
4ca85b,Airbus Industrie,A320-216
4caab4,Airbus Industrie,A319-111
4400b3,Airbus,A319 111
4ca82e,Airbus Industrie,A320-216
44065b,Airbus,A320 214
440607,Airbus Industrie,A320-214
44082b,Embraer,EMB-195 LR
440820,Embraer,EMB-195 LR
44004f,Airbus,A320 214
440609,Airbus Industrie,A320-214
44001c,Airbus,A320 214
440668,Airbus,A320 214
4408df,Airbus,A320 214
440669,Airbus,A320 214
44001a,Airbus,A320 214
461fa5,Airbus,A321 231SL
461f63,Airbus,A320 214
461f6d,Airbus,A320 214
461f6e,Airbus,A320 214
461fa2,Airbus,A321 231SL
461f9d,Airbus,A321 231SL
461f9a,Airbus,A321 211
484f80,Embraer,EMB-190 STD
485064,Embraer,EMB-190 STD
484c51,Embraer,EMB-190 STD
484b31,Embraer,EMB-190 STD
4ac9f8,Airbus Industrie,A320-251N
47bb0a,Airbus,A320 251NSL
34530c,Boeing,787 8
346204,Airbus Industrie,A320-251N
346316,Airbus,A320-251N
344449,Airbus,A320-216
3420cb,Airbus,A320 214
484557,Boeing,737NG 8K2/W
344648,Airbus,A320 214SL
34444b,Airbus,A320 214
4bb296,Airbus Industrie,A321-271NX
4ba9d2,Airbus,A330 343E
4b906c,Airbus,A320 214SL
4ba9e2,Airbus,A330 303
4bb1c3,Airbus,A330 303
4ba9cb,Airbus,A330 343E
4bb1e7,Airbus,A330 343E
484b30,Embraer,EMB-190 STD
48ada0,Embraer,EMB-195 LR
48ada1,Embraer,EMB-195 LR
344409,Airbus,A320 232SL
448463,Cessna,Citation CJ2+
484c52,Embraer,EMB-190 STD
484fde,Boeing,737NG 8K2/W
4a08ea,Boeing,737NG 800/W
48455a,Boeing,737NG 8K2/W
398560,Embraer,EMB-190 LR
398564,Embraer,EMB-190 LR
398569,Embraer,EMB-190 STD
484f73,Airbus,A330 303
484b2a,Boeing,737NG 8K2/W
3cd2d3,Cessna,Citation XLS
3d7e6e,Pilatus,PC-XII 47E
4952c3,Airbus,A320-251N
4ba999,Airbus,A319 132
4ba916,Boeing,737NG 8F2/W
4b9068,Airbus,A320 214SL
4ba8d2,Boeing,737NG 8F2/W
4baa6b,Airbus,A321 231SL
4bab25,Boeing,737NG 9F2ER/W
4bab47,Boeing,737NG 8F2/W
4baacc,Boeing,737NG 8F2/W
4baac8,Boeing,737NG 8F2/W
4baa8c,Airbus,A321 231SL
4ba91a,Boeing,737NG 8F2/W
4baac2,Boeing,737NG 8F2/W
4baacd,Boeing,737NG 8F2/W
4baa14,Airbus,A320 232
4baa62,Airbus,A321 231
4baa4d,Airbus,A321 231
4baac3,Boeing,737NG 8F2/W
4baa0a,Airbus,A320 232
4baac4,Boeing,737NG 8F2/W
4baa64,Airbus,A321 231
4baac6,Boeing,737NG 8F2/W
4ba8c8,Boeing,737NG 8F2/W
4baa5a,Airbus,A321 231
4baad4,Boeing,737NG 8F2/W
4ba915,Boeing,737NG 8F2/W
4bb84b,Airbus,A320 251NSL
4bb849,Airbus,A320 251NSL
4bab2a,Boeing,737NG 9F2ER/W
4baac1,Boeing,737NG 8F2/W
4b9065,Airbus,A320 214SL
4baa09,Airbus,A320 232
4bab29,Boeing,737NG 9F2ER/W
4baad3,Boeing,737NG 8F2/W
4b9067,Airbus,A320 214SL
4bab26,Boeing,737NG 9F2ER/W
4baacf,Boeing,737NG 8F2/W
4ba99a,Airbus,A319 132
4baaca,Boeing,737NG 8F2/W
4bb843,Airbus,A320 251NSL
4bb848,Airbus,A320 251NSL
4baa50,Airbus,A321 231
4bab28,Boeing,737NG 9F2ER/W
4bab2c,Boeing,737NG 9F2ER/W
4bab2d,Boeing,737NG 9F2ER/W
4baa41,Airbus,A321 231
4bab21,Boeing,737NG 9F2ER/W
4bb846,Airbus,A320 251NSL
4ba8da,Boeing,737NG 8F2/W
4ba9e5,Airbus,A330 303
4baa63,Airbus,A321 231
4baa54,Airbus,A321 231
4bab48,Boeing,737NG 800/W
4baa0d,Airbus,A320 232
4ba9a8,Airbus,A321 231
4baac5,Boeing,737NG 8F2/W
4baa10,Airbus,A320 232SL
4bcde6,Boeing,737NG 800/W
4bcde5,Boeing,737NG 800/W
4bb84a,Airbus,A320 251NSL
4bcdf0,Boeing,737-8AS
3c56f6,Airbus,A320 214SL
3c56eb,Airbus,A320 214SL
3c49ce,Airbus,A320 214
3e25ba,Raytheon Aircraft Company,Premier I
344295,Avions De Transport Regional,ATR 72 600
344307,Avions De Transport Regional,ATR 72 600
398566,Embraer,EMB-190 STD
4bab2e,Boeing,737NG 9F2ER/W
4baada,Boeing,737NG 8F2/W
48c134,Boeing,Boeing 737-8AS (W)
4d2234,Boeing,Boeing 737-8AS (W)
48ada2,Embraer,EMB-195 LR
48ada3,Embraer,EMB-195 LR
48ada5,Embraer,EMB-195 LR
48c12b,Boeing,Boeing 737-8AS (W)
48c125,Boeing,737-8AS (W)
4d21eb,Boeing,737-8AS (W)
4ca8e8,The Boeing Company,BOEING 737-8AS
4d2233,The Boeing Company,BOEING 737-8AS
4d2242,Boeing,Boeing 737-8AS (W)
44cdc8,Airbus,A320 214
44ce6a,Airbus,A319 111
3c4b45,Airbus,A320 216
3c4b49,Airbus,A320 216
3c4b4b,Airbus,A320 216
4d2248,Boeing,Boeing 737-8AS (W)
3c658c,Airbus,A319 114
3c6449,Airbus,A319 112
3c66e8,Airbus Industrie,A320-214
3c64a1,Airbus Industrie,A321-271NX
3c674d,Airbus,A320 214
3c6667,Airbus,A321 231
3c6749,Airbus,A320 214
3c6676,Airbus,A321 231
3c667a,Airbus,A321 231
3c674f,Airbus,A320 214
3c6447,Airbus,A319 112
3c66eb,Airbus Industrie,A320-214
3c6748,Airbus,A320 214
4ca4f0,The Boeing Company,BOEING 737-8AS
4ca2bf,The Boeing Company,BOEING 737-8AS
3c66a9,Airbus,A320 214SL
3c65ce,Airbus Industrie,A320-271N
3c66a5,Airbus,A320 214SL
3c66ad,Airbus,A320 214SL
4ca56b,The Boeing Company,BOEING 737-8AS
4d228f,Boeing,737-8AS
4ca88c,The Boeing Company,BOEING 737-8AS
4ca9d1,The Boeing Company,BOEING 737-8AS
4ca27a,The Boeing Company,BOEING 737-8AS
4ca8d6,The Boeing Company,BOEING 737-8AS
4ca624,The Boeing Company,BOEING 737-8AS
471f66,Airbus,A321 231SL
4ca647,The Boeing Company,BOEING 737-8AS
48c132,Boeing Aircraft Company,737-8AS
4ca809,The Boeing Company,BOEING 737-8AS
4ca8af,The Boeing Company,BOEING 737-8AS
4ca61c,The Boeing Company,BOEING 737-8AS
4d2261,Boeing,737-8AS
4ca847,The Boeing Company,BOEING 737-8AS
4ca8e6,The Boeing Company,BOEING 737-8AS
440827,Embraer,EMB-195 LR
440825,Embraer,EMB-195 LR
440822,Embraer,EMB-195 LR
44081d,Embraer,EMB-195 LR
440823,Embraer,EMB-195 LR
4d21fc,Boeing,737-8AS (W)
4d00d8,Bombardier,DHC-8 402 NG
4ca857,The Boeing Company,BOEING 737-8AS
461e1a,Embraer,EMB-190 LR
461e1f,Embraer,EMB-190 LR
461e21,Embraer,EMB-190 LR
461e16,Embraer,EMB-190 LR
461f62,Airbus,A320 214
3443d5,Airbus,A320 214SL
4ca97c,The Boeing Company,BOEING 737-8AS
345249,Airbus,A321 231SL
345042,Airbus,A321 231SL
344157,Airbus,A320 214
345314,Airbus,A321 231SL
3424d2,Airbus,A320 214
3453c3,Airbus,A321 231SL
344699,Airbus,A321 231SL
4d2239,Boeing,Boeing 737-8AS (W)
345614,Airbus,A320-214
4ca24d,The Boeing Company,BOEING 737-8AS
4ca75f,The Boeing Company,BOEING 737-8AS
343194,Airbus,A320 214
344487,Boeing,737NG 85P/W
3451d4,Airbus,A320 232SL
4ca816,The Boeing Company,BOEING 737-8AS
345041,Airbus,A321 231SL
4ca702,The Boeing Company,BOEING 737-8AS
34440a,Airbus,A320 232SL
4ca6fc,The Boeing Company,BOEING 737-8AS
4ca701,The Boeing Company,BOEING 737-8AS
4ca815,The Boeing Company,BOEING 737-8AS
342591,Airbus,A320 216
4ca8d9,The Boeing Company,BOEING 737-8AS
4ca303,The Boeing Company,BOEING 737-8AS
3453d3,Bombardier,CRJ 1000 NG
3c5ee6,Airbus,A319 132
3c56ef,Airbus,A320 214SL
3c6490,Airbus,A321 231
3c5eed,Airbus,A319 132
4ca4f4,The Boeing Company,BOEING 737-8AS
34454b,Airbus,A320 214
345101,Airbus,A319 112
4d2280,Boeing,Boeing 737-8AS (W)
4cada7,Airbus Industrie,A320-271N
3444da,Airbus,A320 232SL
4ca4ef,The Boeing Company,BOEING 737-8AS
34440b,Airbus,A320 232SL
4ca7b5,The Boeing Company,BOEING 737-8AS
4690e2,Airbus,A320 232
344646,Airbus,A320 232SL
344696,Airbus,A320 232SL
344695,Airbus,A320 232SL
345212,Airbus,A321 231SL
344501,Airbus,A320 232SL
4d2265,Boeing,Boeing 737-8AS (W)
344557,Airbus,A320 214
345204,Airbus,A319 112
4d2237,Boeing,Boeing 737-8AS (W)
4d2223,Boeing,737-8AS (W)
4ca810,The Boeing Company,BOEING 737-8AS
344692,Airbus,A320 232SL
4a91f8,Airbus,A320 251NSL
3c49d4,Airbus,A320 214
3c5eef,Airbus,A319 132
3c5ef2,Airbus,A319 132
3c5ee1,Airbus,A319 132
4ca64e,The Boeing Company,BOEING 737-8AS
3991e7,Airbus,A320 214SL
344099,Airbus,A320 214
345313,Airbus,A320 232SL
398562,Embraer,EMB-190 LR
3991e9,Airbus,A320 214SL
3986e7,Embraer,EMB-170 STD
3991e3,Airbus,A320 214
34469a,Airbus,A321 231SL
3986e9,Embraer,EMB-170 STD
4ca912,The Boeing Company,BOEING 737-8AS
4ca623,The Boeing Company,BOEING 737-8AS
4405b6,Airbus,A319-111
4ca9d4,The Boeing Company,BOEING 737-8AS
440128,Airbus Industrie,A320-214
44064a,Airbus,A319-111
440170,Airbus Industrie,A319-111
4ba9cd,Airbus,A330 343E
4ba9da,Airbus,A330 303
4baac7,Boeing,737NG 8F2/W
4ba890,Airbus,A330 243F
4bb279,Airbus,A321-271NX
4baa75,Airbus,A321 231SL
4baa8d,Airbus,A321 231SL
4ba9e8,Airbus,A330 303
345205,Airbus,A319 112
3452c9,Airbus,A320 232SL
344645,Airbus,A320 232SL
3c65cc,Airbus Industrie,A320-271N
3c66ac,Airbus,A320 214SL
3c648d,Airbus,A321 231
3c666a,Airbus,A321 231
3c6486,Airbus,A321 231
3c6542,Airbus Industrie,A320-271N
3c65cb,Airbus Industrie,A320-271N
44061c,Airbus,A319-111
3c66ae,Airbus,A320 214SL
3c6672,Airbus,A321 231
3c6674,Airbus,A321 231
3c6666,Airbus,A321 231
3c6741,Airbus,A320 214
3c6588,Airbus,A319 114
3c6595,Airbus,A319 114
3c66a1,Airbus,A320 214SL
3c664d,Airbus,A321 131
3c6650,Airbus,A321 131
3c64a7,Airbus Industrie,A321-271NX
3c6678,Airbus,A321 231
3c6754,Airbus,A320 214SL
3c6543,Airbus Industrie,A320-271N
3c6675,Airbus,A321 231
3c6746,Airbus,A320 214
3c65d9,Airbus Industrie,A320-271N
3c6663,Airbus,A321 231
3c6753,Airbus,A320 214SL
48c229,Boeing Aircraft Company,737-8AS
4d2272,Boeing,Boeing 737-8AS
3443d4,Airbus,A320 214SL
4ca770,Airbus Industrie,A320-214
3420cc,Airbus,A320 214
34520d,Bombardier,Global Express XRS
345103,Airbus,A330 343E
34620b,Airbus Industrie,A320-271N
342091,Airbus,A320 214
3e31d8,Cessna,Citation CJ2+
345299,Boeing,787 8
4ca806,The Boeing Company,BOEING 737-8AS
4d2213,Boeing,737-8AS (W)
4d21ed,Boeing,737-8AS (W)
300363,Hawker Beechcraft Corp,Premier I
3430cd,Airbus,A320 216
440667,Airbus,A320 214
44006c,Airbus,A320 214
440052,Airbus,A320 214
48c138,Boeing,Boeing 737-8AS (W)
4d2221,Boeing,737-8AS
4ca84a,The Boeing Company,BOEING 737-8AS
4ca8d5,The Boeing Company,BOEING 737-8AS
4952c6,Airbus,A320-251N
495293,Airbus,A319 112
495145,Airbus,A321 211
495217,Embraer,EMB-190 LR
495210,Embraer,EMB-190 LR
4951cd,Airbus,A320 214
4951cc,Airbus,A320 214
3c5434,Airbus,A300 B4-622RF
4951d4,Airbus,A320 214SL
4d2143,Airbus,A319 111
44cdc9,Airbus,A320 214
44ce62,Airbus,A319 111
4d00da,Bombardier,DHC-8 402 NG
4d00d4,Bombardier,DHC-8 402 NG
4d00d7,Bombardier,DHC-8 402 NG
3c56f3,Airbus,A320 214SL
3c5ee7,Airbus,A319 132
3c56f1,Airbus,A320 214SL
3c48ee,Airbus,A319 112
4ca82f,Airbus Industrie,A320-216
4841a9,Boeing,737NG 8K2/W
4ca708,The Boeing Company,BOEING 737-8AS
4ca811,The Boeing Company,BOEING 737-8AS
4ca4f5,The Boeing Company,BOEING 737-8AS
4d21f0,Boeing,737-8AS
4d2258,Boeing,Boeing 737-8AS (W)
4ca9ed,The Boeing Company,BOEING 737-8AS
4d2251,Boeing,Boeing 737-8AS (W)
4ca6a6,The Boeing Company,BOEING 737-8AS
48c126,Boeing,737-8AS (W)
4ca2d5,The Boeing Company,BOEING 737-8AS
4ca802,The Boeing Company,BOEING 737-8AS
4ca264,The Boeing Company,BOEING 737-8AS
4ca9cf,The Boeing Company,BOEING 737-8AS
44001b,Airbus,A320 214
44022b,Airbus Industrie,A320-216
44082c,Embraer,EMB-195 LR
44006e,Airbus,A320 214
440828,Embraer,EMB-195 LR
440821,Embraer,EMB-195 LR
440824,Embraer,EMB-195 LR
440666,Airbus,A320 214
44081e,Embraer,EMB-195 LR
48ada4,Embraer,EMB-195 LR
4ba9ea,Airbus,A330 303
4baa6c,Airbus,A321 231SL
4baa79,Airbus,A321 231SL
4bb286,Airbus,A321-271NX
4baa55,Airbus,A321 231
4baa73,Airbus,A321 231SL
4baa81,Airbus,A321 231SL
4ba9c9,Airbus,A330 343E
4baa84,Airbus,A321 231SL
4baa86,Airbus,A321 231SL
44093e,Airbus,A320-214
39e4ac,Airbus,A320 216
440219,Airbus,A320-214
440181,Airbus,A319-111
3991e4,Airbus,A320 214
3c664e,Airbus,A321 131
3c6643,Airbus,A321 131
3c66aa,Airbus,A320 214SL
3c6743,Airbus,A320 214
3c6658,Airbus,A321 131
3c6742,Airbus,A320 214
3c6671,Airbus,A321 231
3c65ca,Airbus Industrie,A320-271N
3c6745,Airbus,A320 214
3c648c,Airbus,A321 231
3c6653,Airbus,A321 131
3c664c,Airbus,A321 131
3c6487,Airbus,A321 231
3c4dc7,Bombardier,CRJ 900 LR NG
3c664f,Airbus,A321 131
3c658e,Airbus,A319 114
3c4dca,Bombardier,CRJ 900 LR NG
3c6657,Airbus,A321 131
3c658b,Airbus,A319 114
4ca9d2,The Boeing Company,BOEING 737-8AS
3c56ee,Airbus,A320 214SL
3c56f7,Airbus,A320 214SL
3c66a7,Airbus,A320 214SL
3c66a2,Airbus,A320 214SL
3c66ab,Airbus,A320 214SL
3c6759,Airbus,A320 214SL
3c648e,Airbus,A321 231
3c6598,Airbus,A319 114
3c666b,Airbus,A321 231
3c6751,Airbus,A320 214SL
3c6593,Airbus,A319 114
3c6670,Airbus,A321 231
3c48e8,Airbus,A319 112
3c48f0,Airbus,A319 112
3c6594,Airbus,A319 114
3c56f2,Airbus,A320 214SL
3c56ec,Airbus,A320 214SL
3c5eee,Airbus,A319 132
3c5ee4,Airbus,A319 132
49130d,Cessna,Citation XLS
4ca645,The Boeing Company,BOEING 737-8AS
471f64,Airbus,A321 231SL
471f67,Airbus,A321 231SL
491d86,Bombardier,Bombardier Global 6000
440065,Airbus Industrie,A319-111
4692d4,Airbus,A320 232
4409c0,Airbus,A320 214SL
4ab564,Avions De Transport Regional,ATR 72 600
461f67,Airbus,A320 214
461f6c,Airbus,A320 214
461fa0,Airbus,A321 231SL
461f39,Airbus,A319 112
461f64,Airbus,A320 214
461f35,Airbus,A319 112
461f69,Airbus,A320 214
44ce75,Airbus,A319 111
44d068,Airbus,A320 214
44ce61,Airbus,A319 111
44ce6e,Airbus,A319 112
44cdc5,Airbus,A320 214
44cdcd,Airbus Industrie,A320-214
44ce66,Airbus,A319 112
4ca214,Airbus Industrie,A320-214
4ca280,Airbus Industrie,A320-214
48c129,Boeing,Boeing 737-8AS (W)
4ca2ca,Airbus Industrie,A320-214
343141,Airbus,A320 214
343385,Airbus,A320 214
342090,Airbus,A320 214
342104,Airbus,A320 214
48c133,Boeing,Boeing 737-8AS
3c5eec,Airbus,A319 132
458d99,Avions De Transport Regional,ATR 72 500
4d00c9,Bombardier,DHC-8 402 NG
4d00ca,Bombardier,DHC-8 402 NG
4d00d9,Bombardier,DHC-8 402 NG
4692d2,Airbus,A320 232
3c48f1,Airbus,A319 112
3c5ef6,Airbus,A319 132
3c5ee9,Airbus,A319 132
3e46d6,Hawker Beechcraft Corp,Premier I
3e1cfc,Cessna,Citation CJ1
398565,Embraer,EMB-190 LR
3986e5,Embraer,EMB-170 STD
398568,Embraer,EMB-190 STD
3986e6,Embraer,EMB-170 STD
398563,Embraer,EMB-190 LR
3986e3,Embraer,EMB-170 STD
3986e4,Embraer,EMB-170 STD
3986e0,Embraer,EMB-170 STD
3986e2,Embraer,EMB-170 STD
471f68,Airbus,A321 231SL
3c6668,Airbus,A321 231
3c6443,Airbus,A319 112
3c666f,Airbus,A321 231
45c86a,Airbus,A320 214
471f4a,Airbus,A320 232
4bab45,Boeing,737NG 8F2/W
4baace,Boeing,737NG 8F2/W
4ba90c,Boeing,737NG 8F2/W
4ba90b,Boeing,737NG 8F2/W
4ba902,Boeing,737NG 8F2/W
4bab24,Boeing,737NG 9F2ER/W
4d00d5,Bombardier,DHC-8 402 NG
300564,Embraer,EMB-195 LR
30055b,Embraer,EMB-195 LR
300558,Embraer,EMB-195 LR
300393,Embraer,EMB-195 LR
3003ad,Embraer,EMB-195 LR
3003af,Embraer,EMB-195 LR
300554,Embraer,EMB-195 LR
4ca6a9,The Boeing Company,BOEING 737-8AS
471f69,Airbus,A321 231SL
4baa69,Airbus,A321 231SL
4baa53,Airbus,A321 231
4baa52,Airbus,A321 231
4baa72,Airbus,A321 231SL
4baa59,Airbus,A321 231
344218,Bombardier,CRJ 1000 NG
300557,Embraer,EMB-195 LR
3c5429,Airbus,A300 B4-622RF
39a04c,Cessna,Citation Mustang
39cea2,Boeing,737NG 8K2/W
3985a3,Airbus,A320 214
3444c8,Airbus,A320 214
440195,Airbus,A320-214
3986e8,Embraer,EMB-170 STD
39cea3,Boeing,737NG 800/W
4ca855,The Boeing Company,BOEING 737-8AS
505d85,Hawker Beechcraft Corp,Premier I
48c123,Boeing,737-8AS (W)
4ca24c,The Boeing Company,BOEING 737-8AS
4ca226,The Boeing Company,BOEING 737-8AS
4ca643,The Boeing Company,BOEING 737-8AS
3003ae,Embraer,EMB-195 LR
3c4dce,Bombardier,CRJ 900 LR NG
3c4dc1,Bombardier,CRJ 900 LR NG
3c6654,Airbus,A321 131
3c4dd5,Bombardier,CRJ 900 LR NG
4baad5,Boeing,737NG 8F2/W
4ba90f,Boeing,737NG 8F2/W
3991e1,Airbus,A320 214
399224,Cessna,Citation Mustang
3986e1,Embraer,EMB-170 STD
39cea1,Boeing,737NG 8K2/W
3c5426,Airbus,A300 B4-622RF
3c5421,Airbus,A300 B4-622RF
4ca27b,The Boeing Company,BOEING 737-8AS
3c6752,Airbus,A320 214SL
3c6747,Airbus,A320 214
4ca61e,The Boeing Company,BOEING 737-8AS
3c49cc,Airbus,A320 214
4ca245,The Boeing Company,BOEING 737-8AS
48c12d,Boeing,Boeing 737-8AS (W)
4d21f2,Boeing,Boeing 737-8AS
4d2268,Boeing,Boeing 737-8AS
4a0688,Avions De Transport Regional,ATR 72 500
44082a,Embraer,EMB-195 LR
440605,Airbus Industrie,A320-214
440826,Embraer,EMB-195 LR
896401,Airbus,A320 214SL
4baa65,Airbus,A321 231SL
4bb47a,Airbus,A330 243F
4ba9f5,Airbus,A330 243F
4ba88f,Airbus,A330 243F
471f5d,Airbus,A320 232SL
3c56f0,Airbus,A320 214SL
4ca76a,The Boeing Company,BOEING 737-8AS
4d20e9,Bombardier,Challenger 350
471f74,Airbus,A321 231SL
4ca9c1,The Boeing Company,BOEING 737-8AS
4ca763,The Boeing Company,BOEING 737-8AS
4ca217,Airbus Industrie,A320-214
48c128,Boeing,Boeing 737-8AS (W)
44ce72,Airbus,A319 112
44ce76,Airbus,A319 111
4691c4,Airbus,A320 232SL
4692d8,Airbus,A320 232
3cc09c,Embraer,Phenom 300
3455d7,Airbus Industrie,A319-111
440592,Cessna,Citation Mustang
4ca84d,The Boeing Company,BOEING 737-8AS
4ca760,The Boeing Company,BOEING 737-8AS
300153,Cessna,Citation CJ1
4ca564,The Boeing Company,BOEING 737-8AS
4d2224,Boeing,737-8AS (W)
4d223f,Boeing,Boeing 737-8AS
4ca304,The Boeing Company,BOEING 737-8AS
4ca911,The Boeing Company,BOEING 737-8AS
4ca61d,The Boeing Company,BOEING 737-8AS
4baad9,Boeing,737NG 8F2/W
4d21ef,Boeing,737-8AS (W)
39c82b,Embraer,Phenom 100
39a1e4,Embraer,Phenom 300
494107,Embraer,Phenom 300
4ca765,The Boeing Company,BOEING 737-8AS
4ca263,The Boeing Company,BOEING 737-8AS
4ca2ab,The Boeing Company,BOEING 737-8AS
4ca301,The Boeing Company,BOEING 737-8AS
4ca738,The Boeing Company,BOEING 737-8AS
4d2243,Boeing,Boeing 737-8AS (W)
48c224,Boeing,737-8AS
4ca707,The Boeing Company,BOEING 737-8AS
4ca73e,The Boeing Company,BOEING 737-8AS
4ca244,The Boeing Company,BOEING 737-8AS
4ca73b,The Boeing Company,BOEING 737-8AS
4ca6fb,The Boeing Company,BOEING 737-8AS
4ca8e7,The Boeing Company,BOEING 737-8AS
4ca764,The Boeing Company,BOEING 737-8AS
4ca849,The Boeing Company,BOEING 737-8AS
4ca61f,The Boeing Company,BOEING 737-8AS
4d221e,Boeing,737-8AS
39a90b,Cessna,Citation Mustang
3c542c,Airbus,A300 B4-622RF
398123,Cessna,Citation CJ1
3c6744,Airbus,A320 214
3c6485,Airbus,A321 231
39cea5,Boeing,737NG 800/W
4ba90d,Boeing,737NG 8F2/W
4ba8e3,Boeing,737NG 8F2/W
4ba9e1,Airbus,A330 303
4ba904,Boeing,737NG 8F2/W
3c5ee8,Airbus,A319 132
4ac9e3,Airbus,A320 251NSL
47ba1d,Airbus,A320 251NSL
440039,Airbus,A321 211
3c6482,Airbus,A321 231
44cdca,Airbus Industrie,A320-214
44cdc2,Airbus,A320 214
44cdce,Airbus Industrie,A320 214
4ca25a,Boeing,737-8AS
4d2021,Airbus,A320 214
342105,Airbus,A320 214
342188,Airbus,A320 214
4ca568,The Boeing Company,BOEING 737-8AS
4caa5c,The Boeing Company,BOEING 737-8AS
4d221d,Boeing,Boeing 737-8AS (W)
4baa67,Airbus,A321 231SL
4baa92,Airbus,A321 231SL
4ba905,Boeing,737NG 8F2/W
3cc1db,Embraer,Phenom 300
501d1d,Airbus,A319 112
501d21,Airbus,A319 112
4691c1,Airbus,A320 232SL
461e1d,Embraer,EMB-190 LR
461e18,Embraer,EMB-190 LR
461e15,Embraer,EMB-190 LR
461e1b,Embraer,EMB-190 LR
461f36,Airbus,A319 112
4ca9d3,The Boeing Company,BOEING 737-8AS
458d9a,Avions De Transport Regional,ATR 72 500
3c5425,Airbus,A300 B4-622RF
3c5428,Airbus,A300 B4-622RF
3c542d,Airbus,A300 B4-622RF
4d2257,Boeing,Boeing 737-8AS (W)
4ca97b,The Boeing Company,BOEING 737-8AS
34538e,Boeing,737NG 800/W
34260e,Airbus,A319 111
34324e,Airbus,A319 111
344341,Boeing,737NG 85P/W
3c4dc9,Bombardier,CRJ 900 LR NG
3c48ea,Airbus,A319 112
4d2133,Bombardier,Challenger 350
4ca80e,The Boeing Company,BOEING 737-8AS
a3f930,Boeing,767-34AF
4ca891,The Boeing Company,BOEING 737-8AS
3443d2,Airbus,A320 232SL
4d210b,Bombardier,Bombardier Global 6000
341682,Airbus,A320 214
4ba9f9,Airbus,A330 243F
4ca73f,The Boeing Company,BOEING 737-8AS
4caa59,The Boeing Company,BOEING 737-8AS
4ca84c,The Boeing Company,BOEING 737-8AS
3c6489,Airbus,A321 231
48c124,Boeing,737-8AS (W)
461e1e,Embraer,EMB-190 LR
44006d,Airbus,A321 211
3c56f4,Airbus,A320 214SL
44020a,Airbus Industrie,A320-216
3c6446,Airbus,A319 112
3c6495,Airbus,A321 231
3c6496,Airbus,A321 231
3c496e,Boeing,737NG 86J/W
3c65d4,Airbus Industrie,A320-271N
4caaa8,Airbus Industrie,A319-111
4caaa7,Airbus Industrie,A319-111
4baa6f,Airbus,A321 231SL
4ba9ca,Airbus,A330 343E
4baa85,Airbus,A321 231SL
4ba9e9,Airbus,A330 303
4ba9e7,Airbus,A330 303
4baa56,Airbus,A321 231
34324f,Airbus,A319 111
3c6421,Airbus,A321 211
3c5ef8,Airbus,A319 132
3c56ed,Airbus,A320 214SL
3c56ea,Airbus,A320 214SL
461e17,Embraer,EMB-190 LR
3c6491,Airbus,A321 231
4ba995,Airbus,A319 132
4ca225,The Boeing Company,BOEING 737-8AS
471f70,Airbus,A321 231SL
3c66b4,Airbus,A320 214SL
4d00f3,Boeing,737NG 86J/W
4ca8da,The Boeing Company,BOEING 737-8AS
4bb841,Airbus,A320 251NSL
4b9069,Airbus,A320 214SL
440cb1,Airbus,A320-214
440198,Airbus,A320-214
ab96a4,Boeing,777F
4692d6,Airbus,A320 232
4ca56a,The Boeing Company,BOEING 737-8AS
3445d4,Airbus,A320 214SL
4691c2,Airbus,A320 232SL
4ca73a,The Boeing Company,BOEING 737-8AS
3c56f5,Airbus,A320 214SL
4baa8e,Airbus,A321 231SL
4ba9fa,Airbus,A330 243F
4ba9cf,Airbus,A330 343E
44ce6f,Airbus,A319 111
44ce77,Airbus,A319 111
4d2220,Boeing,737-8AS
4d00d6,Bombardier,DHC-8 402 NG
461fa1,Airbus,A321 231SL
4d2134,Bombardier,Challenger 350
345102,Airbus,A319 112
4ca973,Airbus Industrie,A319-111
3c648b,Airbus,A321 231
3c6498,Airbus,A321 231
4a08eb,Boeing,737NG 800/W
3c6424,Airbus,A321 211SL
3c6427,Airbus,A321 211SL
3c6426,Airbus,A321 211SL
86d5b6,Boeing,787 8
3c64a6,Airbus Industrie,A321-271NX
3c6483,Airbus,A321 231
3c64b1,Airbus Industrie,A321-271NX
501d18,Airbus,A319 112
4baa8a,Airbus,A321 231SL
4baa76,Airbus,A321 231SL
4ba8f2,Boeing,737NG 8F2/W
4bb1e3,Airbus,A330 343E
4ba903,Boeing,737NG 8F2/W
4baa74,Airbus,A321 231SL
3c65da,Airbus Industrie,A320-271N
4baa87,Airbus,A321 231SL
3c49b1,Boeing,737NG 86J/W
3c64a2,Airbus Industrie,A321-271NX
3c4dcf,Bombardier,CRJ 900 LR NG
494108,Embraer,Phenom 300
461f9b,Airbus,A321 211
461f65,Airbus,A320 214
44ce78,Airbus,A319 111
4692cc,Airbus,A320 232
3c66e7,Airbus Industrie,A320-214
3c4969,Boeing,737NG 86J/W
3c66b3,Airbus,A320 214SL
3c66b8,Airbus,A320 214SL
3c66b1,Airbus,A320 214SL
3c66ba,Airbus,A320 214SL
3c66b9,Airbus,A320 214SL
3cdd18,Embraer,Phenom 300
4951d3,Airbus,A320 214SL
4951ca,Airbus,A320 214
4cafb3,Boeing,737-8AS
4951d2,Airbus,A320 214
344545,Avions De Transport Regional,ATR 72 500
4951ce,Airbus,A320 214
495146,Airbus,A321 211
4951d9,Airbus,A320 214
4ca97a,The Boeing Company,BOEING 737-8AS
4951cb,Airbus,A320 214
49520f,Embraer,EMB-190 LR
4951d8,Airbus,A320 214
495214,Embraer,EMB-190 LR
4951d6,Airbus,A320 214
45d065,Airbus,A321 211SL
495292,Airbus,A319 112
495290,Airbus,A319 111
4951d7,Airbus,A320 214
495245,Bombardier,DHC-8 402 NG
3c496d,Boeing,737NG 86J/W
3c496a,Boeing,737NG 86J/W
4b906d,Airbus,A320 214SL
4bcde3,Boeing,737NG 800/W
4baa44,Airbus,A321 231
4ba993,Airbus,A319 132
4bab22,Boeing,737NG 9F2ER/W
4ba919,Boeing,737NG 8F2/W
4baa0c,Airbus,A320 232
4bb842,Airbus,A320 251NSL
471f6b,Airbus,A321 231SL
4601f5,Avions De Transport Regional,ATR 72 500
4601f3,Avions De Transport Regional,ATR 72 500
4601f9,Avions De Transport Regional,ATR 72 500
345612,Airbus,A319-111
4ca84e,The Boeing Company,BOEING 737-8AS
4caa57,The Boeing Company,BOEING 737-8AS
3451ca,Avions De Transport Regional,ATR 72 600
3c09f2,Airbus,A319 112
abf0c7,Boeing Co,777-FS2
aba7d9,Boeing Co,777-FS2
ac34a0,Boeing Co,777-FS2
4ac9ee,Airbus Industries,A320-251N
45ac32,Airbus,A320 232
4ab568,Avions De Transport Regional,ATR 72 600
4601f6,Avions De Transport Regional,ATR 72 500
4601fa,Avions De Transport Regional,ATR 72 500
4601f8,Avions De Transport Regional,ATR 72 500
4601f7,Avions De Transport Regional,ATR 72 500
4601fb,Avions De Transport Regional,ATR 72 500
4601f2,Avions De Transport Regional,ATR 72 500
4601f4,Avions De Transport Regional,ATR 72 500
3c542b,Airbus,A300 B4-622RF
4ab563,Avions De Transport Regional,ATR 72 600
4ab566,Avions De Transport Regional,ATR 72 600
3c64a5,Airbus Industrie,A321-271NX
4bb873,Airbus,A320-251N
4ba912,Boeing,737NG 8F2/W
4baac9,Boeing,737NG 8F2/W
4baa6e,Airbus,A321 231SL
4601fc,Avions De Transport Regional,ATR 72 500
4ca4ed,The Boeing Company,BOEING 737-8AS
463aea,Bombardier,Bombardier Challenger 604
4631cc,Cessna,Citation CJ2+
4baa4e,Airbus,A321 231
461f9c,Airbus,A321 231SL
467891,Pilatus,PC-XII 47E
4631cd,Cessna,Citation CJ2+
494105,Embraer,Phenom 300
344297,Boeing,737NG 85P/W
344446,Boeing,737NG 85P/W
44046e,Bombardier,Global Express XRS
3434c9,Cessna,Citation Mustang
ac2d32,Boeing Co,777-FS2
abaf47,Boeing Co,777-FS2
4ba9d3,Airbus,A330 303
ac5fd6,Boeing,777F
abab90,Boeing Co,777-FS2
4baa88,Airbus,A321 231SL
ac0d21,Boeing,777F
a3ea54,Boeing,767-34AF
a3ee0b,Boeing,767-34AF
a3376c,Boeing,767-34AF
a3ca43,Boeing,767-34AF
4bab2f,Boeing,737NG 9F2ER/W
4baa70,Airbus,A321 231SL
4bab30,Boeing,737NG 9F2ER/W
4baad0,Boeing,737NG 8F2/W
4bab46,Boeing,737NG 8F2/W
4baa66,Airbus,A321 231SL
06a095,Airbus,A320 232
4ba892,Airbus,A330 243F
4baa90,Airbus,A321 231SL
4bb1c6,Airbus,A330 303
4bb26e,Airbus,A321-271NX
4baad6,Boeing,737NG 8F2/W
4baa0b,Airbus,A320 232
4bab23,Boeing,737NG 9F2ER/W
4ba9ab,Airbus,A321 231
4ba996,Airbus,A319 132
4baa42,Airbus,A321 231
4ba8ce,Boeing,737NG 8F2/W
7811e5,Airbus,A330 343E
4baa4f,Airbus,A321 231
4691c3,Airbus,A320 232SL
491d84,Bombardier,Bombardier Global 6000
4bce03,Boeing,737-8AS
4baa61,Airbus,A321 231
4baacb,Boeing,737NG 8F2/W
4bab27,Boeing,737NG 9F2ER/W
3444c9,Airbus,A320 214SL
4ba9d0,Airbus,A330 343E
4ba90e,Boeing,737NG 8F2/W
4baa48,Airbus,A321 231
4baa47,Airbus,A321 231
4baa46,Airbus,A321 231
4baa49,Airbus,A321 231
3450d8,Boeing,787 8
4ba869,Airbus,A330 243F
ac01fc,Boeing,777F
490d01,Bombardier,Challenger 350
467893,Pilatus,PC-XII 47E
471f72,Airbus,A321 231SL
4d2020,Airbus,A319 112
4ca24e,The Boeing Company,BOEING 737-8AS
4caa61,The Boeing Company,BOEING 737-8AS
4d220b,Boeing,737-8AS (W)
4ca804,The Boeing Company,BOEING 737-8AS
3451d6,Avions De Transport Regional,ATR 72 500
3d6a4b,Pilatus,PC-XII 47E
44012f,Airbus,A319 112
4690f9,Airbus,A320 232SL
4403ec,Cessna,Citation Mustang
4408de,Airbus,A320 214
4ca302,The Boeing Company,BOEING 737-8AS
a39b56,Boeing,767-34AF
ac148f,Boeing,777F
abb2fe,Boeing Co,777-FS2
abba6c,Boeing Co,777-FS2
abfa8e,Boeing,777F
ac5868,Boeing Co,777-FS2
a3866a,Boeing,767-34AF
4ca8d7,The Boeing Company,BOEING 737-8AS
440834,Bombardier,Bombardier Global 6000
4692da,Airbus,A321 231
46b8a2,Airbus,A320-271N
4402f1,Airbus Industrie,A320-214
495211,Embraer,EMB-190 LR
495216,Embraer,EMB-190 LR
4951d5,Airbus,A320 214
491221,Cessna,Citation XLS
49410a,Embraer,Phenom 300
471f73,Airbus,A321 231SL
471f75,Airbus,A321 231SL
3453cc,Boeing,737NG 800/W
344217,Boeing,737NG 85P/W
800b60,Bombardier,Global Express XRS
484c5a,Boeing,737NG 8K2/W
495215,Embraer,EMB-190 LR
3c4dd6,Bombardier,CRJ 900 LR NG
343183,Cessna,Citation XLS
34318a,Cessna,Citation XLS
4d2127,Bombardier,Challenger 350
491d87,Bombardier,Bombardier Global 6000
4d2078,Bombardier,Global Express XRS
4ca769,The Boeing Company,BOEING 737-8AS
44d071,Airbus,A320 214
4ca4ee,The Boeing Company,BOEING 737-8AS
040126,Boeing,787 8
491222,Cessna,Citation XLS
4ab561,Avions De Transport Regional,ATR 72 600
3e232e,Cessna,Citation CJ2+
3985a4,Airbus,A320 214
39cea4,Boeing,737NG 800/W
4d21fd,Boeing,Boeing 737-8AS (W)
3e3463,Embraer,Phenom 100
39c642,Cessna,Citation CJ2+
43ea72,Bombardier,Challenger 350
3c4dd8,Bombardier,CRJ 900 LR NG
3cf42d,Cessna,Citation XLS
4402d3,Cessna,Citation CJ1
3c66e2,Airbus,A320 214SL
3c66e5,Airbus Industrie,A320-214
3cce03,Embraer,Phenom 300
4408d8,Bombardier,Challenger 350
4690fa,Airbus,A320 232SL
501dd0,Bombardier,DHC-8 402 NG
4ca700,The Boeing Company,BOEING 737-8AS
4d2250,Boeing,Boeing 737-8AS
490d04,Bombardier,Challenger 350
490d05,Bombardier,Challenger 350
49d0c7,Pilatus,PC-XII 47E
471f65,Airbus,A321 231SL
4787a0,Boeing,737NG 86J/W
43e7fd,Raytheon Aircraft Company,Premier I
4d2225,Boeing,Boeing 737-8AS (W)
494106,Embraer,Phenom 300
490d02,Bombardier,Challenger 350
a3b1a0,Boeing,767-34AF
a32c47,Boeing,767-34AF
abe5a2,Boeing,777F
3cc7fe,Embraer,Phenom 300
04c11c,Boeing,787 8
ac50fa,Boeing,777F
ac3c0e,Boeing,777F
44083b,Airbus,A320-214
440866,Cessna,Citation Mustang
39a123,Cessna,Citation CJ2+
49130a,Cessna,Citation XLS
452023,Raytheon Aircraft Company,Premier I
344693,Airbus,A320 232SL
3aabfb,Socata,TBM 700
3991a3,Cessna,Citation Mustang
49d174,Cessna,Citation Mustang
4ca8d8,The Boeing Company,BOEING 737-8AS
4ca6aa,The Boeing Company,BOEING 737-8AS
300619,Bombardier,Bombardier Global 6000
5000da,Cessna,Citation CJ1
471a79,Cessna,Citation CJ1
4ab562,Avions De Transport Regional,ATR 72 600
3aabfc,Socata,TBM 700
4402d9,Bombardier,Bombardier Challenger 604
3e1e6b,Embraer,Phenom 100
4d02ad,Pilatus,PC-XII 47E
494104,Embraer,Phenom 300
4690ea,Airbus,A320 232
4692ce,Airbus,A320 232
4690e1,Airbus,A321 231
39cea0,Boeing,737NG 8K2/W
3450ca,Avions De Transport Regional,ATR 72 500
3c6541,Airbus Industrie,A320-271N
3c6423,Airbus,A321 211SL
467895,Pilatus,PC-XII 47E
471f81,Airbus,A320 232SL
4ca813,The Boeing Company,BOEING 737-8AS
3e46e1,Raytheon Aircraft Company,Premier I
3e1859,Cessna,Citation CJ2+
490d06,Bombardier,Challenger 350
48ae03,Boeing,787 8
aba856,Socata,TBM 700
a9566b,Socata,TBM 700
44c069,Pilatus,PC-XII 47E
3c4438,Bombardier,Bombardier Challenger 604
505e81,Raytheon Aircraft Company,Premier I
493201,Embraer,Phenom 300
491307,Cessna,Citation XLS
4ca2ad,The Boeing Company,BOEING 737-8AS
4ca947,Airbus Industrie,A320-214
4ca894,The Boeing Company,BOEING 737-8AS
3ce629,Embraer,Phenom 300
345389,Avions De Transport Regional,ATR 72 600
a955c7,Socata,TBM 700
345344,Avions De Transport Regional,ATR 72 600
501db3,Cessna,Citation CJ2+
3e47ba,Cessna,Citation CJ2+
494102,Embraer,Phenom 300
3c66b2,Airbus,A320 214SL
39a5e7,Cessna,Citation Mustang
4d00d0,Bombardier,DHC-8 402 NG
adf64e,Bombardier,Global Express XRS
3cc9f3,Embraer,Phenom 300
3cdd32,Embraer,Phenom 300
4ca8db,The Boeing Company,BOEING 737-8AS
abcf58,Boeing,777F
ac10d8,Boeing,777F
4d2091,Embraer,Phenom 100
44846f,Cessna,Citation Mustang
3c7dc5,Bombardier,Bombardier Challenger 604
45d068,Airbus,A321 211SL
471f55,Airbus,A320 232
343397,Avions De Transport Regional,ATR 72 500
3452ca,Avions De Transport Regional,ATR 72 600
4ba8d5,Boeing,737NG 8F2/W
449ca5,Pilatus,PC-XII 47E
020124,Airbus,A320 214SL
463a2c,Pilatus,PC-XII 47E
3cd32a,Embraer,Phenom 300
3e4601,Cessna,Citation CJ1
471f8e,Airbus,A320 232SL
3c5821,Bombardier,Bombardier Challenger 604
44052d,Cessna,Citation Mustang
4bcde8,Boeing,737NG 800/W
3e1bcb,Embraer,Phenom 100
ad0ed3,Compagnie Daher,TBM 700
3e383c,Cessna,Citation CJ2+
a955fb,Socata,TBM 700
3e4053,Cessna,Citation CJ1
ad0e0f,Compagnie Daher,TBM 700
494101,Embraer,Phenom 300
4d2102,Bombardier,Challenger 350
ac6f98,Socata,TBM 700
48c074,Hawker Beechcraft Corp,Premier I
3e2316,Cessna,Citation Mustang
4d2114,Bombardier,Global Express XRS
4485b2,Cessna,Citation CJ2+
44058f,Cessna,Citation Mustang
3ce0f7,Embraer,Phenom 300
50009e,Embraer,Phenom 100
4d20f6,Bombardier,Bombardier Global 6000
49130f,Cessna,Citation XLS
44c06a,Pilatus,PC-XII 47E
4ba906,Boeing,737NG 8F2/W
491316,Cessna,Citation XLS
343499,Bombardier,Global Express XRS
