municipality,airports,iso_country,iso_region,latitude_deg,longitude_deg
Aachen,EDKA,DE,DE-NW,50.823055,6.186389
Aalborg,EKYT,DK,DK-81,57.094763,9.84993
Aarhus,EKAH,DK,DK-82,56.303331,10.618286
Abbeyshrule,EIAB,IE,IE-LD,53.591373,-7.642947
Agen,LFBA,FR,FR-NAQ,44.174171,0.59309
Agrinion,LGAG,GR,GR-G,38.613696,21.392955
Aigen im Ennstal,LOXA,AT,AT-6,47.53573,14.141488
Aix en Provence,LFMA,FR,FR-PAC,43.506294,5.366426
Ajaccio,LFKJ,FR,FR-COR,41.923599,8.80292
Akrotiri,LCRA,CY,CY-XX,34.590401,32.9879
"Alajero, La Gomera Island",GCGM,ES,ES-CN,28.0296,-17.2146
Alava,LEVT,ES,ES-PV,42.882801,-2.72447
Albacete,LEAB,ES,ES-CM,38.948502,-1.86352
Albert,LFAQ,FR,FR-HDF,49.970049,2.693939
Albi,LFCI,FR,FR-OCC,43.913898,2.11306
Alexandroupolis,LGAL,GR,GR-A,40.8559,25.956301
Alflen,ETSB,DE,DE-RP,50.173801,7.06333
Alghero,LIEA,IT,IT-88,40.632099,8.29077
Alicante,LEAL,ES,ES-VC,38.2822,-0.558156
Alingsås,ESGI,SE,SE-Q,57.948888,12.575827
Allendorf (Eder),EDFQ,DE,DE-HE,51.035268,8.681002
Allstedt,EDBT,DE,DE-ST,51.380554,11.446667
Almendralejo,LELI,ES,ES-EX,38.739954,-6.391888
Almería,LEAM,ES,ES-AN,36.843899,-2.3701
Altenstadt,ETHA,DE,DE-BY,47.835499,10.8712
Amiens,LFAY,FR,FR-HDF,49.873004,2.387074
Ammerbuch,EDSP,DE,DE-BW,48.547282,8.945918
Ampugnano (SI),LIQS,IT,IT-52,43.256302,11.255
Amsterdam,EHAM,NL,NL-NH,52.308601,4.76389
Amygdaleonas,LGKM,GR,GR-A,40.972801,24.3414
Andravida,LGAD,GR,GR-G,37.9207,21.292601
"Andrézieux-Bouthéon, Loire",LFMH,FR,FR-ARA,45.5406,4.29639
Angers,LFJR,FR,FR-PDL,47.560299,-0.312222
Angoulême,LFBU,FR,FR-NAQ,45.729198,0.221456
Anholt,EKAT,DK,DK-82,56.698347,11.555718
Annecy,LFLP,FR,FR-ARA,45.928947,6.0987
Antsla,EEAA,EE,EE-86,57.826111,26.4925
Antwerp,EBAW,BE,BE-VAN,51.190667,4.463153
Aquino,LIAQ,IT,IT-62,41.491983,13.719342
Arad,LRAR,RO,RO-AR,46.176136,21.264322
Arbatax,LIET,IT,IT-88,39.9188,9.68298
"Argentan, Orne",LFAJ,FR,FR-NOR,48.709456,0.002856
Argos Orestiko,LGKA,GR,GR-C,40.446301,21.2822
Arlon,EBAR,BE,BE-WLX,49.661981,5.885953
Arnhem,EHDL,NL,NL-GE,52.0606,5.87306
Arvidsjaur,ESNX,SE,SE-BD,65.59030151367188,19.28190040588379
Asiago (VI),LIDA,IT,IT-34,45.886155,11.515861
Aspach,EDSX,DE,DE-BW,49.009332,9.354601
Astypalaia Island,LGPL,GR,GR-L,36.5798988342,26.3757991791
Atting,EDMS,DE,DE-BY,48.900833,12.516667
Auch,LFDH,FR,FR-OCC,43.683606,0.599747
Augsburg,EDMA,DE,DE-BY,48.425278,10.931667
Aurillac,LFLW,FR,FR-ARA,44.891399,2.42194
Auxerre,LFLA,FR,FR-BFC,47.850201,3.49711
Aveiro,LPAV,PT,PT-01,40.656741,-8.741544
Aviano (PN),LIPA,IT,IT-36,46.031898,12.596503
Avignon,LFMV,FR,FR-PAC,43.907299,4.90183
Babięta,EPBB,PL,PL-WN,53.667905,21.255426
Bacău,LRBC,RO,RO-BC,46.5219,26.910299
Bad Gandersheim,EDVA,DE,DE-NI,51.854168,10.025556
Bad Kissingen,EDFK,DE,DE-BY,50.210556,10.068889
Bad Vöslau,LOAV,AT,AT-3,47.965,16.26
Badajoz,LEBZ,ES,ES-EX,38.8913,-6.82133
Baden-Baden,EDTB,DE,DE-BW,48.791943,8.185833
Bagicz,EPKG,PL,PL-ZP,54.200077,15.683752
Bagnoli di Sopra (PD),LION,IT,IT-34,45.183946,11.857326
Bahovitsa,LBBA,BG,BG-11,43.206111,24.655556
Baia Mare,LRMM,RO,RO-MM,47.659081,23.474513
Balchik,LBWB,BG,BG-08,43.423801,28.181299
Balen,EBKH,BE,BE-VAN,51.180957,5.221124
Balice,EPKK,PL,PL-MA,50.077702,19.7848
Ballum,EHAL,NL,NL-FR,53.453612,5.678396
Baltrum,EDWZ,DE,DE-NI,53.72485,7.373257
Bamberg,EDQA,DE,DE-BY,49.920403,10.914233
Bangor,LFEA,FR,FR-BRE,47.325256,-3.201255
Bantry,EIBN,IE,IE-CO,51.6772,-9.487123
Barby,LFLE,FR,FR-ARA,45.5611,5.97576
Barcelona,LEBL,ES,ES-CT,41.2971,2.07846
Bari,LIBD,IT,IT-75,41.138901,16.760599
Barth,EDBH,DE,DE-MV,54.338253,12.710515
Bastia,LFKB,FR,FR-COR,42.5527,9.48373
Bazan,LBBZ,BG,BG-18,43.728429,26.119696
Beauvais,LFOB,FR,FR-HDF,49.454399,2.11278
Beja,LPBJ,PT,PT-02,38.078899,-7.9324
Belchinski Bani,LBBB,BG,BG-23,42.374713,23.392548
Belluno (BL),LIDB,IT,IT-34,46.166549,12.250389
Belmullet,EIBT,IE,IE-MO,54.2228012085,-10.0307998657
Benešov,LKBE,CZ,CZ-ST,49.740799,14.6447
Berck-sur-Mer,LFAM,FR,FR-HDF,50.4231,1.59194
Bergerac,LFBE,FR,FR-NAQ,44.825298,0.518611
Berlin,EDDB,DE,DE-BR,52.361738,13.502341
Besançon,LFQM,FR,FR-BFC,47.206615,6.083168
"Beynes, Yvelines",LFPF,FR,FR-IDF,48.843165,1.906279
Biarritz,LFBZ,FR,FR-NAQ,43.468372,-1.523223
Białystok,EPBK,PL,PL-PD,53.101398,23.170601
Bidovce,LZBD,SK,SK-KI,48.743192,21.448285
Bielefeld,EDLI,DE,DE-NW,51.964722,8.544444
Bielsko-Biała,EPBA,PL,PL-SL,49.805,19.0019
Bilbao,LEBB,ES,ES-PV,43.301102,-2.91061
Billund,EKBI,DK,DK-83,55.740335,9.157019
Bindlach,EDQD,DE,DE-BY,49.985001,11.64
Birr,EIBR,IE,IE-OY,53.070599,-7.897468
Biržai,EYBI,LT,LT-PN,56.1758,24.7603
Bitburg,EDRB,DE,DE-RP,49.945278,6.565
Blagoevo,LBBL,BG,BG-17,43.455488,26.431655
Blois,LFOQ,FR,FR-CVL,47.678502,1.20884
Boboc,LRBO,RO,RO-BZ,45.2164,26.9786
Bohot,LBBO,BG,BG-15,43.306875,24.691729
Bohuňovice,LKBO,CZ,CZ-OL,49.670601,17.295
Boleráz,LZTR,SK,SK-TA,48.451959,17.531818
Bologna,LIPE,IT,IT-45,44.5354,11.2887
Bolzano (BZ),LIPB,IT,IT-32,46.459245,11.326125
Boos,LFOP,FR,FR-NOR,49.384887,1.179142
Borcea,LRFT,RO,RO-CL,44.3923,27.7267
Bordeaux,LFBD,FR,FR-NAQ,44.82865,-0.715356
Borkum,EDWR,DE,DE-NI,53.59639,6.709167
Borlange,ESSD,SE,SE-W,60.422001,15.5152
Borsk,EPBO,PL,PL-PM,53.951046,17.948034
Borås,ESGE,SE,SE-Q,57.695935,12.845002
Bourg/Ceyzériat,LFHS,FR,FR-ARA,46.200901,5.29203
Bourges,LFLD,FR,FR-CVL,47.060158,2.369633
Braga,LPBR,PT,PT-03,41.587,-8.445189
Bragança,LPBG,PT,PT-04,41.8578,-6.70713
Bramsche,EDXA,DE,DE-NI,52.37722,7.913333
Brandenburg an der Havel,EDBE,DE,DE-BR,52.4375,12.59
Brasschaat,EBBT,BE,BE-VAN,51.34259,4.503451
Bratislava,LZIB,SK,SK-BL,48.1702,17.2127
Braunschweig,EDVE,DE,DE-NI,52.319199,10.5561
Brașov (Ghimbav),LRBV,RO,RO-BV,45.70558,25.522871
Bremen,EDDW,DE,DE-HB,53.046786,8.78932
Bresso (MI),LIMB,IT,IT-25,45.541389,9.202222
Brest,LFRB,FR,FR-BRE,48.447899,-4.41854
Brezovac,LDZJ,HR,HR-07,45.860802,16.8358
Brindisi,LIBR,IT,IT-75,40.6576,17.947001
Brive,LFSL,FR,FR-NAQ,45.039722,1.485556
Brno,LKTB,CZ,CZ-JM,49.151276,16.693972
Broumov,LKBR,CZ,CZ-KR,50.561901,16.3428
"Bréville-sur-Mer, Manche",LFRF,FR,FR-NOR,48.883099,-1.56417
Bubovice,LKBU,CZ,CZ-ST,49.9744,14.1781
Bucharest,LRBS,RO,RO-B,44.503133,26.102944
Budapest,"LHBP, LHHH",HU,HU-BU,47.4908415,19.1193895
Buigny-Saint-Maclou,LFOI,FR,FR-HDF,50.143501,1.831891
Burbach,EDGS,DE,DE-NW,50.707699,8.08297
Burg bei Magdeburg,EDBG,DE,DE-ST,52.241772,11.85619
Burgas,LBBG,BG,BG-02,42.569917,27.515173
Burgos,LEBG,ES,ES-CL,42.357601,-3.62076
Busevec,LDZB,HR,HR-01,45.647499,16.124399
Byala,LBBQ,BG,BG-18,43.463484,25.711613
Bydgoszcz,"EPBY, EPBD",PL,PL-KP,53.10100799999999,17.9690375
Bâle / Mulhouse,LFSB,FR,FR-GES,47.60068,7.521117
Béziers,LFMU,FR,FR-OCC,43.323502,3.3539
Büchenbach,EDPH,DE,DE-BY,49.268019,11.012606
Bückeburg,ETHB,DE,DE-NI,52.2785,9.08217
Büren,EDLP,DE,DE-NW,51.612527,8.617459
Bütgenbach,EBLB,BE,BE-WLG,50.484818,6.183014
Břeclav,LKBA,CZ,CZ-JM,48.790439,16.892531
Caen,LFRK,FR,FR-NOR,49.17678,-0.454883
Cagliari,LIEE,IT,IT-88,39.251499,9.05428
Cahors,LFCC,FR,FR-OCC,44.351398,1.47528
Caiolo (SO),LILO,IT,IT-25,46.154448,9.79507
Calais,LFAC,FR,FR-HDF,50.962101,1.95476
Calatabiano (CT),LICN,IT,IT-82,37.799561,15.22775
Calden,EDVK,DE,DE-HE,51.418395,9.391638
Calvi,LFKC,FR,FR-COR,42.530422,8.792984
Cameri (NO),LIMN,IT,IT-21,45.529598,8.66922
Campo di Pietra (TV),LIDW,IT,IT-34,45.6992,12.5431
Campo nell'Elba (LI),LIRJ,IT,IT-52,42.760871,10.239811
Campoformido (UD),LIPD,IT,IT-36,46.0308,13.18225
Cannes,LFMD,FR,FR-PAC,43.547998,6.955176
Capannoli (PI),LIAT,IT,IT-52,43.592164,10.696294
Capannori (LU),LIQL,IT,IT-52,43.825825,10.577928
Capua,LIAU,IT,IT-72,41.116001,14.178
Caransebeş,LRCS,RO,RO-CS,45.420142,22.252507
Carcassonne,LFMK,FR,FR-OCC,43.216,2.30632
Carpi (MO),LIDU,IT,IT-45,44.833231,10.871186
Cascais,LPCS,PT,PT-11,38.724998,-9.35523
Cascina Moncucco (TO),LIVV,IT,IT-21,45.344613,7.919072
Caselle (VR),LIPX,IT,IT-34,45.394955,10.887303
Caselle Torinese (TO),LIMF,IT,IT-21,45.200802,7.64963
Castellón de la Plana,LECH,ES,ES-VC,40.213889,0.073333
Castelo Branco,LPCB,PT,PT-05,39.844528,-7.439875
Castres,LFCK,FR,FR-OCC,43.556301,2.28918
Catania,LICC,IT,IT-82,37.466801,15.0664
Celle,ETHC,DE,DE-NI,52.591202,10.0221
Cerfontaine,EBCF,BE,BE-WNA,50.152802,4.38722
Cervia (RA),LIPC,IT,IT-45,44.224201,12.3072
Cesis,EVCA,LV,LV-022,57.32379,25.323229
"Chabeuil, Drôme",LFLU,FR,FR-ARA,44.9216,4.9699
Chalons en Champagne,LFOK,FR,FR-GES,48.77333,4.20611
Chambéry,LFLB,FR,FR-ARA,45.6381,5.88023
Charleroi,EBCI,BE,BE-WHT,50.461963,4.459562
Charlestown,EIKN,IE,IE-MO,53.910439,-8.817002
Charleville-Mézières,LFQV,FR,FR-GES,49.783901,4.64708
"Charmeil, Allier",LFLV,FR,FR-ARA,46.16969,3.403637
"Chaspuzac, Haute-Loire",LFHP,FR,FR-ARA,45.0807,3.76289
"Chassieu, Lyon",LFLY,FR,FR-ARA,45.727947,4.943991
"Chavenay, Yvelines",LFPX,FR,FR-IDF,48.842323,1.9805
Chaves,LPCH,PT,PT-17,41.722356,-7.463064
Cheb,LKCB,CZ,CZ-KA,50.066101,12.4117
Cherbourg,LFRC,FR,FR-NOR,49.650101,-1.47028
Chios Island,LGHI,GR,GR-K,38.34320068359375,26.140600204467773
Cholet,LFOU,FR,FR-PDL,47.0821,-0.877064
Chotusice,LKCV,CZ,CZ-ST,49.939701,15.3818
Chotěboř,LKCT,CZ,CZ-VY,49.685799,15.6761
Chrudim,LKCR,CZ,CZ-PA,49.936401,15.7806
Châlon sur Saône,LFLH,FR,FR-BFC,46.825813,4.817646
Châteauroux,LFLX,FR,FR-CVL,46.860221,1.728326
Cisnădie,LRCD,RO,RO-SB,45.737222,24.165278
Città di Castello (PG),LIAL,IT,IT-55,43.354901,12.21807
Ciudad Real,LERL,ES,ES-CM,38.856479,-3.969944
Clermont-Ferrand,LFLC,FR,FR-ARA,45.786701,3.16917
Clonbullogue,EICL,IE,IE-OY,53.249657,-7.122746
Cloppenburg,EDWU,DE,DE-NI,52.908333,8.040556
Clos-Fontaine,LFAI,FR,FR-IDF,48.596199,3.00679
Cluj-Napoca,LRCL,RO,RO-CJ,46.786042,23.685733
Codroipo (UD),LIPI,IT,IT-36,45.978699,13.0493
Cognac/Châteaubernard,LFBG,FR,FR-NAQ,45.658298,-0.3175
Coimbra,LPCO,PT,PT-06,40.158758,-8.470815
Colmar,LFGA,FR,FR-GES,48.109901,7.35901
"Colombier-Saugnieu, Rhône",LFLL,FR,FR-ARA,45.725996,5.090139
Comana,LRBA,RO,RO-GR,44.225,26.121389
Comiso,LICB,IT,IT-82,36.99583,14.60889
Constanța,LRCK,RO,RO-CT,44.362202,28.4883
Copenhagen,EKCH,DK,DK-84,55.617900848389,12.656000137329
Cork,EICK,IE,IE-CO,51.841301,-8.49111
"Cormeilles-en-Vexin, Val-d'Oise",LFPT,FR,FR-IDF,49.096064,2.035543
Corvera,LEMI,ES,ES-MC,37.802852,-1.124884
Corvo,LPCR,PT,PT-20,39.671501,-31.1136
Craiova,LRCV,RO,RO-DJ,44.3181,23.888599
Creil,LFPC,FR,FR-HDF,49.253502,2.51914
Crete Island,LGST,GR,GR-M,35.21609878540039,26.101299285888672
Culleredo,LECO,ES,ES-GA,43.302101,-8.37726
Câmpia Turzii,LRCT,RO,RO-CJ,46.5023,23.8859
Córdoba,LEBA,ES,ES-AN,37.841999,-4.84888
Dahlhem,EDKV,DE,DE-NW,50.40611,6.530256
"Damblainville, Calvados",LFAS,FR,FR-NOR,48.9272,-0.144722
Daruvar,"LDVR, LDVD",HR,HR-07,45.572236000000004,17.1222435
Darłowo,EPDA,PL,PL-ZP,54.404701,16.3531
Daskal-Atanasovo,LBDA,BG,BG-24,42.321322,25.893692
Daugavpils,EVDA,LV,LV-111,55.944721,26.665001
De Cocksdorp,EHTX,NL,NL-NH,53.114962,4.830552
Deauville,LFRG,FR,FR-NOR,49.365237,0.154481
Debrecen,LHDC,HU,HU-HB,47.489469,21.616278
Decimomannu,LIED,IT,IT-88,39.354198,8.97248
Den Helder,EHKD,NL,NL-NH,52.923401,4.78062
Dessau-Roßlau,EDAD,DE,DE-ST,51.8318,12.184011
Deventer,EHTE,NL,NL-GE,52.242764,6.050004
Dhekelia Sovereign Base Area,LCRE,CY,CY-XX,35.014275,33.715851
Diepholz,ETND,DE,DE-NI,52.585556,8.342222
"Dierre, Indre-et-Loire",LFEF,FR,FR-CVL,47.339771,0.945861
Diest,EBDT,BE,BE-VBR,51.004032,5.064697
Dijon,LFSD,FR,FR-BFC,47.268902,5.09
Dinard,LFRD,FR,FR-BRE,48.5877,-2.07996
Dobersberg,LOAB,AT,AT-3,48.922113,15.296826
Dole,LFGJ,FR,FR-BFC,47.038955,5.427589
Dolna Banya,LBDB,BG,BG-23,42.309091,23.820177
Dolní Benešov,LKZA,CZ,CZ-MO,49.928258,18.075557
Dolný Hričov,LZZI,SK,SK-ZI,49.233292,18.613386
Donegal,EIDL,IE,IE-DL,55.0442008972168,-8.340999603271484
Dortmund,EDLW,DE,DE-NW,51.518299,7.61224
Drachten,EHDR,NL,NL-FR,53.117933,6.127324
Draganovtsi,LBDR,BG,BG-07,42.943042,25.169528
Dreschvitz,EDCG,DE,DE-MV,54.38347,13.325542
Dresden,EDDC,DE,DE-SN,51.134123,13.767831
Druskininkai,EYDR,LT,LT-AL,54.015793,23.944797
Drásov,LKPM,CZ,CZ-ST,49.7201,14.1006
Dublin,EIDW,IE,IE-D,53.428713,-6.262121
Dubnica nad Váhom,LZDB,SK,SK-TC,48.996899,18.1922
Dubová,LZDV,SK,SK-BL,48.347019,17.356583
Dubrovnik,LDDU,HR,HR-19,42.562247,18.265543
Dunajská Streda,LZDU,SK,SK-TA,48.020261,17.612572
Dve Mogili,LBDM,BG,BG-18,43.606541,25.89069
Dvůr Králové nad Labem,LKDK,CZ,CZ-KR,50.4142,15.8369
Dúbrava,LZJS,SK,SK-ZI,49.047939,19.506791
Düsseldorf,EDDL,DE,DE-NW,51.289501,6.76678
Dęblin,EPDE,PL,PL-LU,51.551021,21.892322
Ebermannstadt,EDQE,DE,DE-BY,49.794167,11.133611
Eberswalde,EDAV,DE,DE-BR,52.826313,13.701324
Egelsbach,EDFE,DE,DE-HE,49.96,8.643043
Eindhoven,EHEH,NL,NL-NB,51.4500999451,5.37452983856
El Hierro Island,GCHI,ES,ES-CN,27.8148,-17.8871
El Matorral,GCFV,ES,ES-CN,28.4527,-13.8638
Elbląg,EPEL,PL,PL-WN,54.1408,19.4233
Elefsina,LGEL,GR,GR-I,38.063801,23.556
Emden,EDWE,DE,DE-NI,53.391109,7.2275
Enköping,ESVL,SE,SE-U,59.747445,17.145188
Enontekio,EFET,FI,FI-10,68.362602233887,23.424299240112
Enschede,EHTW,NL,NL-OV,52.275833,6.889167
Erden,LBRD,BG,BG-12,43.499168,23.304722
Erfurt,EDDE,DE,DE-TH,50.978281,10.960713
Erpužice,LKER,CZ,CZ-PL,49.802799,13.0381
"Errouville, Meurthe-et-Moselle",LFAW,FR,FR-GES,49.410424,5.889301
Esbjerg,EKEB,DK,DK-83,55.525902,8.5534
Eskilstuna,ESSU,SE,SE-D,59.351101,16.708401
Eslöv,ESME,SE,SE-M,55.848923,13.329935
Essen,EDLE,DE,DE-NW,51.402302,6.93733
Eu,LFAE,FR,FR-NOR,50.068168,1.424748
Falconara Marittima (AN),LIPY,IT,IT-57,43.616299,13.3623
Falkenberg,ESGF,SE,SE-N,56.968598,12.388047
Falköping,ESGK,SE,SE-Q,58.1698,13.5878
Fano (PU),LIDF,IT,IT-57,43.824032,13.02588
Faro,LPFR,PT,PT-08,37.015909,-7.970939
Farranfore,EIKY,IE,IE-KY,52.180901,-9.52378
"Fauville, Eure",LFOE,FR,FR-NOR,49.028702,1.21986
Faßberg,ETHS,DE,DE-NI,52.919399,10.185827
Fehrbellin,EDBF,DE,DE-BR,52.793493,12.760324
Feldkirchen bei Graz,LOWG,AT,AT-6,46.9911,15.4396
Feldkirchen in Kärnten,LOKF,AT,AT-2,46.70893,14.076722
Ferlach,LOKG,AT,AT-2,46.532778,14.330833
Fermo (FM),LINF,IT,IT-57,43.226774,13.743299
Ferno (VA),LIMC,IT,IT-25,45.6306,8.72811
Ferrara (FE),"LIDV, LIPF",IT,IT-45,44.801606,11.6428925
Figari,LFKF,FR,FR-COR,41.50185,9.097092
Fingal,EIBB,IE,IE-D,53.505556,-6.237778
Finsterwalde,EDAS,DE,DE-BR,51.634641,13.67505
Firenze (FI),LIRQ,IT,IT-52,43.808558,11.202822
Flensburg,EDXF,DE,DE-SH,54.773335,9.378889
Foggia (FG),LIBF,IT,IT-75,41.433596,15.534566
Foligno (PG),LIAF,IT,IT-55,42.9328,12.71237
Forlì (FC),LIPK,IT,IT-45,44.194801,12.0701
Frankfurt am Main,EDDF,DE,DE-HE,50.026706,8.55835
Frankfurt am Main (Lautzenhausen),EDFH,DE,DE-RP,49.946353,7.261734
Freiburg im Breisgau,EDTF,DE,DE-BW,48.022778,7.8325
Freistadt,LOLF,AT,AT-4,48.513748,14.406579
Friedrichshafen,EDNY,DE,DE-BW,47.671299,9.51149
Fritzlar,ETHF,DE,DE-HE,51.1146,9.286
"Frontenas, Rhône",LFHV,FR,FR-ARA,45.918314,4.635184
Frosinone,LIRH,IT,IT-62,41.648537,13.294573
Frýdlant,LKFR,CZ,CZ-MO,49.589401,18.3792
Fubara,LIAR,IT,IT-62,41.994141,12.013544
Funchal,LPMA,PT,PT-30,32.697812,-16.774613
Föhren,EDRT,DE,DE-RP,49.863888,6.7875
Fürstenfeld,LOGF,AT,AT-6,47.061873,16.083901
GHISONACCIA,LFKG,FR,FR-COR,42.053387,9.400241
Gabrovo,LBAM,BG,BG-07,42.948664,25.358928
Gaillac,LFDG,FR,FR-OCC,43.8839,1.87556
Galatina (LE),LIBN,IT,IT-75,40.239201,18.133301
Gdańsk,EPGD,PL,PL-PM,54.377602,18.4662
Geilenkirchen,ETNG,DE,DE-NW,50.9608,6.04242
Genk,EBZW,BE,BE-VLI,51.0154,5.52647
Genova (GE),LIMJ,IT,IT-42,44.412039,8.840732
Gera,EDAJ,DE,DE-TH,50.881668,12.135833
Geraardsbergen,EBGG,BE,BE-VOV,50.7556,3.86389
Getafe,LEGT,ES,ES-MD,40.294102,-3.72383
Ghyvelde,LFAK,FR,FR-HDF,51.039559,2.549129
Giebelstadt,EDQG,DE,DE-BY,49.6480560303,9.966388702390002
Gifhorn,EDVQ,DE,DE-NI,52.524677,10.462597
Gioia del Colle (BA),LIBV,IT,IT-75,40.767799,16.9333
Girona,LEGE,ES,ES-CT,41.904639,2.761774
Giże,EPGE,PL,PL-WN,53.982436,22.403149
Goin,LFJL,FR,FR-GES,48.982101,6.25132
Gorizia (GO),LIPG,IT,IT-36,45.906898,13.5993
Gorna Oryahovitsa,LBGO,BG,BG-04,43.151402,25.7129
Gornji Humac,LDSB,HR,HR-17,43.284454,16.678362
Gorski Izvor,LBGI,BG,BG-26,42.035833,25.408333
Graben,ETSL,DE,DE-BY,48.185504,10.8612
Graf Ignatievo,LBPG,BG,BG-16,42.290401,24.714001
Grafenwöhr,ETIC,DE,DE-BY,49.6987,11.9402
Gran Canaria Island,"GCLB, GCLP",ES,ES-CN,27.8571995,-15.4469
Granada,LEGR,ES,ES-AN,37.188702,-3.77736
Gransee,EDUG,DE,DE-BR,53.00628,13.202177
Graulhet/Montdragon,LFCQ,FR,FR-OCC,43.771099,2.01083
Grenoble,LFLS,FR,FR-ARA,45.3629,5.32937
Greven,EDDG,DE,DE-NW,52.133816,7.688482
Grimbergen,EBGB,BE,BE-VBR,50.948546,4.39181
Grivitsa,LBGR,BG,BG-15,43.414941,24.733714
Groningen,EHGG,NL,NL-DR,53.119107,6.577652
Grosseto (GR),LIRS,IT,IT-52,42.759701,11.0719
Grottaglie,LIBG,IT,IT-75,40.517502,17.4032
Großenhain,EDAK,DE,DE-SN,51.308056,13.555556
Großrückerswalde,EDAG,DE,DE-SN,50.644169,13.126389
Grube,EDHB,DE,DE-SH,54.244446,11.024722
Grudziądz,EPGI,PL,PL-KP,53.524399,18.849199
Gryźliny,EPGR,PL,PL-WN,53.608072,20.349692
Grâce-Hollogne,EBLG,BE,BE-WLG,50.638574,5.443897
Gyöngyös,LHGY,HU,HU-HE,47.814279,19.976792
Gyúró,LHGR,HU,HU-FE,47.391333,18.756989
Győr,LHPR,HU,HU-GS,47.628436,17.804718
Gällivare,ESNG,SE,SE-BD,67.13240051269531,20.814599990844727
Gävle / Sandviken,ESSK,SE,SE-X,60.5933,16.951401
Gödöllő,LHGD,HU,HU-PE,47.571662,19.336796
Göriach,LOGL,AT,AT-6,47.556155,15.320327
Göteborg,"ESGG, ESGP",SE,SE-Q,57.71875,12.075099999999999
Götene,ESGN,SE,SE-Q,58.573374,13.611237
Hajdúszoboszló,LHHO,HU,HU-HB,47.459717,21.390904
Hajmáskér,LHHK,HU,HU-VE,47.142891,17.997437
Hallviken,ESNA,SE,SE-Z,63.7383,15.4583
Halmstad,ESMT,SE,SE-N,56.69110107421875,12.820199966430664
Hamburg,"EDDH, EDHI",DE,DE-HH,53.58284016015625,9.91189301513672
Hannover,EDDV,DE,DE-NI,52.461102,9.68508
Hannut,EBAV,BE,BE-WLG,50.706147,5.067739
Harlesiel,EDXP,DE,DE-NI,53.706669,7.820278
Hasselt,EBZH,BE,BE-VLI,50.970375,5.375331
Havlíčkův Brod,LKHB,CZ,CZ-VY,49.597198,15.5492
Hecklingen,EDBC,DE,DE-ST,51.8564,11.4203
Heist,EDHE,DE,DE-SH,53.645477,9.703503
Helgoland,EDXH,DE,DE-SH,54.18528,7.915833
Helsinki (Vantaa),EFHK,FI,FI-18,60.318363,24.963341
Hemavan,ESUT,SE,SE-AC,65.806099,15.0828
Heppenheim,EDEP,DE,DE-HE,49.621944,8.624444
Heraklion,LGIR,GR,GR-M,35.339699,25.1803
Herning,EKAB,DK,DK-82,56.011109,9.016041
Herrera de Pisuerga,LERP,ES,ES-CL,42.5923,-4.2902
Herrljunga,ESGH,SE,SE-Q,58.032376,13.108642
Hlboké,LZSE,SK,SK-TA,48.657927,17.329459
Hluboká nad Vltavou,LKHS,CZ,CZ-JC,49.040001,14.495
Hodkovice nad Mohelkou,LKHD,CZ,CZ-LI,50.6572,15.0778
Hoeven,EHSE,NL,NL-NB,51.554901,4.553003
Hoevenen,EBHN,BE,BE-VAN,51.306099,4.38722
Hof,EDQM,DE,DE-BY,50.288544,11.852876
Hofkirchen,LOLH,AT,AT-4,48.13911,14.33584
Hohenems,LOIH,AT,AT-8,47.384477,9.699776
Hohenfels,ETIH,DE,DE-BY,49.216541,11.836064
Hohn,ETNH,DE,DE-SH,54.312199,9.53817
Holič,LZHL,SK,SK-TA,48.8103,17.1338
Holovousy,LKHC,CZ,CZ-KR,50.3576,15.576983
Holzdorf,ETSH,DE,DE-BR,51.767799,13.1677
Hondarribia,LESO,ES,ES-PV,43.356499,-1.79061
Hoogerheide,EHWO,NL,NL-NB,51.4491,4.34203
Hoppstädten,EDRH,DE,DE-RP,49.610558,7.186667
Horta,LPHR,PT,PT-20,38.519901275634766,-28.715900421142575
Hoyerswerda,EDAT,DE,DE-SN,51.451111,14.199444
Hořovice,LKHV,CZ,CZ-ST,49.848099,13.8935
Hradec Králové,LKHK,CZ,CZ-KR,50.253201,15.8452
Hranice,LKHN,CZ,CZ-OL,49.5461,17.704399
Hudiksvall,ESNH,SE,SE-X,61.768087,17.080715
"Huez, Isère",LFHU,FR,FR-ARA,45.087399,6.083604
Hultsfred,ESSF,SE,SE-H,57.525799,15.8233
Humala,EEHA,EE,EE-37,59.3579,24.3795
Hundsheim,LOAS,AT,AT-3,48.099157,16.933527
Husum,EDXJ,DE,DE-SH,54.5099983215,9.13833332062
Hvar Island,LDSH,HR,HR-17,43.181702,16.633301
Hyvinkää,EFHV,FI,FI-18,60.6544,24.8811
"Hyères, Var",LFTH,FR,FR-PAC,43.097301,6.14603
Härslöv,ESML,SE,SE-M,55.946124,12.870001
Hässleholm,ESFA,SE,SE-M,56.134407,13.875647
Hódmezővásárhely,LHHM,HU,HU-CS,46.384444,20.308333
Hörselberg-Hainich,EDGE,DE,DE-TH,50.991604,10.47973
Hünxe,EDLD,DE,DE-NW,51.616018,6.861262
Ianca,LRIC,RO,RO-BR,45.158655,27.43093
Iaşi,LRIA,RO,RO-IS,47.179633,27.621431
Ibiza (Eivissa),LEIB,ES,ES-IB,38.872898,1.37312
Idre,ESUE,SE,SE-W,61.869701,12.6894
Ihtiman,LBHT,BG,BG-23,42.42189,23.767221
Ikaria Island,LGIK,GR,GR-K,37.6827011108,26.3470993042
Ikshkile,EVPA,LV,LV-067,56.815668,24.524324
Inis Meáin,EIMN,IE,IE-G,53.092999,-9.56806
Inis Mór,EIIM,IE,IE-G,53.1067008972168,-9.653610229492188
Inis Oírr,EIIR,IE,IE-G,53.064701,-9.5109
Innsbruck,LOWI,AT,AT-7,47.260201,11.344
Inowrocław,EPIN,PL,PL-KP,52.806155,18.283133
Inverin,EICA,IE,IE-G,53.23030090332031,-9.467780113220217
Ioannina,LGIO,GR,GR-D,39.6964,20.8225
Iserlohn,EDKS,DE,DE-NW,51.436389,7.699722
Isola di Capo Rizzuto (KR),LIBC,IT,IT-78,38.9972,17.0802
"Istres, Bouches-du-Rhône",LFMI,FR,FR-PAC,43.522701,4.92384
Ivalo,EFIV,FI,FI-10,68.6073,27.4053
Jagel,ETNS,DE,DE-SH,54.459301,9.51633
Jakabszállás,LHJK,HU,HU-BK,46.747855,19.604754
Jaroměř,LKJA,CZ,CZ-KR,50.331402,15.9539
Jasionka,EPRZ,PL,PL-PK,50.109791,22.024155
Jelenia Góra,EPJG,PL,PL-DS,50.898899,15.7856
Jerez de la Frontera,LEJR,ES,ES-AN,36.744598,-6.06011
Jihlava,LKJI,CZ,CZ-VY,49.419399,15.6353
Jindřichův Hradec,LKJH,CZ,CZ-JC,49.150682,14.972413
Jičín,LKJC,CZ,CZ-KR,50.43,15.3331
Joensuu,EFJO,FI,FI-13,62.658815,29.619398
Juist,EDWJ,DE,DE-NI,53.681421,7.056398
Jyväskylän Maalaiskunta,EFJY,FI,FI-08,62.399502,25.678301
Jämsä,EFHA,FI,FI-08,61.856039,24.786686
Jõhvi,EEJI,EE,EE-44,59.325974,27.392883
Jönköping,ESGJ,SE,SE-F,57.757598876953125,14.068699836730955
Kajaani,EFKI,FI,FI-05,64.2855,27.6924
Kalamata,LGKL,GR,GR-J,37.06829833984375,22.02549934387207
Kalmar,ESMQ,SE,SE-H,56.685501,16.2876
Kalocsa,LHKA,HU,HU-BK,46.55149,18.942299
Kalymnos Island,LGKY,GR,GR-L,36.9632987976,26.9405994415
Kamenica nad Cirochou,LZKC,SK,SK-PV,48.936242,21.994196
Kamień Śląski,EPKN,PL,PL-OP,50.530598,18.079283
Karksi,EEKI,EE,EE-84,58.117078,25.552783
Karlovy Vary,LKKV,CZ,CZ-KA,50.202999,12.915
Karlskoga,ESKK,SE,SE-T,59.345901,14.4959
Karlstad,ESOK,SE,SE-S,59.444698,13.3374
Karpathos Island,LGKP,GR,GR-L,35.421398,27.146
Kartena,EYKT,LT,LT-KL,55.921791,21.566704
Karup,EKKA,DK,DK-82,56.297139,9.104311
Kasos Island,LGKS,GR,GR-L,35.4213981628,26.9099998474
Kastelorizo Island,LGKJ,GR,GR-L,36.141701,29.576401
Katowice,EPKT,PL,PL-SL,50.476015,19.080705
Katrineholm,ESVK,SE,SE-D,59.017988,16.221775
Kauhajoki,EFKJ,FI,FI-03,62.463212,22.390817
Kauhava,EFKA,FI,FI-03,63.127102,23.051399
Kaunas,"EYKA, EYKS",LT,LT-KU,54.921882,23.98366
Kavala,LGKV,GR,GR-A,40.9133,24.6192
Kaynardzha,LBKJ,BG,BG-19,43.969999,27.469754
Kałduny,EPBE,PL,PL-LD,51.402116,19.378239
Kecskemét,LHKE,HU,HU-BK,46.9175,19.749201
Kecskéd,LHKD,HU,HU-KE,47.517121,18.325024
Kefallinia Island,LGKF,GR,GR-F,38.12009811401367,20.500499725341797
Keila,EEEI,EE,EE-37,59.259599,24.204799
Kemi / Tornio,EFKE,FI,FI-10,65.778701782227,24.582099914551
Kerkyra (Corfu),LGKR,GR,GR-F,39.60145,19.912179
Kiel,EDHK,DE,DE-SH,54.37957,10.145266
Kielce,EPKA,PL,PL-SK,50.896702,20.731701
Kilkenny,EIKK,IE,IE-KK,52.65079879760742,-7.296110153198242
Kirchheim im Innkreis,LOLK,AT,AT-4,48.21227,13.345678
Kiruna,ESNQ,SE,SE-BD,67.821999,20.3368
Kitee,EFIT,FI,FI-13,62.1661,30.073601
Kithira Island,LGKC,GR,GR-I,36.273978,23.016719
Kittilä,EFKT,FI,FI-10,67.700996,24.8468
Kladno,LKKL,CZ,CZ-ST,50.112801,14.0897
Klagenfurt am Wörthersee,LOWK,AT,AT-2,46.642502,14.3377
Klaipėda,EYKL,LT,LT-KL,55.712021,21.242892
Klatovy,LKKT,CZ,CZ-PL,49.418301,13.3219
Kokkola / Kruunupyy,EFKK,FI,FI-07,63.721199,23.143101
Kolín,LKKO,CZ,CZ-ST,50.0019,15.1733
Komoča,LZKA,SK,SK-NJ,47.97054,18.040467
Koprivnica,LDVK,HR,HR-06,46.2131,16.8372
Korenica,LDZP,HR,HR-09,44.699634,15.781688
Kos Island,LGKO,GR,GR-L,36.794523,27.09115
Kozani,LGKZ,GR,GR-C,40.286098,21.840799
Košice,LZKZ,SK,SK-KI,48.663101,21.2411
Krems an der Donau,LOAG,AT,AT-3,48.446155,15.635011
Kristianstad,ESMK,SE,SE-M,55.9217,14.0855
Krnov,LKKR,CZ,CZ-MO,50.074407,17.695219
Kroměříž,LKKM,CZ,CZ-ZL,49.285599,17.4158
Królewskie,EPCD,PL,PL-LU,51.082067,23.437014
Krępa Słupska,EPSK,PL,PL-PM,54.410036,17.090572
Kubschütz,EDAB,DE,DE-SN,51.193611,14.519722
Kuchyňa,LZMC,SK,SK-BL,48.402,17.118401
Kuopio / Siilinjärvi,EFKU,FI,FI-15,63.007099,27.7978
Kuressaare,EEKE,EE,EE-74,58.22990036010742,22.50950050354004
Kuusamo,EFKS,FI,FI-14,65.987602,29.239401
Kyritz,EDBK,DE,DE-BR,52.918888,12.425278
Kärdla,EEKA,EE,EE-39,58.99079895019531,22.830699920654297
Kölleda,EDBS,DE,DE-TH,51.198414,11.191764
Köln (Cologne),EDDK,DE,DE-NW,50.865898,7.14274
Köping,ESVQ,SE,SE-U,59.528083,15.970064
Köthen (Anhalt),EDCK,DE,DE-ST,51.723745,11.948826
Kąkolewo,EPPG,PL,PL-WP,52.235001,16.243
Křižanov,LKKA,CZ,CZ-VY,49.368301,16.1161
L'Aquila,LIAP,IT,IT-65,42.379902,13.3092
"L'Hôpital-le-Mercier, Saône-et-Loire",LFLN,FR,FR-BFC,46.414019,4.014177
La Baule-Escoublac,LFRE,FR,FR-PDL,47.289398,-2.34639
"La Flèche, Sarthe",LFAL,FR,FR-PDL,47.69261,-0.002198
La Hague,LFAU,FR,FR-NOR,49.622775,-1.830688
La Roche-sur-Yon,LFRI,FR,FR-PDL,46.7019,-1.37863
La Rochelle,LFBH,FR,FR-NAQ,46.179199,-1.19528
La Seu d'Urgell Pyrenees and Andorra,LESU,ES,ES-CT,42.3386,1.40917
La Tranche-sur-Mer,LFTA,FR,FR-PDL,46.363534,-1.427364
La Virgen Del Camino,LELN,ES,ES-CL,42.590709,-5.653406
Laage,ETNL,DE,DE-MV,53.918201,12.2783
Laakirchen,LOLU,AT,AT-4,47.951541,13.867271
Lahr/Schwarzwald,EDTL,DE,DE-BW,48.369301,7.82772
Lamezia Terme (CZ),LICA,IT,IT-78,38.906214,16.246007
Lampedusa,LICD,IT,IT-82,35.497898,12.6181
"Lanas, Ardèche",LFHO,FR,FR-ARA,44.544367,4.372194
Landivisiau,LFRJ,FR,FR-BRE,48.5303,-4.15164
Landsberg,EDAQ,DE,DE-ST,51.552223,12.053889
Landshut,EDML,DE,DE-BY,48.512019,12.034865
Langenlonsheim,EDEL,DE,DE-RP,49.908333,7.907778
Langeoog,EDWL,DE,DE-NI,53.742379,7.496345
Langkampfen,LOIK,AT,AT-7,47.564713,12.127576
Lannion,LFRO,FR,FR-BRE,48.754398,-3.47166
"Laon, Aisne",LFAF,FR,FR-HDF,49.595798,3.63167
Lappeenranta,EFLP,FI,FI-02,61.044601,28.144743
Larissa,LGLR,GR,GR-E,39.650253,22.4655
Larnaca,LCLK,CY,CY-04,34.875099,33.624901
Laucha an der Unstrut,EDBL,DE,DE-ST,51.245834,11.693333
Laupheim,ETHL,DE,DE-BW,48.220299,9.91002
"Laval, Mayenne",LFOV,FR,FR-PDL,48.032208,-0.743999
"Le Castellet, Var",LFMQ,FR,FR-PAC,43.252499,5.78519
Le Havre,LFOH,FR,FR-NOR,49.534038,0.088406
"Le Mans, Sarthe",LFRM,FR,FR-PDL,47.948604,0.201702
"Le Pêchereau, Indre",LFEG,FR,FR-CVL,46.59626,1.601572
Le Touquet-Paris-Plage,LFAT,FR,FR-HDF,50.518284,1.621656
"Le Versoud, Isère",LFLG,FR,FR-ARA,45.218047,5.848317
Lecce (LE),LINL,IT,IT-75,40.358928,18.297958
Leck,EDXK,DE,DE-SH,54.790905,8.963439
Leeuwarden,EHLW,NL,NL-FR,53.22859954833984,5.760560035705566
Lefkoniko (Geçitkale),LCGK,CY,CY-03,35.23591,33.720088
Leiria,LPJF,PT,PT-10,39.779907,-8.820238
Leixlip,EIWT,IE,IE-D,53.351622,-6.490357
Lelystad,EHLE,NL,NL-FL,52.453188,5.514622
Lengberg,LOKL,AT,AT-7,46.798069,12.87833
Leopoldsburg,EBLE,BE,BE-VLI,51.12,5.307222
Leros Island,LGLE,GR,GR-L,37.184898,26.800301
Les Allues,LFKX,FR,FR-ARA,45.407505,6.577597
Les Hauts-de-Chée,LFEU,FR,FR-GES,48.867519,5.185068
Les Sables-d'Olonne,LFOO,FR,FR-PDL,46.476898,-1.72278
Lesnovo,LBLS,BG,BG-23,42.632465,23.650102
Lesquin,LFQQ,FR,FR-HDF,50.566564,3.102429
Letkov,LKPL,CZ,CZ-PL,49.723099,13.4522
Letterkenny,EILT,IE,IE-DL,54.951302,-7.67283
Letňany,LKLT,CZ,CZ-PR,50.131401,14.5256
Levaldigi (CN),LIMZ,IT,IT-21,44.547458,7.623045
Leźnica Wielka,EPLY,PL,PL-LD,52.004945,19.143792
Liberec,LKLB,CZ,CZ-LI,50.767053,15.023071
Lidköping,ESGL,SE,SE-Q,58.4655,13.1744
Lielvarde,EVGA,LV,LV-067,56.778301,24.853901
Liepāja,EVLA,LV,LV-112,56.517502,21.096901
Limbaži,EVLI,LV,LV-054,57.485476,24.672384
Limerick,EICN,IE,IE-LK,52.6665,-8.68183
Limnos Island,LGLM,GR,GR-K,39.917098999,25.236299514799995
Limoges/Bellegarde,LFBL,FR,FR-NAQ,45.862801,1.17944
Linköping,"ESCF, ESSL",SE,SE-E,58.4012875,15.6034605
Linz,"LOLO, LOWL",AT,AT-4,48.267703,14.260867000000001
Lisbon,LPPT,PT,PT-11,38.7813,-9.13592
Lleida,LEDA,ES,ES-CT,41.728185,0.535023
"Lognes, Seine-et-Marne",LFPL,FR,FR-IDF,48.821028,2.625967
Loreo (RO),LIDC,IT,IT-34,45.08608,12.161455
Lorient/Lann/Bihoué,LFRH,FR,FR-BRE,47.760601,-3.44
Lublin,EPLB,PL,PL-LU,51.240157,22.713461
Luckaitztal,EDBQ,DE,DE-BR,51.672075,13.960104
Ludvika,ESSG,SE,SE-W,60.088299,15.0964
Lugo,LIDG,IT,IT-45,44.397476,11.854777
Luhačovice,LKLU,CZ,CZ-ZL,49.088188,17.718769
Luleå,ESPA,SE,SE-BD,65.5438,22.122
Luxembourg,ELLX,LU,LU-L,49.626845,6.212134
Lučenec,LZLU,SK,SK-BC,48.339401,19.7358
Lycksele,ESNL,SE,SE-AC,64.548302,18.7162
Lánov,LKVR,CZ,CZ-KR,50.624199,15.6464
Lärz,EDAX,DE,DE-MV,53.306389,12.752222
Læsø,EKLS,DK,DK-81,57.277199,11.0001
"Lépaud, Creuse",LFBK,FR,FR-NAQ,46.222599,2.36396
Lübeck,EDHL,DE,DE-SH,53.805401,10.7192
Maastricht,EHBK,NL,NL-LI,50.911087,5.769401
Madrid,"LECU, LEMD, LETO",ES,ES-MD,40.450661,-3.604732333333333
Magdeburg,EDBM,DE,DE-ST,52.073612,11.626389
Mahón (Maó),LEMH,ES,ES-IB,39.862598,4.21865
Maia,LPVL,PT,PT-13,41.27729,-8.516209
Mainz,EDFZ,DE,DE-RP,49.967499,8.147222
Mali Lošinj,LDLO,HR,HR-08,44.566985,14.393883
Malmö,ESMS,SE,SE-M,55.535564,13.376327
Malung,ESVM,SE,SE-W,60.658798,13.7266
Manching,ETSI,DE,DE-BY,48.7156982421875,11.534000396728516
Mannheim,EDFM,DE,DE-BW,49.473057,8.514167
Margny-lès-Compiègne,LFAD,FR,FR-HDF,49.431242,2.801514
Mariazell,LOGM,AT,AT-6,47.789733,15.300333
Maribor,LJMB,SI,SI-160,46.4799,15.6861
Mariehamn,EFMA,FI,FI-01,60.1222,19.898199
"Marignane, Bouches-du-Rhône",LFML,FR,FR-PAC,43.438088,5.2125
Marratxí,LESB,ES,ES-IB,39.5989,2.70278
Marstal,EKAE,DK,DK-83,54.852798,10.4564
Martin,LZMA,SK,SK-ZI,49.0653,18.9508
"Marzy, Nièvre",LFQG,FR,FR-BFC,47.002913,3.113114
Mauterndorf,LOSM,AT,AT-5,47.131995,13.695867
Mayerhofen,LOKM,AT,AT-2,46.974996,14.371228
Medlánky,LKCM,CZ,CZ-JM,49.236698,16.555
Medulin,LDPM,HR,HR-18,44.843878,13.904376
Megara,LGMG,GR,GR-I,37.981098,23.3654
Megève,LFHM,FR,FR-ARA,45.823005,6.649406
Melilla,GEML,ES,ES-ML,35.2798,-2.95626
Melpignano (LE),LINB,IT,IT-75,40.107104,18.257618
Memmingen,EDJA,DE,DE-BY,47.988092,10.238248
Mende/Brénoux,LFNB,FR,FR-OCC,44.502102,3.53282
Merseburg,EDAM,DE,DE-ST,51.362564,11.94113
"Merville, Nord",LFQT,FR,FR-HDF,50.618401,2.64224
Micheldorf,"LOKH, LOLM",AT,AT-2,47.39958,14.278498500000001
Middenmeer,EHMM,NL,NL-NH,52.814876,5.021245
Mihail Kogălniceanu,LRTC,RO,RO-TL,45.0625,28.7143
Mikkeli,EFMI,FI,FI-04,61.6866,27.201799
Mikulovice,LKMI,CZ,CZ-OL,50.301701,17.297501
Milos Island,LGML,GR,GR-L,36.696899,24.4769
Mladá Boleslav,LKMB,CZ,CZ-ST,50.3983,14.8983
Mnichovo Hradiště,LKMH,CZ,CZ-ST,50.540199,15.0066
Molos,LGMO,GR,GR-H,38.826175,22.661959
"Monchy-Lagache, Somme",LFAG,FR,FR-HDF,49.868871,3.029566
Monflorite/Alcalá del Obispo,LEHC,ES,ES-AR,42.076099,-0.316667
Mont-de-l'Enclus,EBAM,BE,BE-WHT,50.740101,3.4849
Montana,LBMO,BG,BG-12,43.382619,23.263203
Montauban,LFDB,FR,FR-OCC,44.0257,1.37804
Montdidier,LFAR,FR,FR-HDF,49.672118,2.567811
Montichiari (BS),LIPO,IT,IT-25,45.428902,10.3306
Montpellier/Méditerranée,LFMT,FR,FR-OCC,43.576199,3.96301
Mora,LPMO,PT,PT-07,38.993532,-8.14201
Mora,ESKM,SE,SE-W,60.957901,14.5114
Moravská Třebová,LKMK,CZ,CZ-PA,49.798302,16.687799
Morlaix/Ploujean,LFRU,FR,FR-BRE,48.6031990051,-3.81577992439
Morón,LEMO,ES,ES-AN,37.17490005493164,-5.615940093994141
Most,LKMO,CZ,CZ-US,50.525002,13.6831
Mostkovice,LKSB,CZ,CZ-OL,49.48739,17.05261
Mošnov,LKMT,CZ,CZ-MO,49.696301,18.111099
Munich,EDDM,DE,DE-BY,48.353802,11.7861
Mykonos,LGMK,GR,GR-L,37.435101,25.348101
Mytilene,LGMT,GR,GR-K,39.057406,26.598629
Málaga,LEMG,ES,ES-AN,36.6749,-4.49911
Mönchengladbach,EDLN,DE,DE-NW,51.230278,6.504444
Müllheim,EDSM,DE,DE-BW,47.824316,7.639475
Namur,EBNM,BE,BE-WNA,50.489705,4.769697
Nannhausen,EDRN,DE,DE-RP,49.96992,7.478357
Nantes,LFRS,FR,FR-PDL,47.153198,-1.61073
Napoli,LIRN,IT,IT-72,40.886002,14.2908
Narva,EENA,EE,EE-44,59.388599,28.1136
Navan,EIHH,IE,IE-MH,53.695885,-6.654085
Naxos,LGNX,GR,GR-L,37.0811,25.368099
Nea Anchialos,LGBL,GR,GR-E,39.219601,22.7943
Neuburg an der Donau,ETSN,DE,DE-BY,48.710999,11.2115
Neuhardenberg,EDON,DE,DE-BR,52.613056,14.242778
Neuhausen/Spree,EDAP,DE,DE-BR,51.684723,14.423056
Neumünster,EDHN,DE,DE-SH,54.079445,9.941389
Neustadt,EDAI,DE,DE-BR,52.826668,12.541944
Neustadt-Glewe,EDAN,DE,DE-MV,53.362444,11.613764
"Nice, Alpes-Maritimes",LFMN,FR,FR-PAC,43.658401,7.21587
Niedergörsdorf,EDBO,DE,DE-BR,51.899734,13.052809
Niederstetten,ETHN,DE,DE-BW,49.39162,9.956747
Niederöblarn,LOGO,AT,AT-6,47.478742,14.007101
Niort/Souché,LFBN,FR,FR-NAQ,46.313477,-0.394529
Nitra,LZNI,SK,SK-NJ,48.2794,18.132799
Nobitz,EDAC,DE,DE-TH,50.981945,12.506389
Norddeich,EDWS,DE,DE-NI,53.633057,7.190278
Norderney,EDWY,DE,DE-NI,53.706944,7.23
Nordhausen,EDAO,DE,DE-TH,51.493475,10.837562
Norrköping,ESSP,SE,SE-E,58.586299896240234,16.250600814819336
Nové Město nad Metují,LKNM,CZ,CZ-KR,50.364201,16.1136
Nové Zámky,LZNZ,SK,SK-NJ,47.961944,18.184444
Nový Malín,LKSU,CZ,CZ-OL,49.960602,17.017799
Nowa Wieś,EPRJ,PL,PL-PK,50.104169,22.047029
Nowe Kramsko,EPZG,PL,PL-LB,52.1385,15.7986
Nowogródek Pomorski,EPMY,PL,PL-ZP,52.941164,15.029812
Nowy Dwór Mazowiecki,EPMO,PL,PL-MZ,52.451099,20.6518
Nowy Glinnik,EPTM,PL,PL-LD,51.5844,20.097799
Nuremberg,EDDN,DE,DE-BY,49.498699,11.078056
Nyköping,ESKN,SE,SE-D,58.789656,16.911479
Nyland,ESNK,SE,SE-Y,63.048599,17.7689
Nîmes/Garons,LFTW,FR,FR-OCC,43.757401,4.41635
Nörvenich,ETNN,DE,DE-NW,50.8312,6.65817
Nötsch im Gailtal,LOKN,AT,AT-2,46.5811,13.6292
Ober-Grafendorf,LOAD,AT,AT-3,48.160081,15.58677
Ober-Mörlen,EDFP,DE,DE-HE,50.3622,8.71164
Odense,EKOD,DK,DK-83,55.475307,10.327206
Oesterdeichstrich,EDXB,DE,DE-SH,54.153332,8.901667
Olbia (SS),LIEO,IT,IT-88,40.898953,9.518457
Olomouc,LKOL,CZ,CZ-OL,49.587712,17.209275
Olsztyn,EPOD,PL,PL-WN,53.773889,20.413468
Oostende,EBOS,BE,BE-VWV,51.1998,2.874673
Oradea,LROD,RO,RO-BH,47.025299,21.9025
Orio al Serio (BG),LIME,IT,IT-25,45.669362,9.708851
Oristano,LIER,IT,IT-88,39.895308,8.642661
Osijek,LDOC,HR,HR-14,45.542778,18.631944
Osijek(Klisa),LDOS,HR,HR-14,45.462355,18.811278
Oskarshamn,ESMO,SE,SE-H,57.350498,16.497999
Osnabrück,EDWO,DE,DE-NI,52.286388,7.969722
Osthausen-Wülfershausen,EDBA,DE,DE-TH,50.841873,11.069934
Otopeni,LROP,RO,RO-IF,44.571792,26.103285
Otočac,LDRO,HR,HR-09,44.845517,15.288607
Otrokovice,LKZL,CZ,CZ-ZL,49.198299,17.517799
Ottenschlag,LOAA,AT,AT-3,48.41856,15.215294
Otvice,LKCH,CZ,CZ-US,50.468899,13.4681
Oulu / Oulunsalo,EFOU,FI,FI-14,64.930099,25.354601
Očová,LZOC,SK,SK-BC,48.595333,19.265806
Pajala,ESUP,SE,SE-BD,67.244569,23.074894
Palanga,EYPA,LT,LT-KL,55.973202,21.093901
Palermo,"LICJ, LICP",IT,IT-82,38.145959,13.202185
Palma de Mallorca,LEPA,ES,ES-IB,39.551701,2.73881
Pamplona,LEPP,ES,ES-NC,42.77,-1.64633
Panensky Tynec,LKPC,CZ,CZ-US,50.306099,13.9342
Panevėžys,EYPP,LT,LT-PN,55.729400634765625,24.46080017089844
Pantelleria (TP),LICG,IT,IT-82,36.816502,11.9689
Paphos,LCPH,CY,CY-06,34.717999,32.485699
Pardubice,LKPD,CZ,CZ-PA,50.015049,15.73981
Paris,LFPB,FR,FR-IDF,48.962276,2.436539
"Paris (Orly, Val-de-Marne)",LFPO,FR,FR-IDF,48.72333,2.37944
"Paris (Roissy-en-France, Val-d'Oise)",LFPG,FR,FR-IDF,49.00896,2.554117
Parma (PR),LIMP,IT,IT-45,44.826351,10.29705
Paros,LGPA,GR,GR-L,37.020495,25.113195
Partizánske,LZPT,SK,SK-TC,48.619202,18.3297
Patras,LGRX,GR,GR-G,38.1511,21.4256
Pau/Pyrénées (Uzein),LFBP,FR,FR-NAQ,43.380001,-0.418611
Pavullo (MO),LIDP,IT,IT-45,44.322222,10.831667
Peenemünde,EDCP,DE,DE-MV,54.15778,13.774444
Perdasdefogu (OG),LIEP,IT,IT-88,39.678438,9.462163
Pernik,LBBR,BG,BG-14,42.693305,22.896559
Perpignan/Rivesaltes,LFMP,FR,FR-OCC,42.740398,2.87067
Perugia (PG),LIRZ,IT,IT-55,43.095901,12.5132
Pescara,LIBP,IT,IT-65,42.431079,14.182981
Piastów,EPRP,PL,PL-MZ,51.478901,21.110001
Pico Island,LPPI,PT,PT-20,38.554298,-28.441299
Piešťany,LZPP,SK,SK-TA,48.62519836425781,17.828399658203125
Pinkafeld,LOGP,AT,AT-1,47.386684,16.112673
Pinnow,EDBP,DE,DE-MV,53.615276,11.561111
Pirna,EDAR,DE,DE-SN,50.979603,13.908445
Pisa (PI),LIRP,IT,IT-52,43.683899,10.3927
Piteå,ESNP,SE,SE-BD,65.3983,21.260799
Pitești,LRPT,RO,RO-AG,44.817504,24.897822
Plasy,LKPS,CZ,CZ-PL,49.9203,13.3769
Plovdiv,LBPD,BG,BG-16,42.067799,24.8508
Plzen,LKLN,CZ,CZ-PL,49.675201,13.2746
Poitiers/Biard,LFBI,FR,FR-NAQ,46.5877,0.306666
Polička,LKPA,CZ,CZ-PA,49.739399,16.2589
"Pommeuse, Seine-et-Marne",LFPK,FR,FR-IDF,48.839602,3.008653
Ponta Delgada,LPPD,PT,PT-20,37.7411994934,-25.6979007721
Ponte de Sor,LPSO,PT,PT-12,39.211545,-8.057787
Pontivy,LFED,FR,FR-BRE,48.05674,-2.920818
Poprad,LZTT,SK,SK-PV,49.070994,20.241394
Pori,EFPO,FI,FI-17,61.4617,21.799999
Portimão,LPPM,PT,PT-08,37.1493,-8.58396
Porto,LPPR,PT,PT-13,41.2481002808,-8.68138980865
Poznań,EPPO,PL,PL-WP,52.421598,16.823359
Prachatice,LKSR,CZ,CZ-JC,49.0825,14.0758
Prague,"LKKB, LKPR, LKTC",CZ,CZ-PR,50.069236,14.409992
Praia da Vitória,LPLA,PT,PT-20,38.761799,-27.090799
Prelošćica,LDZS,HR,HR-03,45.465556,16.486389
Preveza,LGPZ,GR,GR-D,38.925499,20.765301
Prešov,LZPW,SK,SK-PV,49.02970123291,21.315599441528
Prievidza,LZPE,SK,SK-TC,48.766102,18.5867
Primorsko,LBPR,BG,BG-02,42.2596,27.703846
Pritzwalk,EDBU,DE,DE-BR,53.180019,12.184553
Propriano,LFKO,FR,FR-COR,41.660599,8.88975
Prouvy,LFAV,FR,FR-HDF,50.327823,3.461061
Pula,LDPL,HR,HR-18,44.893501,13.9222
Punitz,LOGG,AT,AT-1,47.146654,16.317058
Pupping,LOLE,AT,AT-4,48.338793,13.985209
Pärnu,EEPU,EE,EE-67,58.41899871826172,24.47279930114746
Pécs,LHPP,HU,HU-BA,45.988891,18.242044
Périgueux/Bassillac,LFBX,FR,FR-NAQ,45.198101,0.815556
Péruwelz,EBTY,BE,BE-WHT,50.531639,3.496185
Płock,EPPL,PL,PL-MZ,52.562225,19.720322
Přerov,LKPO,CZ,CZ-OL,49.4258,17.404699
Přibyslav,LKPI,CZ,CZ-VY,49.580799,15.7628
Quimper/Pluguffan,LFRQ,FR,FR-BRE,47.973031,-4.169655
Radom,EPRA,PL,PL-MZ,51.38937,21.214742
Radomir,LBSW,BG,BG-14,42.444199,22.9835
Rakovnik,LKRK,CZ,CZ-ST,50.0942,13.6889
Rakvere,EERE,EE,EE-59,59.364032,26.35874
Ramstein-Miesenbach,ETAR,DE,DE-RP,49.436901,7.60028
Raná,LKRA,CZ,CZ-US,50.4039,13.7519
Ranón,LEAS,ES,ES-AS,43.563599,-6.03462
Rapla,EERA,EE,EE-70,58.99028,24.716386
Ravenna (RA),LIDR,IT,IT-45,44.364291,12.224996
Ražňany,LZRY,SK,SK-PV,49.078056,21.099722
Recea,LRTM,RO,RO-MS,46.467701,24.4125
Reggio Calabria,LICR,IT,IT-78,38.071201,15.6516
Reggio Emilia (RE),LIDE,IT,IT-45,44.698039,10.664885
Reus,LERS,ES,ES-CT,41.147509,1.168354
Reutte,LOIR,AT,AT-7,47.470897,10.6913
Rheinmünster,EDSB,DE,DE-BW,48.7794,8.0805
Rhodes,LGRP,GR,GR-L,36.405399,28.086201
Rhodes Island,LGRD,GR,GR-L,36.383099,28.1089
Rickenbach,EDSF,DE,DE-BW,47.6333,7.9412
Riesa,EDAU,DE,DE-SN,51.29361,13.356111
Riga,"EVRA, EVRS",LV,LV-062,56.955926000000005,24.022856
Riidaja,EERD,EE,EE-82,58.08457,25.89877
Rijeka(Omišalj),LDRI,HR,HR-08,45.216376,14.57085
Rijen,EHGR,NL,NL-NB,51.567402,4.93183
Rimini (RN),LIPR,IT,IT-45,44.020024,12.612198
Ringsu,EERU,EE,EE-74,57.78559,23.262377
"Rives-d'Andaine, Orne",LFAO,FR,FR-NOR,48.545799,-0.387444
Rochefort/Saint-Agnant,LFDN,FR,FR-NAQ,45.887798,-0.983056
Rodez/Marcillac,LFCR,FR,FR-OCC,44.407902,2.48267
Roitzschjora,EDAW,DE,DE-SN,51.577778,12.494444
Rokycany,LKRY,CZ,CZ-PL,49.751944,13.589722
Rome,"LIRA, LIRF",IT,IT-62,41.8016505,12.423664500000001
Ronchi dei Legionari/Trieste,LIPQ,IT,IT-36,45.827499,13.4722
Ronneby,ESDF,SE,SE-K,56.266701,15.265
Roskilde,EKRK,DK,DK-85,55.585602,12.1314
Rota,LERT,ES,ES-AN,36.645198822,-6.34946012497
Rothenburg/Oberlausitz,EDBR,DE,DE-SN,51.363335,14.95
Rotterdam,EHRD,NL,NL-ZH,51.956902,4.43722
Roudnice nad Labem,LKRO,CZ,CZ-US,50.410186,14.22708
Rovaniemi,EFRO,FI,FI-10,66.563327,25.829751
Royan/Médis,LFCY,FR,FR-NAQ,45.628101,-0.9725
Rudniki,EPRU,PL,PL-SL,50.884716,19.201842
Ružomberok,LZRU,SK,SK-ZI,49.085485,19.368584
Råda,"ESFR, ESOH",SE,SE-Q,59.259100000000004,13.31605
Rødby,EKMB,DK,DK-85,54.699447,11.438163
Rønne,EKRN,DK,DK-84,55.063301,14.7596
Saarbrücken,EDDR,DE,DE-SL,49.217562,7.111667
Saare,EELU,EE,EE-57,59.02211,23.57808
Saareküla,EEKU,EE,EE-67,58.148039,23.998523
Saint Ghislain,EBSG,BE,BE-WHT,50.458009,3.821
Saint Hubert,EBSH,BE,BE-WLX,50.0359,5.40425
Saint-Aubin-sur-Scie,LFAB,FR,FR-NOR,49.884662,1.08101
Saint-Bon,LFLJ,FR,FR-ARA,45.397531,6.63498
Saint-Christophe (AO),LIMW,IT,IT-23,45.738552,7.3683
"Saint-Crépin, Hautes-Alpes",LFNC,FR,FR-PAC,44.701698,6.60028
"Saint-Denis-de-l'Hôtel, Loiret",LFOZ,FR,FR-CVL,47.897758,2.164478
"Saint-Hilaire-le-Châtel, Orne",LFAX,FR,FR-NOR,48.539157,0.532043
"Saint-Jacques-de-la-Lande, Ille-et-Vilaine",LFRN,FR,FR-BRE,48.0695,-1.73479
Saint-Léger-sur-Roanne,LFLO,FR,FR-ARA,46.053818,3.999023
Saint-Nazaire/Montoir,LFRZ,FR,FR-PDL,47.31142,-2.152634
"Saint-Pons, Alpes-de-Haute-Provence",LFMR,FR,FR-PAC,44.387198,6.608831
Saint-Tropez,LFTZ,FR,FR-PAC,43.205399,6.482
Salamanca,LESA,ES,ES-CL,40.952099,-5.50199
Salerno,LIRI,IT,IT-72,40.620399,14.9113
Salzburg,LOWS,AT,AT-5,47.793301,13.0043
Samos Island,LGSM,GR,GR-K,37.689999,26.911699
San Bartolomé,GCRR,ES,ES-CN,28.945499,-13.6052
San Damiano (PC),LIMS,IT,IT-45,44.91442,9.722318
San Giovanni Rotondo (FG),LIBA,IT,IT-75,41.538443,15.717181
San Javier,LELC,ES,ES-MC,37.775002,-0.812389
Sandvik,ESFS,SE,SE-H,57.064935,16.861854
Sankt Georgen am Ybbsfelde,LOLG,AT,AT-3,48.10332,14.951091
Sankt Johann in Tirol,LOIJ,AT,AT-7,47.5201,12.4497
Sankt Peter-Ording,EDXO,DE,DE-SH,54.308887,8.686944
Sant Lluis,LESL,ES,ES-IB,39.861878,4.251739
Santa Cruz da Graciosa,LPGR,PT,PT-20,39.09220123291016,-28.029800415039062
Santa Cruz das Flores,LPFL,PT,PT-20,39.455299377441406,-31.13139915466309
Santander,LEXJ,ES,ES-CB,43.427101,-3.82001
Santarém,LPSR,PT,PT-14,39.209495,-8.68728
Santiago de Compostela,LEST,ES,ES-GA,42.896301,-8.41514
Santorini Island,LGSR,GR,GR-L,36.400045,25.478638
Sasnava,EYMM,LT,LT-MR,54.66433,23.455279
Satu Mare,LRSM,RO,RO-SM,47.7033,22.8857
"Sault-lès-Rethel, Ardennes",LFAP,FR,FR-GES,49.48097,4.363304
Savonlinna,EFSA,FI,FI-04,61.9431,28.945101
Sazená,LKSZ,CZ,CZ-ST,50.324699,14.2589
Scalea (CS),LICK,IT,IT-78,39.776188,15.811343
Scharnstein,LOLC,AT,AT-4,47.898602,13.9394
Schkeuditz,EDDP,DE,DE-SN,51.420657,12.232705
Schöngleina,EDBJ,DE,DE-TH,50.915345,11.714201
Sciacca (AG),LICS,IT,IT-82,37.528809,13.003122
Sedes,LGSD,GR,GR-B,40.5331,23.025299
Sedlec,LKNA,CZ,CZ-VY,49.166272,16.123981
Segrate (MI),LIML,IT,IT-25,45.445099,9.27674
Seia,LPSE,PT,PT-09,40.453186,-7.692059
Seinäjoki / Ilmajoki,EFSI,FI,FI-03,62.692101,22.8323
Seitenstetten,LOLT,AT,AT-3,48.050556,14.661944
Seville,LEZL,ES,ES-AN,37.417999,-5.89311
Sečovlje,LJPZ,SI,SI-090,45.47201,13.615951
Shannon,EINN,IE,IE-CE,52.702,-8.92482
Shtraklevo,LBRS,BG,BG-18,43.694801,26.0567
Sibiu,LRSB,RO,RO-SB,45.785841,24.086666
Siehdichum,EDAE,DE,DE-BR,52.197199,14.585696
Siemirowice,EPCE,PL,PL-PM,54.416525,17.765734
Sigonella (CT),LICZ,IT,IT-82,37.401699,14.9224
Siljansnäs,ESVS,SE,SE-W,60.785099,14.8272
Sindal,EKSN,DK,DK-81,57.503502,10.2294
Sindelfingen,EDSD,DE,DE-BW,48.6385,8.8175
Sinj,LDSS,HR,HR-17,43.700298,16.6714
Skellefteå,ESNS,SE,SE-AC,64.62480163574219,21.076900482177734
Skiathos,LGSK,GR,GR-E,39.177101,23.5037
Skiros Island,LGSY,GR,GR-H,38.9676017761,24.4871997833
Skive,EKSV,DK,DK-82,56.550201,9.17298
Skjern,EKVJ,DK,DK-82,55.990101,8.35391
Skuteč,LKSK,CZ,CZ-PA,49.827801,16.0058
Skövde,ESGR,SE,SE-Q,58.456402,13.9727
Slaný,LKSN,CZ,CZ-ST,50.21639,14.087845
Slavonski,LDOR,HR,HR-12,45.156101,17.9881
Sliač,LZSL,SK,SK-BC,48.63779830932617,19.13409996032715
Sligo,EISG,IE,IE-SO,54.280200958252,-8.5992097854614
Smålandsstenar,ESMY,SE,SE-F,57.168598,13.4402
Soboli,LDRG,HR,HR-08,45.379501,14.5038
Soběslav,LKSO,CZ,CZ-JC,49.2455,14.712993
Sodankyla,EFSO,FI,FI-10,67.3949966431,26.6191005707
Sofia,LBSF,BG,BG-22,42.696357,23.417671
Solenzara,LFKS,FR,FR-COR,41.9244,9.406
Souda,LGSA,GR,GR-M,35.531207,24.150673
Spa,EBSP,BE,BE-WLG,50.482006,5.913434
Spata-Artemida,LGAV,GR,GR-I,37.936401,23.9445
Speyer,EDRY,DE,DE-RP,49.304722,8.451389
Spišská Nová Ves,LZSV,SK,SK-KI,48.940833,20.533889
Split,LDSP,HR,HR-17,43.538898,16.298
"Sta Cruz de la Palma, La Palma Island",GCLA,ES,ES-CN,28.626499,-17.7556
Stadtlohn,EDLS,DE,DE-NW,51.995834,6.840556
Staffordstown,EIDG,IE,IE-MH,53.422468,-6.546232
Stara Zagora,LBSZ,BG,BG-24,42.376667,25.655
Staňkov,LKSA,CZ,CZ-PL,49.566515,13.04867
Steenokkerzeel,EBMB,BE,BE-VBR,50.913419,4.491005
Stockerau,LOAU,AT,AT-3,48.409121,16.191015
Stockholm,"ESSA, ESSB",SE,SE-AB,59.5014455,17.935264500000002
Stockholm / Västerås,ESOW,SE,SE-U,59.589401,16.6336
Storuman,ESUD,SE,SE-AC,64.960899,17.6966
Strakonice,LKST,CZ,CZ-JC,49.251701,13.8928
Stralsund,EDBV,DE,DE-MV,54.335835,13.043333
Strasbourg,LFST,FR,FR-GES,48.5383,7.62823
Strausberg,EDAY,DE,DE-BR,52.580555,13.916667
Strejnicu,LRPW,RO,RO-PH,44.92367,25.963418
Strömstad,ESGS,SE,SE-Q,59.01676,11.341344
Stuttgart,EDDS,DE,DE-BW,48.689899,9.22196
Suben,LOLS,AT,AT-4,48.403301,13.4483
Suceava,LRSV,RO,RO-SV,47.6875,26.354099
Sundsvall/ Härnösand,ESNN,SE,SE-Y,62.528099060058594,17.443899154663086
Suurküla,EERI,EE,EE-65,57.939999,26.979
Svatobořice,LKKY,CZ,CZ-JM,48.98,17.124701
Sveg,ESND,SE,SE-Z,62.047798,14.4229
Svidník,LZSK,SK,SK-PV,49.3339,21.570299
Sylt,EDXW,DE,DE-SH,54.9132,8.34047
Syros Island,LGSO,GR,GR-L,37.4227981567,24.9508991241
Szczecin,EPSD,PL,PL-ZP,53.390659,14.632774
Szczecin(Glewice),EPSC,PL,PL-ZP,53.584702,14.9022
Szymany,EPSY,PL,PL-WN,53.481899,20.9377
Sármellék,LHSM,HU,HU-ZA,46.686391,17.159084
Sânpetru,LRSP,RO,RO-BV,45.721036,25.633707
Säffle,ESGY,SE,SE-S,59.084479,12.94936
Söderhamn,ESNY,SE,SE-X,61.261501,17.0991
Sønderborg,EKSB,DK,DK-83,54.96440124511719,9.791729927062988
Tachov,LKTD,CZ,CZ-PL,49.797223,12.707169
"Tallard, Hautes-Alpes",LFNA,FR,FR-PAC,44.455002,6.03778
Tallinn,EETN,EE,EE-37,59.413246,24.83264
Tampere / Pirkkala,EFTP,FI,FI-11,61.414101,23.604401
Tanagra,LGTG,GR,GR-H,38.339802,23.565001
Tarbes/Lourdes/Pyrénées,LFBT,FR,FR-OCC,43.178699,-0.006439
Tartu,"EELM, EETU",EE,EE-7B,58.299048,26.727110500000002
Tenerife,"GCTS, GCXO",ES,ES-CN,28.263626000000002,-16.457103500000002
Terni,LIAA,IT,IT-55,42.573333,12.584444
Teruel,LETL,ES,ES-AR,40.410269,-1.217366
Thessaloniki,LGTS,GR,GR-B,40.51928,22.970009
Thiene (VI),LIDH,IT,IT-34,45.67783,11.496306
Thisted,EKTS,DK,DK-81,57.068802,8.70522
Tidaholm,ESGD,SE,SE-Q,58.192146,13.998156
Tienen,EBTN,BE,BE-VBR,50.7817,4.95778
Timişoara,LRTR,RO,RO-TM,45.809898,21.3379
Timmersdorf,LOGT,AT,AT-6,47.379648,14.964044
Tirkšliai / Mažeikiai,EYMA,LT,LT-TE,56.230598,22.259399
"Tomblaine, Meurthe-et-Moselle",LFSN,FR,FR-GES,48.692101,6.23046
Torino (TO),LIMA,IT,IT-21,45.084444,7.603056
Tornesch,EDHO,DE,DE-SH,53.70031,9.742119
Torres Vedras,LPSC,PT,PT-11,39.12392,-9.380091
Torsby,ESST,SE,SE-S,60.1576,12.9913
Toruń,EPTO,PL,PL-KP,53.029202,18.5459
Toulon-sur-Allier,LFHY,FR,FR-ARA,46.534599,3.42372
Toulouse/Blagnac,LFBO,FR,FR-OCC,43.629101,1.36382
"Tours, Indre-et-Loire",LFOT,FR,FR-CVL,47.432201,0.727606
"Toussus-le-Noble, Yvelines",LFPN,FR,FR-IDF,48.7519,2.10619
Toužim,LKTO,CZ,CZ-KA,50.086399,12.9528
Trapani (TP),LICT,IT,IT-82,37.9114,12.488
Trebbin,EDAZ,DE,DE-BR,52.204631,13.159526
Trento (TN),LIDT,IT,IT-32,46.023333,11.125
Trenčín,LZTN,SK,SK-TC,48.865171,18.000147
Treviso (TV),LIPH,IT,IT-34,45.648399,12.1944
Trier,ETAD,DE,DE-RP,49.976507,6.698413
Trollenhagen,EDBN,DE,DE-MV,53.6022,13.306
Trollhättan,ESGT,SE,SE-Q,58.31809997558594,12.345000267028809
"Trélivan, Côtes-d'Armor",LFEB,FR,FR-BRE,48.443351,-2.103142
"Trémuson, Côtes-d'Armor",LFRT,FR,FR-BRE,48.538628,-2.853518
Tsalapitsa,LBTS,BG,BG-16,42.188747,24.535716
Tulln an der Donau,LOXT,AT,AT-3,48.319247,16.114016
Turku,EFTU,FI,FI-19,60.514099,22.2628
Tussenhausen,EDMN,DE,DE-BY,48.106945,10.525
Tuzla,LRTZ,RO,RO-CT,43.984493,28.606225
Tymbou (Kirklar),LCEN,CY,CY-02,35.153064,33.507352
Tábor,LKTA,CZ,CZ-JC,49.391102,14.7083
Târgu Mureș,LRMS,RO,RO-MS,46.533241,24.529298
Tăuții-Măgherăuș,LRBM,RO,RO-MM,47.658444,23.464445
Uddevalla,"ESGA, ESGU",SE,SE-Q,58.271846499999995,11.873689500000001
Uden,EHVK,NL,NL-NB,51.657222,5.707778
Uherské Hradiště,LKKU,CZ,CZ-ZL,49.0294,17.439699
Umeå,ESNU,SE,SE-AC,63.791801,20.282801
Unije Island,LDPN,HR,HR-08,44.6283,14.2411
Uppsala,ESCM,SE,SE-C,59.897301,17.5886
Ushant,LFEC,FR,FR-BRE,48.4632,-5.06358
Usti Nad Labem,LKUL,CZ,CZ-US,50.699699,13.9697
Utti / Valkeala,EFUT,FI,FI-09,60.8964,26.9384
Vaasa,EFVA,FI,FI-12,63.05023,21.762543
Valbrembo (BG),LILV,IT,IT-25,45.719864,9.593954
Valencia,LEVC,ES,ES-VC,39.489162,-0.480961
Valladolid,LEVD,ES,ES-CL,41.7061,-4.85194
Valletta,LMML,MT,MT-25,35.845932,14.491546
Vangadizza (VR),LIDL,IT,IT-34,45.130116,11.293218
Vannes/Meucon,LFRV,FR,FR-BRE,47.723301,-2.71856
Varaždin,LDVA,HR,HR-05,46.294668,16.383222
Varberg,ESGV,SE,SE-N,57.125052,12.229157
Varkaus / Joroinen,EFVR,FI,FI-04,62.171101,27.868601
Varna,LBWN,BG,BG-03,43.232101,27.8251
Varstu,EEVU,EE,EE-86,57.63288,26.671085
Velas,LPSJ,PT,PT-20,38.665501,-28.1758
Velika Gorica,LDZA,HR,HR-01,45.742901,16.0688
Velke Porici,LKVP,CZ,CZ-KR,50.4678,16.205601
Venegono Superiore (VA),LILN,IT,IT-25,45.742199,8.888233
Venezia (VE),LIPZ,IT,IT-34,45.505299,12.3519
Ventspils,EVVA,LV,LV-VEN,57.3578,21.544201
Vercelli (VC),LILI,IT,IT-21,45.311111,8.4175
Verviers,EBTX,BE,BE-WLG,50.551099,5.853996
Vienna,LOWW,AT,AT-9,48.110298,16.5697
Vigo,LEVX,ES,ES-GA,42.2318,-8.62677
Vila Baleira,LPPS,PT,PT-30,33.0733985901,-16.3500003815
Vila Franca de Xira,LPAR,PT,PT-11,38.883301,-9.0301
Vila Real,LPVR,PT,PT-17,41.2743,-7.72047
Vila do Porto,LPAZ,PT,PT-20,36.97140121459961,-25.17060089111328
Vilhelmina,ESNV,SE,SE-AC,64.579102,16.833599
Viljandi,EEVI,EE,EE-84,58.348374,25.494831
Villanova d'Albenga (SV),LIMG,IT,IT-42,44.050598,8.12743
Vilnius,EYVI,LT,LT-VL,54.634102,25.285801
Vinkovci,LDOV,HR,HR-16,45.251099,18.759199
Visby,ESSV,SE,SE-I,57.6628,18.346201
Viseu,LPVZ,PT,PT-18,40.725498,-7.88899
Vlašim,LKVL,CZ,CZ-ST,49.728901,14.8789
Vodochody,LKVO,CZ,CZ-ST,50.216599,14.3958
Vojens,EKSP,DK,DK-83,55.221048,9.26702
Vormsi Island,EEVO,EE,EE-57,58.985169,23.252056
Vratsa,LBVR,BG,BG-06,43.2559,23.5327
Vrsar,LDPV,HR,HR-18,45.141701,13.6306
Vukovar,LDOB,HR,HR-16,45.386398,18.962799
Vyskov,LKVY,CZ,CZ-JM,49.300301,17.025299
Vysoké Mýto,LKVM,CZ,CZ-PA,49.928102,16.185029
Västervik,ESSW,SE,SE-H,57.779999,16.5236
Växjö,ESMX,SE,SE-G,56.929100036621094,14.727999687194824
Vårgårda,ESGO,SE,SE-Q,58.039306,12.785781
Wangerooge,EDWG,DE,DE-NI,53.782544,7.919584
Warsaw,"EPBC, EPWA",PL,PL-MZ,52.217449,20.9371515
Waterford,EIWF,IE,IE-WD,52.187199,-7.08696
Weert,EHBD,NL,NL-NB,51.255299,5.60139
Weeze,EDLV,DE,DE-NW,51.601362,6.141228
Wehrheim,EDFA,DE,DE-HE,50.288334,8.533889
Weinheim,EDGZ,DE,DE-BW,49.566763,8.61145
Weiz,LOGW,AT,AT-6,47.170293,15.664468
Wels,LOLW,AT,AT-4,48.182513,14.039283
Werneuchen,EDBW,DE,DE-BR,52.631668,13.766944
Wevelgem,EBKT,BE,BE-VWV,50.818878,3.209551
Weßling,EDMO,DE,DE-BY,48.081402,11.2831
Wiener Neustadt,"LOAN, LOXN",AT,AT-3,47.8401165,16.2409685
Wiesbaden,ETOU,DE,DE-HE,50.049800872802734,8.325400352478027
Wilhelmshaven,EDWI,DE,DE-NI,53.50222,8.052222
Wittmund,ETNT,DE,DE-NI,53.547798,7.66733
Wola Korzeniecka,EPAR,PL,PL-PK,49.657501,22.514298
Wolfsberg,LOKW,AT,AT-2,46.818202,14.825154
Wrocław,EPWR,PL,PL-DS,51.103719,16.882096
Wurster Nordseeküste,ETMN,DE,DE-NI,53.767689,8.659201
Wutöschingen,EDTA,DE,DE-BW,47.6509,8.3867
Wyk auf Föhr,EDXY,DE,DE-SH,54.684444,8.528333
Ylivieska,EFYL,FI,FI-14,64.054722,24.725278
Zadar,LDZD,HR,HR-13,44.096986,15.353565
Zagreb,LDZL,HR,HR-21,45.766725,15.849709
Zakynthos,LGZA,GR,GR-F,37.7509,20.8843
Zalaegerszeg,LHZA,HU,HU-ZA,46.884701,16.7889
Zalakaros,LHZK,HU,HU-ZA,46.5539,17.15118
Zaleszany,EPST,PL,PL-PK,50.62638,21.998963
Zaragoza,LEZG,ES,ES-AR,41.666199,-1.04155
Zaventem,EBBR,BE,BE-VBR,50.901402,4.48444
Zbraslavice,LKZB,CZ,CZ-ST,49.814201,15.2017
Zell am See,LOWZ,AT,AT-5,47.291468,12.790632
Zeltweg,LOXZ,AT,AT-6,47.202801,14.7442
Zeven,EDXS,DE,DE-NI,53.335556,9.259444
Zgornji Brnik,LJLJ,SI,SI-012,46.223701,14.4576
Zirchow,EDAH,DE,DE-MV,53.8787,14.1523
Znojmo,LKZN,CZ,CZ-JM,48.817744,16.065831
Zoersel,EBZR,BE,BE-VAN,51.269092,4.762428
Zvekovac,LDZE,HR,HR-01,45.823056,16.5
Zvolen,LZDN,SK,SK-BC,48.488716,19.101749
Zweibrücken,EDRZ,DE,DE-RP,49.2094,7.40056
Zwickau,EDBI,DE,DE-SN,50.701668,12.453889
Älmhult,ESMU,SE,SE-G,56.572514,14.16885
Ängelholm,ESTA,SE,SE-M,56.29610061645508,12.847100257873535
Ålleberg,ESGC,SE,SE-Q,58.134499,13.602097
Épinal,LFSG,FR,FR-GES,48.325001,6.06998
Île d'Yeu,LFEY,FR,FR-PDL,46.717641,-2.392544
Ölanda,ESMZ,SE,SE-H,57.328236,17.050524
Örebro,ESOE,SE,SE-T,59.22370147705078,15.038000106811523
Öresten,ESGM,SE,SE-Q,57.445301,12.649
Örnsköldsvik,ESNO,SE,SE-Y,63.40829849243164,18.989999771118164
Östersund,ESNZ,SE,SE-Z,63.193546,14.504168
Ústí nad Orlicí,LKUO,CZ,CZ-PA,49.9786,16.426399
Ādaži,EVAD,LV,LV-011,57.098591,24.266718
Čakovec,LDVC,HR,HR-20,46.391899,16.500299
Česká Lípa,LKCE,CZ,CZ-LI,50.7094,14.5667
České Budějovice,LKCS,CZ,CZ-JC,48.948171,14.42832
Łódź,EPLL,PL,PL-LD,51.721901,19.3981
Šiauliai,EYSA,LT,LT-SA,55.89390182495117,23.395000457763672
Šurany,LZSY,SK,SK-NJ,48.075971,18.114002
Žamberk,LKZM,CZ,CZ-PA,50.0839,16.443899
Žatec,LKZD,CZ,CZ-US,50.317501,13.5128
Șiria,LRCB,RO,RO-AR,46.26902,21.605301
