nut3_code,pps,pps_per_inhabitant
AT,436203.37,47500.0
AT1,188494.63,46600.0
AT11,10384.18,34400.0
AT12,67871.36,39300.0
AT13,110239.09,54600.0
AT2,81392.73,44200.0
AT21,24957.83,43800.0
AT22,56434.9,44400.0
AT3,166169.48,50500.0
AT31,72868.24,47500.0
AT32,33250.22,58100.0
AT33,39556.06,50900.0
AT34,20493.98,49900.0
ATZ,145.55,
ATZZ,145.55,
BE,552398.59,46600.0
BE1,96318.34,76000.0
BE10,96318.34,76000.0
BE100,96318.34,76000.0
BE2,327282.31,47700.0
BE21,104879.96,54100.0
BE211,60211.63,54900.0
BE212,18707.56,51800.0
BE213,25960.78,53800.0
BE22,34047.37,37500.0
BE223,5711.43,27100.0
BE224,19722.76,45400.0
BE225,8613.19,33000.0
BE23,69707.48,44100.0
BE231,9217.11,30100.0
BE232,6861.72,33000.0
BE233,2903.14,32400.0
BE234,34526.74,59400.0
BE235,4459.59,34700.0
BE236,11739.18,44000.0
BE24,61148.61,50900.0
BE241,37702.13,56100.0
BE242,23446.48,44300.0
BE25,57498.88,46700.0
BE251,13890.71,48300.0
BE252,1753.83,33300.0
BE253,4826.1,44400.0
BE254,15163.79,49900.0
BE255,6380.09,39700.0
BE256,7815.23,48700.0
BE257,5006.45,52200.0
BE258,2662.67,43200.0
BE3,128623.39,34600.0
BE31,25731.53,61900.0
BE310,25731.53,61900.0
BE32,39349.2,28800.0
BE323,7947.57,30400.0
BE328,8227.89,36100.0
BE329,3057.12,21400.0
BE32A,3404.25,26000.0
BE32B,11677.88,29000.0
BE32C,3000.55,27600.0
BE32D,2033.95,21900.0
BE33,38664.49,34200.0
BE331,4009.35,34500.0
BE332,23542.61,37000.0
BE334,1975.31,23500.0
BE335,6551.98,30700.0
BE336,2585.24,32300.0
BE34,8655.89,28900.0
BE341,1849.96,27800.0
BE342,1377.78,26400.0
BE343,2080.78,35400.0
BE344,2176.12,32700.0
BE345,1171.25,21200.0
BE35,16222.29,31900.0
BE351,2918.98,25400.0
BE352,11784.24,36100.0
BE353,1519.07,22300.0
BEZ,174.55,
BEZZ,174.55,
BEZZZ,174.55,
BG,169565.21,26300.0
BG3,60882.16,19500.0
BG31,10997.07,16700.0
BG311,953.35,13400.0
BG312,1437.74,12700.0
BG313,3508.56,23900.0
BG314,3441.06,15900.0
BG315,1656.36,14900.0
BG32,11694.7,17300.0
BG321,3666.7,18200.0
BG322,1933.09,20500.0
BG323,3511.31,18800.0
BG324,1471.09,14700.0
BG325,1112.51,11800.0
BG33,16709.47,20200.0
BG331,10708.76,24600.0
BG332,2158.4,14800.0
BG333,2239.47,15000.0
BG334,1602.85,16800.0
BG34,21480.91,22600.0
BG341,7469.29,19300.0
BG342,1839.8,10800.0
BG343,1696.02,16000.0
BG344,10475.81,36200.0
BG4,108683.05,32700.0
BG41,86051.43,42600.0
BG411,74017.48,57300.0
BG412,4690.82,20800.0
BG413,4273.46,14900.0
BG414,1624.63,14700.0
BG415,1445.04,13500.0
BG42,22631.62,17300.0
BG421,13497.03,21300.0
BG422,2465.39,11900.0
BG423,3289.86,14700.0
BG424,1408.66,15400.0
BG425,1970.68,13300.0
CY,38456.71,39500.0
CY0,38456.71,39500.0
CY00,38456.71,39500.0
CY000,38456.71,39500.0
CZ,394147.96,36200.0
CZ0,394147.96,36200.0
CZ01,106400.06,76600.0
CZ010,106400.06,76600.0
CZ02,48802.57,33400.0
CZ020,48802.57,33400.0
CZ03,38137.29,30100.0
CZ031,19076.76,29200.0
CZ032,19060.52,31100.0
CZ04,26919.5,24400.0
CZ041,6612.23,22500.0
CZ042,20307.27,25100.0
CZ05,45941.71,29900.0
CZ051,12381.26,27500.0
CZ052,17406.81,31300.0
CZ053,16153.64,30500.0
CZ06,58469.68,33500.0
CZ063,15635.85,30200.0
CZ064,42833.83,34900.0
CZ07,35813.02,29600.0
CZ071,18525.92,29300.0
CZ072,17287.1,29800.0
CZ08,33664.13,28400.0
CZ080,33664.13,28400.0
DE,3874110.67,46400.0
DE1,586598.96,52200.0
DE11,255408.23,61300.0
DE12,141185.27,49600.0
DE13,97354.38,41900.0
DE14,92651.08,48700.0
DE2,713549.85,54000.0
DE21,321404.66,67700.0
DE22,56498.75,45000.0
DE23,54742.25,48900.0
DE24,46005.1,43600.0
DE25,90458.3,50400.0
DE26,60758.55,46100.0
DE27,83682.16,43400.0
DE3,186012.31,50600.0
DE30,186012.31,50600.0
DE4,87550.33,34300.0
DE40,87550.33,34300.0
DE5,37071.24,52700.0
DE50,37071.24,52700.0
DE6,145498.12,78300.0
DE60,145498.12,78300.0
DE7,331885.46,52900.0
DE71,238706.71,59200.0
DE72,41449.99,39800.0
DE73,51728.86,43100.0
DE8,55121.33,35000.0
DE80,55121.33,35000.0
DE9,343173.24,42900.0
DE91,81963.89,51500.0
DE92,94931.01,44700.0
DE93,58096.78,33700.0
DE94,108181.47,42100.0
DEA,783446.46,43500.0
DEA1,242818.32,46300.0
DEA2,211852.69,47300.0
DEA3,100974.47,38000.0
DEA4,87749.9,42300.0
DEA5,140051.08,39200.0
DEB,165455.47,40100.0
DEB1,58223.04,38100.0
DEB2,18482.81,35100.0
DEB3,88749.62,42800.0
DEC,38264.11,37800.0
DEC0,38264.11,37800.0
DED,145169.72,35900.0
DED2,58113.77,36600.0
DED4,45440.67,32700.0
DED5,41615.28,38900.0
DEE,71215.94,33300.0
DEE0,71215.94,33300.0
DEF,114114.19,38600.0
DEF0,114114.19,38600.0
DEG,69983.95,33200.0
DEG0,69983.95,33200.0
DK,303427.29,50800.0
DK0,301401.15,50400.0
DK01,134652.46,70100.0
DK011,58996.85,71300.0
DK012,53063.08,91900.0
DK013,21290.04,44600.0
DK014,1302.48,33200.0
DK02,30699.49,36000.0
DK021,8774.86,33600.0
DK022,21924.63,37000.0
DK03,53216.92,42900.0
DK031,18277.3,36100.0
DK032,34939.62,47700.0
DK04,59207.65,43200.0
DK041,19123.87,44500.0
DK042,40083.78,42700.0
DK05,23624.64,39800.0
DK050,23624.64,39800.0
DKZ,2026.14,
DKZZ,2026.14,
DKZZZ,2026.14,
EE,43378.73,31600.0
EE0,43378.73,31600.0
EE00,43378.73,31600.0
EE001,27394.28,42300.0
EE004,3024.37,20300.0
EE008,8011.69,24800.0
EE009,2394.34,19400.0
EE00A,2554.04,19400.0
EL,288273.84,27400.0
EL3,140638.87,38200.0
EL30,140638.87,38200.0
EL4,28316.59,23700.0
EL41,3800.57,16800.0
EL42,9567.04,27900.0
EL43,14948.98,23800.0
EL5,61289.93,20400.0
EL51,10457.15,17800.0
EL52,40065.0,21900.0
EL53,4959.41,19200.0
EL54,5808.37,17800.0
EL6,58028.45,21900.0
EL61,14709.11,21000.0
EL62,5054.2,25300.0
EL63,12448.26,19500.0
EL64,13051.86,23900.0
EL65,12765.03,22700.0
ES,1779016.86,36400.0
ES1,144559.39,33500.0
ES11,91319.99,33700.0
ES12,33488.92,33100.0
ES13,19750.48,33400.0
ES2,199711.67,43500.0
ES21,102225.1,45800.0
ES22,29702.87,43600.0
ES23,12399.1,38100.0
ES24,55384.6,40900.0
ES3,352821.18,49900.0
ES30,352821.18,49900.0
ES4,174222.76,31300.0
ES41,82563.89,34500.0
ES42,61995.95,29300.0
ES43,29662.93,28100.0
ES5,552653.47,37700.0
ES51,337322.72,41800.0
ES52,165460.63,30800.0
ES53,49870.12,40300.0
ES6,288551.48,27700.0
ES61,236958.73,27400.0
ES62,47409.8,30100.0
ES63,2145.98,25700.0
ES64,2036.97,23600.0
ES7,64880.06,28900.0
ES70,64880.06,28900.0
ESZ,1616.85,
ESZZ,1616.85,
EU27_2020,18016189.9,39900.0
FI,229603.84,40800.0
FI1,228121.64,40800.0
FI19,51727.86,37000.0
FI196,8122.23,38400.0
FI198,9095.29,33200.0
FI199,6412.88,33700.0
FI19A,7547.35,42400.0
FI19B,20550.11,37900.0
FI1B,90259.65,51000.0
FI1B1,90259.65,51000.0
FI1C,41092.5,35700.0
FI1C1,18984.72,38500.0
FI1C2,5827.89,34400.0
FI1C5,4184.0,33400.0
FI1C6,6387.86,31200.0
FI1C7,5708.03,36100.0
FI1D,45041.63,35400.0
FI1D5,2473.87,36500.0
FI1D7,6865.0,39000.0
FI1D8,2281.56,32600.0
FI1D9,15224.36,36400.0
FI1DA,4157.57,32100.0
FI1DB,8791.99,35400.0
FI1DC,5247.28,32300.0
FI2,1358.5,44400.0
FI20,1358.5,44400.0
FI200,1358.5,44400.0
FIZ,123.7,
FIZZ,123.7,
FIZZZ,123.7,
FR,2688376.88,39200.0
FR1,797013.31,64000.0
FR10,797013.31,64000.0
FR101,257740.86,123100.0
FR102,50090.97,34100.0
FR103,63768.28,43200.0
FR104,58187.4,43600.0
FR105,182493.46,110200.0
FR106,75641.37,44300.0
FR107,64687.05,45000.0
FR108,44403.93,34700.0
FRB,84214.54,32600.0
FRB0,84214.54,32600.0
FRB01,8901.41,30000.0
FRB02,12567.4,29100.0
FRB03,5755.07,26800.0
FRB04,22097.28,35700.0
FRB05,10150.63,31000.0
FRB06,24742.75,35800.0
FRC,88180.4,31500.0
FRC1,53422.09,33000.0
FRC11,21345.06,39600.0
FRC12,5444.06,27300.0
FRC13,16996.56,31000.0
FRC14,9636.41,29200.0
FRC2,34758.31,29400.0
FRC21,17172.23,31000.0
FRC22,7805.03,30200.0
FRC23,5609.97,24100.0
FRC24,4171.09,30300.0
FRD,108379.18,32500.0
FRD1,47092.86,31900.0
FRD11,23917.34,33800.0
FRD12,15783.71,31900.0
FRD13,7391.82,27100.0
FRD2,61286.32,33000.0
FRD21,16749.81,27900.0
FRD22,44536.52,35400.0
FRE,181684.34,30300.0
FRE1,125697.81,30800.0
FRE11,86340.0,32900.0
FRE12,39357.81,27000.0
FRE2,55986.54,29200.0
FRE21,13844.51,26500.0
FRE22,24200.0,29100.0
FRE23,17942.03,31800.0
FRF,182145.44,32600.0
FRF1,69333.41,35700.0
FRF11,44666.98,38100.0
FRF12,24666.43,32000.0
FRF2,45732.42,34800.0
FRF21,7827.04,29400.0
FRF22,9832.15,31400.0
FRF23,23177.92,41100.0
FRF24,4895.32,29000.0
FRF3,67079.6,28800.0
FRF31,22790.02,31100.0
FRF32,4400.99,24600.0
FRF33,29641.75,28000.0
FRF34,10246.84,28800.0
FRG,136072.07,34600.0
FRG0,136072.07,34600.0
FRG01,58965.58,39100.0
FRG02,26404.26,31600.0
FRG03,10634.09,34800.0
FRG04,16464.02,29000.0
FRG05,23604.11,32800.0
FRH,116515.12,33700.0
FRH0,116515.12,33700.0
FRH01,17901.24,29200.0
FRH02,29810.89,31900.0
FRH03,43745.99,38700.0
FRH04,25056.99,31900.0
FRI,205716.4,33300.0
FRI1,124972.19,34700.0
FRI11,10892.9,26300.0
FRI12,67259.33,39300.0
FRI13,12421.74,28500.0
FRI14,9865.02,29800.0
FRI15,24533.2,34600.0
FRI2,21413.66,29500.0
FRI21,7306.47,30500.0
FRI22,2720.14,23800.0
FRI23,11387.05,30700.0
FRI3,59330.55,32200.0
FRI31,11904.39,33900.0
FRI32,20255.68,30000.0
FRI33,11997.66,32000.0
FRI34,15172.82,34300.0
FRJ,204168.97,33100.0
FRJ1,90315.9,30400.0
FRJ11,9529.7,25100.0
FRJ12,22042.13,28700.0
FRJ13,42553.68,34100.0
FRJ14,2185.76,28400.0
FRJ15,14004.62,28100.0
FRJ2,113853.07,35600.0
FRJ21,3951.87,25300.0
FRJ22,8002.25,28600.0
FRJ23,67518.32,45300.0
FRJ24,4695.8,24200.0
FRJ25,5552.79,31500.0
FRJ26,6663.81,28600.0
FRJ27,10486.32,26200.0
FRJ28,6981.92,26000.0
FRK,318938.05,38600.0
FRK1,43502.28,31700.0
FRK11,9521.88,28500.0
FRK12,3880.33,27000.0
FRK13,6156.5,27100.0
FRK14,23943.58,35900.0
FRK2,275435.77,40000.0
FRK21,19820.65,29100.0
FRK22,8909.6,26400.0
FRK23,19650.68,37400.0
FRK24,49735.57,37900.0
FRK25,23828.21,30700.0
FRK26,102547.88,53100.0
FRK27,19711.82,43500.0
FRK28,31231.36,35900.0
FRL,200660.61,38500.0
FRL0,200660.61,38500.0
FRL01,4983.06,29600.0
FRL02,4665.05,32900.0
FRL03,47736.35,42500.0
FRL04,88549.7,42500.0
FRL05,35143.17,31300.0
FRL06,19583.29,34300.0
FRM,12298.73,34500.0
FRM0,12298.73,34500.0
FRM01,6471.75,38500.0
FRM02,5826.98,30900.0
FRY,51417.15,23000.0
FRY1,10936.45,26800.0
FRY10,10936.45,26800.0
FRY2,9649.12,27500.0
FRY20,9649.12,27500.0
FRY3,4827.83,16300.0
FRY30,4827.83,16300.0
FRY4,22517.95,25400.0
FRY40,22517.95,25400.0
FRY5,3485.8,12000.0
FRY50,3485.8,12000.0
FRZ,972.54,
FRZZ,972.54,
FRZZZ,972.54,
HR,120159.11,31100.0
HR0,120159.11,31100.0
HR02,20715.29,21100.0
HR021,2052.57,20900.0
HR022,1134.04,16900.0
HR023,1019.28,16800.0
HR024,2483.75,19700.0
HR025,5795.4,23200.0
HR026,2588.84,18900.0
HR027,2494.59,22800.0
HR028,3146.81,23500.0
HR03,38575.51,29200.0
HR031,9354.4,35200.0
HR032,1134.3,26300.0
HR033,4188.65,25300.0
HR034,2303.08,24000.0
HR035,10915.05,25400.0
HR036,7108.61,34800.0
HR037,3571.41,30700.0
HR05,40726.78,52500.0
HR050,40726.78,52500.0
HR06,20141.53,25500.0
HR061,2637.55,25200.0
HR062,4176.83,26300.0
HR063,2528.38,25500.0
HR064,2370.05,19900.0
HR065,8428.71,27200.0
HU,290957.25,30400.0
HU1,147414.21,48800.0
HU11,113254.48,67200.0
HU110,113254.48,67200.0
HU12,34159.73,25600.0
HU120,34159.73,25600.0
HU2,70489.12,24500.0
HU21,27643.31,26200.0
HU211,11183.51,26700.0
HU212,8733.55,29100.0
HU213,7726.25,23100.0
HU22,25865.57,26400.0
HU221,14534.85,30800.0
HU222,5989.32,24300.0
HU223,5341.39,20600.0
HU23,16980.24,20000.0
HU231,7187.48,20400.0
HU232,5324.5,18300.0
HU233,4468.26,21700.0
HU3,73053.92,20000.0
HU31,20351.47,18900.0
HU311,11724.48,19100.0
HU312,6128.35,21600.0
HU313,2498.64,13900.0
HU32,27798.27,19900.0
HU321,11787.57,22700.0
HU322,6807.28,19400.0
HU323,9203.41,17600.0
HU33,24904.18,21000.0
HU331,10943.98,22300.0
HU332,5379.18,17400.0
HU333,8581.02,22100.0
HUZ,0.0,
HUZZ,0.0,
HUZZZ,0.0,
IE,476447.61,88500.0
IE0,476447.61,88500.0
IE04,38038.91,40000.0
IE041,12140.4,27600.0
IE042,25898.51,50700.0
IE05,154349.77,86500.0
IE051,29445.7,55200.0
IE052,18277.51,38300.0
IE053,106626.56,138000.0
IE06,284058.92,107200.0
IE061,236871.4,154300.0
IE062,35947.79,45800.0
IE063,11239.73,34000.0
IT,2300845.08,39000.0
ITC,767471.11,48200.0
ITC1,171719.88,40400.0
ITC2,6121.47,49900.0
ITC3,61672.2,40900.0
ITC4,527957.44,52700.0
ITF,351308.79,26200.0
ITF1,42636.36,33600.0
ITF2,8354.25,29000.0
ITF3,143839.19,25700.0
ITF4,98857.11,25500.0
ITF5,15777.61,29700.0
ITF6,41844.39,22800.0
ITG,162653.13,25600.0
ITG1,117185.24,24500.0
ITG2,45467.89,29000.0
ITH,528635.42,45600.0
ITH1,34601.85,64200.0
ITH2,27254.8,49900.0
ITH3,210506.99,43400.0
ITH4,48746.48,40800.0
ITH5,207525.31,46600.0
ITI,489781.14,41800.0
ITI1,150170.03,41000.0
ITI2,28947.11,34000.0
ITI3,52834.13,35700.0
ITI4,257829.75,45100.0
ITZ,995.61,
ITZZ,995.61,
ITZZZ,995.61,
LT,100904.34,34900.0
LT0,100904.34,34900.0
LT01,46205.82,53000.0
LT011,46205.82,53000.0
LT02,54698.52,27100.0
LT021,2563.92,19200.0
LT022,20253.33,34500.0
LT023,10361.07,30300.0
LT024,2674.98,20000.0
LT025,4913.05,23600.0
LT026,6570.6,24600.0
LT027,1844.03,20400.0
LT028,3129.34,24000.0
LT029,2388.2,19200.0
LU,66276.72,97700.0
LU0,66276.72,97700.0
LU00,66276.72,97700.0
LU000,66276.72,97700.0
LV,50982.56,27300.0
LV0,50904.9,27300.0
LV00,50904.9,27300.0
LVZ,77.66,
LVZZ,77.66,
LVZZZ,77.66,
ME,13321.57,21400.0
ME0,13321.57,21400.0
ME00,13321.57,21400.0
ME000,13321.57,21400.0
MK,30890.31,16900.0
MK0,30890.31,16900.0
MK00,30890.31,16900.0
MK001,1887.75,13800.0
MK002,2224.83,15100.0
MK003,2546.18,14500.0
MK004,2828.15,19300.0
MK005,3427.3,16600.0
MK006,2310.26,9200.0
MK007,1383.83,9100.0
MK008,14282.0,23500.0
MT,24985.34,43900.0
MT0,24952.92,43800.0
MT00,24952.92,43800.0
MT001,23880.28,45200.0
MT002,1072.69,26200.0
MTZ,32.37,
MTZZ,32.37,
MTZZZ,32.37,
NL,962550.49,53500.0
NL1,73384.42,41500.0
NL11,28166.42,46800.0
NL112,2128.94,47300.0
NL114,4164.24,30200.0
NL115,21873.24,52200.0
NL12,25854.01,39100.0
NL126,8352.36,43700.0
NL127,12345.56,37500.0
NL128,5156.09,36300.0
NL13,19363.99,38300.0
NL131,7536.33,38300.0
NL132,5989.32,35000.0
NL133,5838.34,42600.0
NL2,172567.43,45400.0
NL21,55285.56,46400.0
NL211,19265.57,49500.0
NL212,6907.59,42900.0
NL213,29112.4,45300.0
NL22,98519.87,45700.0
NL221,35059.67,48400.0
NL224,11644.2,45500.0
NL225,15713.83,38600.0
NL226,36102.16,47100.0
NL23,18762.0,41300.0
NL230,18762.0,41300.0
NL3,515773.06,59700.0
NL32,208661.95,69900.0
NL321,14302.5,36900.0
NL323,7465.62,37000.0
NL325,6374.4,35600.0
NL327,13592.54,50900.0
NL328,10022.65,39000.0
NL32A,9020.29,38100.0
NL32B,147883.95,101600.0
NL34,17687.98,45100.0
NL341,5043.33,47600.0
NL342,12644.64,44200.0
NL35,91122.09,64900.0
NL350,91122.09,64900.0
NL36,198301.04,51500.0
NL361,47726.29,51900.0
NL362,14496.48,58900.0
NL363,19655.43,44000.0
NL364,19409.86,50800.0
NL365,13446.34,38400.0
NL366,83566.64,55400.0
NL4,197137.2,52000.0
NL41,147171.12,55400.0
NL411,33377.92,51100.0
NL414,54122.67,66600.0
NL415,22792.47,44700.0
NL416,36878.06,54300.0
NL42,49966.08,44100.0
NL421,14213.64,48800.0
NL422,10691.52,44000.0
NL423,25060.91,41800.0
NLZ,3688.38,
NLZZ,3688.38,
NLZZZ,3688.38,
PL,1175485.36,31300.0
PL2,230535.88,29900.0
PL21,95611.78,28100.0
PL22,134924.46,31400.0
PL4,181842.73,29700.0
PL41,115772.8,32900.0
PL42,41604.16,25700.0
PL43,24465.78,25000.0
PL5,120199.12,31400.0
PL51,97254.24,33300.0
PL52,22944.87,25300.0
PL6,149213.14,26500.0
PL61,49484.35,25300.0
PL62,29084.56,22200.0
PL63,70644.22,29900.0
PL7,97730.34,27800.0
PL71,70518.33,29600.0
PL72,27212.01,24000.0
PL8,115229.05,22900.0
PL81,43446.68,22100.0
PL82,45278.71,22900.0
PL84,26503.3,24300.0
PL9,280735.1,49300.0
PL91,216890.08,62800.0
PL92,63845.02,28500.0
PT,351817.96,32900.0
PT1,335475.75,32900.0
PT11,104233.83,28300.0
PT111,6037.73,25800.0
PT112,12077.8,28000.0
PT119,11372.91,26900.0
PT11A,57090.94,31500.0
PT11B,1858.8,22200.0
PT11C,8677.23,21200.0
PT11D,4596.45,25000.0
PT11E,2521.97,23500.0
PT15,17397.33,35600.0
PT150,17397.33,35600.0
PT19,48202.16,28200.0
PT191,12109.73,31200.0
PT192,12869.74,28600.0
PT193,9305.68,31100.0
PT194,6519.49,25200.0
PT195,2585.28,25800.0
PT196,4812.23,22900.0
PT1A,110234.48,51500.0
PT1A0,110234.48,51500.0
PT1B,18622.63,22100.0
PT1B0,18622.63,22100.0
PT1C,14629.78,30800.0
PT1C1,3801.83,37300.0
PT1C2,3834.8,33100.0
PT1C3,2672.4,25700.0
PT1C4,4320.74,28200.0
PT1D,22155.54,25800.0
PT1D1,9784.57,25000.0
PT1D2,5594.04,25700.0
PT1D3,6776.93,27200.0
PT2,6993.45,29000.0
PT20,6993.45,29000.0
PT200,6993.45,29000.0
PT3,9099.71,35300.0
PT30,9099.71,35300.0
PT300,9099.71,35300.0
PTZ,249.05,
PTZZ,249.05,
PTZZZ,249.05,
RO,586451.12,30800.0
RO1,137042.57,28400.0
RO11,71926.76,28300.0
RO111,13617.34,24500.0
RO112,5789.32,19500.0
RO113,31165.39,44800.0
RO114,9639.76,21400.0
RO115,6842.54,20700.0
RO116,4872.41,23100.0
RO12,65115.81,28400.0
RO121,9078.68,27900.0
RO122,19851.24,35500.0
RO123,4265.45,21400.0
RO124,6499.46,22300.0
RO125,12474.51,24000.0
RO126,12946.47,32800.0
RO2,117402.59,21100.0
RO21,62165.59,19300.0
RO211,12272.93,20700.0
RO212,5707.93,14700.0
RO213,19985.19,25600.0
RO214,8495.47,19000.0
RO215,10622.57,16500.0
RO216,5081.51,13800.0
RO22,55237.0,23600.0
RO221,6027.02,22100.0
RO222,7923.63,20000.0
RO223,21368.54,32500.0
RO224,9317.44,19000.0
RO225,4771.77,25300.0
RO226,5828.6,17600.0
RO3,234885.35,45700.0
RO31,61737.68,21800.0
RO311,14757.13,26200.0
RO312,4208.37,15100.0
RO313,9675.6,20300.0
RO314,3761.12,14500.0
RO315,4699.99,18900.0
RO316,18788.93,27300.0
RO317,5846.55,18600.0
RO32,173147.67,75000.0
RO321,155890.48,90900.0
RO322,17257.19,29100.0
RO4,96771.99,27500.0
RO41,44392.97,24000.0
RO411,14123.84,23700.0
RO412,10276.92,33300.0
RO413,5225.7,22800.0
RO414,6687.65,17800.0
RO415,8078.85,23700.0
RO42,52379.02,31300.0
RO421,11318.41,27600.0
RO422,6062.03,24900.0
RO423,8718.4,24700.0
RO424,26280.18,39500.0
ROZ,348.61,
ROZZ,348.61,
ROZZZ,348.61,
RS,135635.87,20600.0
RS1,91282.97,26800.0
RS11,58562.71,34800.0
RS12,32720.26,19000.0
RS2,44306.23,13900.0
RS21,23559.81,13100.0
RS22,20746.42,15000.0
RSZ,46.68,
RSZZ,46.68,
SE,471830.43,44400.0
SE1,220034.33,51700.0
SE11,151378.11,61100.0
SE110,151378.11,61100.0
SE12,68656.22,38600.0
SE121,17665.0,43200.0
SE122,9905.5,32600.0
SE123,19511.15,41100.0
SE124,12026.49,38800.0
SE125,9548.08,33800.0
SE2,184700.45,40100.0
SE21,32957.83,37200.0
SE211,14006.77,37700.0
SE212,8613.5,42100.0
SE213,8263.92,33300.0
SE214,2073.65,33800.0
SE22,60906.53,38300.0
SE221,6139.12,38700.0
SE224,54767.41,38200.0
SE23,90836.09,42700.0
SE231,11718.57,33800.0
SE232,79117.52,44400.0
SE3,67006.81,37900.0
SE31,29160.77,33900.0
SE311,10114.68,35500.0
SE312,9780.45,33900.0
SE313,9265.64,32300.0
SE32,14936.98,39700.0
SE321,10245.92,42100.0
SE322,4691.06,35100.0
SE33,22909.05,43100.0
SE331,11519.69,40900.0
SE332,11389.36,45600.0
SEZ,88.84,
SEZZ,88.84,
SEZZZ,88.84,
SI,76819.3,36100.0
SI0,76819.3,36100.0
SI03,32102.18,28800.0
SI031,2819.97,24800.0
SI032,9840.01,29800.0
SI033,1827.15,25900.0
SI034,8099.94,30900.0
SI035,1117.89,19500.0
SI036,2277.03,30000.0
SI037,4870.13,32800.0
SI038,1250.08,23100.0
SI04,44717.12,44100.0
SI041,30674.69,54100.0
SI042,6335.03,30200.0
SI043,3772.37,31900.0
SI044,3935.03,33000.0
SK,162718.72,29800.0
SK0,162718.72,29800.0
SK01,45609.23,61000.0
SK010,45609.23,61000.0
SK02,50703.87,28000.0
SK021,18741.67,32900.0
SK022,13825.89,24200.0
SK023,18136.31,27000.0
SK03,32276.87,24700.0
SK031,18389.71,26600.0
SK032,13887.15,22600.0
SK04,34128.76,21400.0
SK041,14749.22,18200.0
SK042,19379.54,24800.0
TR,2448031.7,27600.0
TR1,714343.37,44100.0
TR10,714343.37,44100.0
TR100,714343.37,44100.0
TR2,107646.9,28000.0
TR21,60151.79,30200.0
TR211,39447.92,33200.0
TR212,9648.45,22900.0
TR213,11055.42,29200.0
TR22,47495.11,25600.0
TR221,32283.41,25200.0
TR222,15211.7,26500.0
TR3,293530.59,26300.0
TR31,140706.49,30500.0
TR310,140706.49,30500.0
TR32,80513.75,24200.0
TR321,24923.39,21300.0
TR322,24233.83,22600.0
TR323,31356.53,28900.0
TR33,72310.34,22600.0
TR331,37153.88,25000.0
TR332,14052.0,18500.0
TR333,12824.66,22300.0
TR334,8279.8,21800.0
TR4,277647.98,31200.0
TR41,125560.01,27600.0
TR411,91955.91,27100.0
TR412,26970.54,29100.0
TR413,6633.56,29000.0
TR42,152087.96,35000.0
TR421,93972.36,43300.0
TR422,29470.58,26300.0
TR423,10199.21,24700.0
TR424,9918.58,30100.0
TR425,8527.23,27500.0
TR5,315650.2,36600.0
TR51,256559.37,43300.0
TR510,256559.37,43300.0
TR52,59090.84,21800.0
TR521,52246.14,21300.0
TR522,6844.69,25900.0
TR6,267748.13,22800.0
TR61,99544.64,28800.0
TR611,83696.21,30800.0
TR612,9707.73,21300.0
TR613,6140.7,21500.0
TR62,100504.95,21700.0
TR621,48054.37,19300.0
TR622,52450.58,24400.0
TR63,67698.54,18700.0
TR631,34482.0,19100.0
TR632,22803.48,18800.0
TR633,10413.06,17400.0
TR7,89020.56,20800.0
TR71,35573.1,21100.0
TR711,6849.97,23900.0
TR712,9825.03,22200.0
TR713,7573.57,19900.0
TR714,6615.3,20100.0
TR715,4709.23,19100.0
TR72,53447.45,20500.0
TR721,33957.1,22200.0
TR722,12465.6,19300.0
TR723,7024.74,16600.0
TR8,90892.23,19200.0
TR81,20596.46,19600.0
TR811,11814.16,20000.0
TR812,5157.05,20300.0
TR813,3625.25,17500.0
TR82,17219.23,21000.0
TR821,8388.23,21700.0
TR822,4803.47,23600.0
TR823,4027.53,17600.0
TR83,53076.53,18500.0
TR831,28164.93,20300.0
TR832,8874.99,14500.0
TR833,9528.38,18000.0
TR834,6508.23,19000.0
TR9,48744.77,17900.0
TR90,48744.77,17900.0
TR901,15704.83,19000.0
TR902,12486.05,16100.0
TR903,7759.66,16900.0
TR904,6834.85,19500.0
TR905,3660.27,21400.0
TR906,2299.1,15800.0
TRA,34948.99,16200.0
TRA1,19988.39,18600.0
TRA11,13195.25,17600.0
TRA12,5248.28,21600.0
TRA13,1544.86,18200.0
TRA2,14960.6,13800.0
TRA21,5414.4,10700.0
TRA22,4568.97,16600.0
TRA23,3028.01,14500.0
TRA24,1949.23,21100.0
TRB,61023.69,15500.0
TRB1,34102.71,19300.0
TRB11,15613.09,20100.0
TRB12,11836.48,19200.0
TRB13,4340.59,15200.0
TRB14,2312.55,26300.0
TRB2,26920.98,12400.0
TRB21,12533.67,11100.0
TRB22,5027.31,12600.0
TRB23,4592.76,12700.0
TRB24,4767.24,16700.0
TRC,146834.29,14200.0
TRC1,60042.75,17300.0
TRC11,45576.42,17500.0
TRC12,11321.52,18000.0
TRC13,3144.8,13900.0
TRC2,50668.31,11700.0
TRC21,25812.11,10300.0
TRC22,24856.2,13500.0
TRC3,36123.23,14300.0
TRC31,12924.12,13600.0
TRC32,8601.4,13000.0
TRC33,9626.87,16800.0
TRC34,4970.84,14400.0
