id,name,iso_country,iso_region,latitude,longitude,airports,airports_count,edges_count,nut3_code,node_type,node_degree
"Tymbou (Kirklar), CY",Tymbou (Kirklar),CY,CY-02,35.153064,33.507352,LCEN,1,6,CY000,small,367
"Warsaw, PL",Warsaw,PL,PL-MZ,52.217449,20.9371515,"EPBC, EPWA",2,82,PL91,large,2223
"Skellefteå, SE",Skellefteå,SE,SE-AC,64.62480163574219,21.076900482177734,ESNS,1,4,SE331,medium,54
"Memmingen, DE",Memmingen,DE,DE-BY,47.988092,10.238248,EDJA,1,37,DE27,medium,135
"Brno, CZ",Brno,CZ,CZ-JM,49.151276,16.693972,LKTB,1,16,CZ064,medium,36
"Pisa (PI), IT",Pisa (PI),IT,IT-52,43.683899,10.3927,LIRP,1,47,ITI1,medium,229
"Akrotiri, CY",Akrotiri,CY,CY-XX,34.590401,32.9879,LCRA,1,3,CY000,small,3
"Chassieu, Lyon, FR","Chassieu, Lyon",FR,FR-ARA,45.727947,4.943991,LFLY,1,26,FRK26,medium,43
"Capannori (LU), IT",Capannori (LU),IT,IT-52,43.825825,10.577928,LIQL,1,17,ITI1,small,40
"Napoli, IT",Napoli,IT,IT-72,40.886002,14.2908,LIRN,1,34,ITF3,medium,125
"Riga, LV",Riga,LV,LV-062,56.955926000000005,24.022856,"EVRA, EVRS",2,53,LV00,large,715
"Győr, HU",Győr,HU,HU-GS,47.628436,17.804718,LHPR,1,8,HU221,small,9
"Palanga, LT",Palanga,LT,LT-KL,55.973202,21.093901,EYPA,1,6,LT023,small,49
"Ponta Delgada, PT",Ponta Delgada,PT,PT-20,37.7411994934,-25.6979007721,LPPD,1,6,PT200,medium,34
"Hradec Králové, CZ",Hradec Králové,CZ,CZ-KR,50.253201,15.8452,LKHK,1,6,CZ052,small,6
"Faro, PT",Faro,PT,PT-08,37.015909,-7.970939,LPFR,1,55,PT150,medium,361
"Caselle Torinese (TO), IT",Caselle Torinese (TO),IT,IT-21,45.200802,7.64963,LIMF,1,52,ITC1,medium,448
"Genova (GE), IT",Genova (GE),IT,IT-42,44.412039,8.840732,LIMJ,1,26,ITC3,medium,157
"Reggio Calabria, IT",Reggio Calabria,IT,IT-78,38.071201,15.6516,LICR,1,16,ITF6,small,112
"Almería, ES",Almería,ES,ES-AN,36.843899,-2.3701,LEAM,1,12,ES61,medium,104
"Dresden, DE",Dresden,DE,DE-SN,51.134123,13.767831,EDDC,1,30,DED2,medium,127
"Dole, FR",Dole,FR,FR-BFC,47.038955,5.427589,LFGJ,1,6,FRC12,small,9
"Ordu, TR",Ordu,TR,TR-52,40.966872,38.085995,LTCB,1,4,TR902,small,43
"Dublin, IE",Dublin,IE,IE-D,53.428713,-6.262121,EIDW,1,93,IE061,large,1762
"Montpellier/Méditerranée, FR",Montpellier/Méditerranée,FR,FR-OCC,43.576199,3.96301,LFMT,1,24,FRJ13,medium,143
"Ranón, ES",Ranón,ES,ES-AS,43.563599,-6.03462,LEAS,1,17,ES12,medium,98
"Falconara Marittima (AN), IT",Falconara Marittima (AN),IT,IT-57,43.616299,13.3623,LIPY,1,12,ITI3,medium,60
"Lübeck, DE",Lübeck,DE,DE-SH,53.805401,10.7192,EDHL,1,13,DEF0,small,21
"Madrid, ES",Madrid,ES,ES-MD,40.432053999999994,-3.6786944999999998,"LECU, LEMD",2,106,ES30,large,4168
"Bordeaux, FR",Bordeaux,FR,FR-NAQ,44.82865,-0.715356,LFBD,1,44,FRI12,medium,538
"Forlì (FC), IT",Forlì (FC),IT,IT-45,44.194801,12.0701,LIPK,1,6,ITH5,small,12
"Brest, FR",Brest,FR,FR-BRE,48.447899,-4.41854,LFRB,1,11,FRH02,medium,112
"Melilla, ES",Melilla,ES,ES-ML,35.2798,-2.95626,GEML,1,10,ES64,medium,81
"Valencia, ES",Valencia,ES,ES-VC,39.489162,-0.480961,LEVC,1,60,ES52,medium,543
"Alava, ES",Alava,ES,ES-PV,42.882801,-2.72447,LEVT,1,15,ES21,medium,34
"Frankfurt am Main (Lautzenhausen), DE",Frankfurt am Main (Lautzenhausen),DE,DE-RP,49.946353,7.261734,EDFH,1,30,DE71,medium,102
"Copenhagen, DK",Copenhagen,DK,DK-84,55.617900848389,12.656000137329,EKCH,1,79,DK011,large,2693
"Saint-Tropez, FR",Saint-Tropez,FR,FR-PAC,43.205399,6.482,LFTZ,1,15,FRL05,medium,22
"Málaga, ES",Málaga,ES,ES-AN,36.6749,-4.49911,LEMG,1,100,ES61,large,1664
"Oostende, BE",Oostende,BE,BE-VWV,51.1998,2.874673,EBOS,1,16,BE255,medium,43
"Weert, NL",Weert,NL,NL-NB,51.255299,5.60139,EHBD,1,6,NL422,small,6
"Caen, FR",Caen,FR,FR-NOR,49.17678,-0.454883,LFRK,1,7,FRD11,medium,32
"Kos Island, GR",Kos Island,GR,GR-L,36.794523,27.09115,LGKO,1,3,EL42,medium,56
"Weßling, DE",Weßling,DE,DE-BY,48.081402,11.2831,EDMO,1,41,DE21,small,61
"Montichiari (BS), IT",Montichiari (BS),IT,IT-25,45.428902,10.3306,LIPO,1,18,ITC4,small,30
"Tarbes/Lourdes/Pyrénées, FR",Tarbes/Lourdes/Pyrénées,FR,FR-OCC,43.178699,-0.006439,LFBT,1,10,FRJ26,medium,37
"Pau/Pyrénées (Uzein), FR",Pau/Pyrénées (Uzein),FR,FR-NAQ,43.380001,-0.418611,LFBP,1,4,FRI15,medium,82
"Egelsbach, DE",Egelsbach,DE,DE-HE,49.96,8.643043,EDFE,1,12,DE71,small,18
"Szymany, PL",Szymany,PL,PL-WN,53.481899,20.9377,EPSY,1,7,PL62,small,14
"Donegal, IE",Donegal,IE,IE-DL,55.0442008972168,-8.340999603271484,EIDL,1,1,IE041,small,9
"Paphos, CY",Paphos,CY,CY-06,34.717999,32.485699,LCPH,1,26,CY000,medium,75
"Thessaloniki, GR",Thessaloniki,GR,GR-B,40.51928,22.970009,LGTS,1,47,EL52,medium,598
"Kittilä, FI",Kittilä,FI,FI-10,67.700996,24.8468,EFKT,1,14,FI1D7,medium,30
"Ferno (VA), IT",Ferno (VA),IT,IT-25,45.6306,8.72811,LIMC,1,91,ITC4,large,1975
"Antwerp, BE",Antwerp,BE,BE-VAN,51.190667,4.463153,EBAW,1,35,BE211,medium,71
"Vigo, ES",Vigo,ES,ES-GA,42.2318,-8.62677,LEVX,1,10,ES11,medium,68
"Lahr/Schwarzwald, DE",Lahr/Schwarzwald,DE,DE-BW,48.369301,7.82772,EDTL,1,4,DE13,small,5
"Jerez de la Frontera, ES",Jerez de la Frontera,ES,ES-AN,36.744598,-6.06011,LEJR,1,13,ES61,medium,58
"Greven, DE",Greven,DE,DE-NW,52.133816,7.688482,EDDG,1,30,DEA3,medium,101
"Gaziemir, TR",Gaziemir,TR,TR-35,38.2924,27.157,LTBJ,1,26,TR310,medium,164
"Helsinki (Vantaa), FI",Helsinki (Vantaa),FI,FI-18,60.318363,24.963341,EFHK,1,60,FI1B1,large,1542
"Halmstad, SE",Halmstad,SE,SE-N,56.69110107421875,12.820199966430664,ESMT,1,3,SE231,small,35
"Schkeuditz, DE",Schkeuditz,DE,DE-SN,51.420657,12.232705,EDDP,1,68,DED,medium,628
"Clermont-Ferrand, FR",Clermont-Ferrand,FR,FR-ARA,45.786701,3.16917,LFLC,1,9,FRK14,medium,38
"Nowe Kramsko, PL",Nowe Kramsko,PL,PL-LB,52.1385,15.7986,EPZG,1,4,PL43,small,16
"Tampere / Pirkkala, FI",Tampere / Pirkkala,FI,FI-11,61.414101,23.604401,EFTP,1,6,FI19B,medium,35
"Kiel, DE",Kiel,DE,DE-SH,54.37957,10.145266,EDHK,1,10,DEF0,small,15
"Caselle (VR), IT",Caselle (VR),IT,IT-34,45.394955,10.887303,LIPX,1,43,ITH3,medium,220
"Luleå, SE",Luleå,SE,SE-BD,65.5438,22.122,ESPA,1,11,SE332,medium,152
"Nîmes/Garons, FR",Nîmes/Garons,FR,FR-OCC,43.757401,4.41635,LFTW,1,16,FRJ12,medium,31
"Oulu / Oulunsalo, FI",Oulu / Oulunsalo,FI,FI-14,64.930099,25.354601,EFOU,1,2,FI1D9,medium,108
"Ajaccio, FR",Ajaccio,FR,FR-COR,41.923599,8.80292,LFKJ,1,11,FRM01,medium,149
"Stockholm / Västerås, SE",Stockholm / Västerås,SE,SE-U,59.589401,16.6336,ESOW,1,4,SE125,small,10
"Annecy, FR",Annecy,FR,FR-ARA,45.928947,6.0987,LFLP,1,21,FRK28,medium,38
"Mönchengladbach, DE",Mönchengladbach,DE,DE-NW,51.230278,6.504444,EDLN,1,20,DEA1,medium,34
"Friedrichshafen, DE",Friedrichshafen,DE,DE-BW,47.671299,9.51149,EDNY,1,38,DE14,medium,82
"Jasionka, PL",Jasionka,PL,PL-PK,50.109791,22.024155,EPRZ,1,25,PL82,medium,107
"Grenoble, FR",Grenoble,FR,FR-ARA,45.3629,5.32937,LFLS,1,42,FRK24,medium,74
"Eindhoven, NL",Eindhoven,NL,NL-NB,51.4500999451,5.37452983856,EHEH,1,43,NL414,medium,436
"Recea, RO",Recea,RO,RO-MS,46.467701,24.4125,LRTM,1,3,RO114,small,11
"Košice, SK",Košice,SK,SK-KI,48.663101,21.2411,LZKZ,1,10,SK042,medium,71
"Mahón (Maó), ES",Mahón (Maó),ES,ES-IB,39.862598,4.21865,LEMH,1,5,ES53,medium,44
"Zgornji Brnik, SI",Zgornji Brnik,SI,SI-012,46.223701,14.4576,LJLJ,1,29,SI041,medium,171
"Munich, DE",Munich,DE,DE-BY,48.353802,11.7861,EDDM,1,100,DE21,large,3285
"Catania, IT",Catania,IT,IT-82,37.466801,15.0664,LICC,1,23,ITG1,medium,54
"Kaunas, LT",Kaunas,LT,LT-KU,54.963965,24.08582,EYKA,1,18,LT022,medium,87
"Roskilde, DK",Roskilde,DK,DK-85,55.585602,12.1314,EKRK,1,23,DK022,medium,53
"Aarhus, DK",Aarhus,DK,DK-82,56.303331,10.618286,EKAH,1,9,DK042,medium,20
"Larnaca, CY",Larnaca,CY,CY-04,34.875099,33.624901,LCLK,1,50,CY000,medium,395
"Charleroi, BE",Charleroi,BE,BE-WHT,50.461963,4.459562,EBCI,1,68,BE32,large,739
"Salzburg, AT",Salzburg,AT,AT-5,47.793301,13.0043,LOWS,1,75,AT32,medium,344
"Comiso, IT",Comiso,IT,IT-82,36.99583,14.60889,LICB,1,5,ITG1,medium,46
"Colmar, FR",Colmar,FR,FR-GES,48.109901,7.35901,LFGA,1,3,FRF12,small,3
"Sečovlje, SI",Sečovlje,SI,SI-090,45.47201,13.615951,LJPZ,1,6,SI044,small,9
"Ibiza (Eivissa), ES",Ibiza (Eivissa),ES,ES-IB,38.872898,1.37312,LEIB,1,30,ES53,medium,326
"Feldkirchen bei Graz, AT",Feldkirchen bei Graz,AT,AT-6,46.9911,15.4396,LOWG,1,21,AT22,medium,124
"Rotterdam, NL",Rotterdam,NL,NL-ZH,51.956902,4.43722,EHRD,1,40,NL3,medium,212
"Wurster Nordseeküste, DE",Wurster Nordseeküste,DE,DE-NI,53.767689,8.659201,ETMN,1,2,DE93,small,3
"Vilnius, LT",Vilnius,LT,LT-VL,54.634102,25.285801,EYVI,1,47,LT011,medium,488
"Hamburg, DE",Hamburg,DE,DE-HH,53.58284016015625,9.91189301513672,"EDDH, EDHI",2,84,DE60,large,1198
"Shannon, IE",Shannon,IE,IE-CE,52.702,-8.92482,EINN,1,31,IE051,medium,116
"Tallinn, EE",Tallinn,EE,EE-37,59.413246,24.83264,EETN,1,33,EE001,medium,406
"Manching, DE",Manching,DE,DE-BY,48.7156982421875,11.534000396728516,ETSI,1,5,DE21,small,16
"Vienna, AT",Vienna,AT,AT-9,48.110298,16.5697,LOWW,1,92,AT13,large,2133
"Sta Cruz de la Palma, La Palma Island, ES","Sta Cruz de la Palma, La Palma Island",ES,ES-CN,28.626499,-17.7556,GCLA,1,12,ES70,medium,43
"Wilhelmshaven, DE",Wilhelmshaven,DE,DE-NI,53.50222,8.052222,EDWI,1,2,DE94,small,4
"Köln (Cologne), DE",Köln (Cologne),DE,DE-NW,50.865898,7.14274,EDDK,1,76,DEA2,large,930
"Bastia, FR",Bastia,FR,FR-COR,42.5527,9.48373,LFKB,1,6,FRM02,medium,54
"Prague, CZ",Prague,CZ,CZ-PR,50.100874,14.259911,LKPR,1,94,CZ010,large,1291
"Venezia (VE), IT",Venezia (VE),IT,IT-34,45.505299,12.3519,LIPZ,1,63,ITH3,large,581
"Kuopio / Siilinjärvi, FI",Kuopio / Siilinjärvi,FI,FI-15,63.007099,27.7978,EFKU,1,5,FI1D,medium,66
"Mošnov, CZ",Mošnov,CZ,CZ-MO,49.696301,18.111099,LKMT,1,19,CZ080,medium,47
"Ängelholm, SE",Ängelholm,SE,SE-M,56.29610061645508,12.847100257873535,ESTA,1,5,SE224,medium,59
"Ronchi dei Legionari/Trieste, IT",Ronchi dei Legionari/Trieste,IT,IT-36,45.827499,13.4722,LIPQ,1,24,ITH4,medium,138
"Figari, FR",Figari,FR,FR-COR,41.50185,9.097092,LFKF,1,5,FRM01,medium,46
"Bologna, IT",Bologna,IT,IT-45,44.5354,11.2887,LIPE,1,60,ITH5,medium,768
"Trabzon, TR",Trabzon,TR,TR-61,40.995098,39.7897,LTCG,1,13,TR901,small,177
"Bremen, DE",Bremen,DE,DE-HB,53.046786,8.78932,EDDW,1,24,DE50,medium,223
"Arvidsjaur, SE",Arvidsjaur,SE,SE-BD,65.59030151367188,19.28190040588379,ESNX,1,15,SE332,small,38
"Balice, PL",Balice,PL,PL-MA,50.077702,19.7848,EPKK,1,70,PL21,medium,900
"Nuremberg, DE",Nuremberg,DE,DE-BY,49.498699,11.078056,EDDN,1,57,DE25,medium,366
"Funchal, PT",Funchal,PT,PT-30,32.697812,-16.774613,LPMA,1,40,PT300,medium,419
"Timişoara, RO",Timişoara,RO,RO-TM,45.809898,21.3379,LRTR,1,23,RO424,medium,86
"Saint-Jacques-de-la-Lande, Ille-et-Vilaine, FR","Saint-Jacques-de-la-Lande, Ille-et-Vilaine",FR,FR-BRE,48.0695,-1.73479,LFRN,1,26,FRH03,medium,119
"Augsburg, DE",Augsburg,DE,DE-BY,48.425278,10.931667,EDMA,1,26,DE27,small,50
"Marignane, Bouches-du-Rhône, FR","Marignane, Bouches-du-Rhône",FR,FR-PAC,43.438088,5.2125,LFML,1,67,FRL04,large,949
"Łódź, PL",Łódź,PL,PL-LD,51.721901,19.3981,EPLL,1,7,PL71,medium,27
"Katowice, PL",Katowice,PL,PL-SL,50.476015,19.080705,EPKT,1,51,PL22,medium,343
"Alicante, ES",Alicante,ES,ES-VC,38.2822,-0.558156,LEAL,1,77,ES52,large,1038
"Seville, ES",Seville,ES,ES-AN,37.417999,-5.89311,LEZL,1,67,ES61,medium,905
"Siljansnäs, SE",Siljansnäs,SE,SE-W,60.785099,14.8272,ESVS,1,3,SE312,small,6
"Stockholm, SE",Stockholm,SE,SE-AB,59.5014455,17.935264500000002,"ESSA, ESSB",2,91,SE110,large,2139
"Palermo, IT",Palermo,IT,IT-82,38.145959,13.202185,"LICJ, LICP",2,39,ITG1,medium,332
"Zaragoza, ES",Zaragoza,ES,ES-AR,41.666199,-1.04155,LEZG,1,29,ES24,medium,71
"Eskişehir, TR",Eskişehir,TR,TR-26,39.811644,30.519268,LTBY,1,4,TR412,small,4
"Colombier-Saugnieu, Rhône, FR","Colombier-Saugnieu, Rhône",FR,FR-ARA,45.725996,5.090139,LFLL,1,68,FRK26,large,1012
"Spata-Artemida, GR",Spata-Artemida,GR,GR-I,37.936401,23.9445,LGAV,1,65,EL30,large,1645
"Wrocław, PL",Wrocław,PL,PL-DS,51.103719,16.882096,EPWR,1,42,PL51,medium,393
"Capua, IT",Capua,IT,IT-72,41.116001,14.178,LIAU,1,6,ITF1,small,9
"Nice, Alpes-Maritimes, FR","Nice, Alpes-Maritimes",FR,FR-PAC,43.658401,7.21587,LFMN,1,74,FRL06,large,507
"Alajero, La Gomera Island, ES","Alajero, La Gomera Island",ES,ES-CN,28.0296,-17.2146,GCGM,1,9,ES70,medium,10
"Orio al Serio (BG), IT",Orio al Serio (BG),IT,IT-25,45.669362,9.708851,LIME,1,82,ITC4,medium,971
"Mannheim, DE",Mannheim,DE,DE-BW,49.473057,8.514167,EDFM,1,21,DE12,small,36
"Göteborg, SE",Göteborg,SE,SE-Q,57.71875,12.075099999999999,"ESGG, ESGP",2,48,SE232,large,576
"Perpignan/Rivesaltes, FR",Perpignan/Rivesaltes,FR,FR-OCC,42.740398,2.87067,LFMP,1,9,FRJ15,medium,37
"Weeze, DE",Weeze,DE,DE-NW,51.601362,6.141228,EDLV,1,22,DEA1,medium,101
"Braunschweig, DE",Braunschweig,DE,DE-NI,52.319199,10.5561,EDVE,1,21,DE91,medium,41
"Villanova d'Albenga (SV), IT",Villanova d'Albenga (SV),IT,IT-42,44.050598,8.12743,LIMG,1,4,ITC3,small,4
"Charlestown, IE",Charlestown,IE,IE-MO,53.910439,-8.817002,EIKN,1,2,IE042,medium,5
"Segrate (MI), IT",Segrate (MI),IT,IT-25,45.445099,9.27674,LIML,1,84,ITC4,large,1379
"Nantes, FR",Nantes,FR,FR-PDL,47.153198,-1.61073,LFRS,1,39,FRG01,medium,582
"Velika Gorica, HR",Velika Gorica,HR,HR-01,45.742901,16.0688,LDZA,1,39,HR021,medium,275
"Treviso (TV), IT",Treviso (TV),IT,IT-34,45.648399,12.1944,LIPH,1,33,ITH3,medium,91
"Antalya, TR",Antalya,TR,TR-07,36.898701,30.800501,LTAI,1,41,TR611,large,616
"Girona, ES",Girona,ES,ES-CT,41.904639,2.761774,LEGE,1,12,ES51,medium,30
"Palma de Mallorca, ES",Palma de Mallorca,ES,ES-IB,39.551701,2.73881,LEPA,1,81,ES53,large,1483
"Stuttgart, DE",Stuttgart,DE,DE-BW,48.689899,9.22196,EDDS,1,68,DE11,large,689
"Wevelgem, BE",Wevelgem,BE,BE-VWV,50.818878,3.209551,EBKT,1,23,BE256,small,26
"Lesquin, FR",Lesquin,FR,FR-HDF,50.566564,3.102429,LFQQ,1,23,FRE11,medium,94
"Düsseldorf, DE",Düsseldorf,DE,DE-NW,51.289501,6.76678,EDDL,1,75,DEA1,large,1248
"Samsun, TR",Samsun,TR,TR-55,41.253988,36.567546,LTFH,1,1,TR831,small,6
"Rome, IT",Rome,IT,IT-62,41.8016505,12.423664500000001,"LIRA, LIRF",2,108,ITI4,large,3115
"Mytilene, GR",Mytilene,GR,GR-K,39.057406,26.598629,LGMT,1,3,EL41,medium,82
"Alexandroupolis, GR",Alexandroupolis,GR,GR-A,40.8559,25.956301,LGAL,1,2,EL51,small,53
"Jyväskylän Maalaiskunta, FI",Jyväskylän Maalaiskunta,FI,FI-08,62.399502,25.678301,EFJY,1,3,FI19,medium,32
"Santiago de Compostela, ES",Santiago de Compostela,ES,ES-GA,42.896301,-8.41514,LEST,1,14,ES11,medium,139
"Uherské Hradiště, CZ",Uherské Hradiště,CZ,CZ-ZL,49.0294,17.439699,LKKU,1,3,CZ072,small,5
"Rota, ES",Rota,ES,ES-AN,36.645198822,-6.34946012497,LERT,1,3,ES61,small,9
"Maastricht, NL",Maastricht,NL,NL-LI,50.911087,5.769401,EHBK,1,17,NL423,medium,29
"Laage, DE",Laage,DE,DE-MV,53.918201,12.2783,ETNL,1,16,DE80,small,24
"Paris, FR",Paris,FR,FR-HDF,49.3032125,2.247938,"LFAT, LFPB, LFPG, LFPO",4,135,FR101,large,6414
"Burbach, DE",Burbach,DE,DE-NW,50.707699,8.08297,EDGS,1,5,DEA5,small,5
"Hannover, DE",Hannover,DE,DE-NI,52.461102,9.68508,EDDV,1,52,DE92,medium,498
"Rhodes, GR",Rhodes,GR,GR-L,36.405399,28.086201,LGRP,1,10,EL42,medium,79
"Lelystad, NL",Lelystad,NL,NL-FL,52.453188,5.514622,EHLE,1,8,NL230,small,9
"Bucharest, RO",Bucharest,RO,RO-B,44.537462500000004,26.1031145,"LRBS, LROP",2,84,RO321,large,1129
"Berlin, DE",Berlin,DE,DE-BR,52.361738,13.502341,EDDB,1,103,DE30,large,1867
"Cascais, PT",Cascais,PT,PT-11,38.724998,-9.35523,LPCS,1,26,PT1,small,53
"Lamezia Terme (CZ), IT",Lamezia Terme (CZ),IT,IT-78,38.906214,16.246007,LICA,1,23,ITF6,medium,290
"Bolzano (BZ), IT",Bolzano (BZ),IT,IT-32,46.459245,11.326125,LIPB,1,30,ITH1,small,53
"Strasbourg, FR",Strasbourg,FR,FR-GES,48.5383,7.62823,LFST,1,20,FRF11,medium,122
"Ronneby, SE",Ronneby,SE,SE-K,56.266701,15.265,ESDF,1,3,SE221,small,48
"Gdańsk, PL",Gdańsk,PL,PL-PM,54.377602,18.4662,EPGD,1,50,PL63,medium,306
"Istanbul, TR",Istanbul,TR,TR-34,41.048463,28.955016666666666,"LTBA, LTFJ, LTFM",3,97,TR100,large,4166
"Bratislava, SK",Bratislava,SK,SK-BL,48.1702,17.2127,LZIB,1,49,SK010,medium,242
"Rheinmünster, DE",Rheinmünster,DE,DE-BW,48.7794,8.0805,EDSB,1,21,DE12,medium,69
"Barcelona, ES",Barcelona,ES,ES-CT,41.2971,2.07846,LEBL,1,106,ES51,large,3809
"Sønderborg, DK",Sønderborg,DK,DK-83,54.96440124511719,9.791729927062988,EKSB,1,9,DK032,medium,55
"Aalborg, DK",Aalborg,DK,DK-81,57.094763,9.84993,EKYT,1,11,DK050,medium,252
"Valletta, MT",Valletta,MT,MT-25,35.845932,14.491546,LMML,1,70,MT001,large,769
"Billund, DK",Billund,DK,DK-83,55.740335,9.157019,EKBI,1,41,DK032,medium,340
"Luxembourg, LU",Luxembourg,LU,LU-L,49.626845,6.212134,ELLX,1,60,LU000,medium,707
"Firenze (FI), IT",Firenze (FI),IT,IT-52,43.808558,11.202822,LIRQ,1,27,ITI1,medium,215
"Poprad, SK",Poprad,SK,SK-PV,49.070994,20.241394,LZTT,1,7,SK041,small,14
"Innsbruck, AT",Innsbruck,AT,AT-7,47.260201,11.344,LOWI,1,39,AT33,medium,213
"Groningen, NL",Groningen,NL,NL-DR,53.119107,6.577652,EHGG,1,20,NL11,small,32
"Chambéry, FR",Chambéry,FR,FR-ARA,45.6381,5.88023,LFLB,1,48,FRK27,medium,120
"Linz, AT",Linz,AT,AT-4,48.267703,14.260867000000001,"LOLO, LOWL",2,31,AT31,medium,66
"Biarritz, FR",Biarritz,FR,FR-NAQ,43.468372,-1.523223,LFBZ,1,6,FRI15,medium,97
"Pescara, IT",Pescara,IT,IT-65,42.431079,14.182981,LIBP,1,15,ITF1,medium,92
"Farranfore, IE",Farranfore,IE,IE-KY,52.180901,-9.52378,EIKY,1,3,IE052,small,34
"Angers, FR",Angers,FR,FR-PDL,47.560299,-0.312222,LFJR,1,5,FRG02,small,6
"Zaventem, BE",Zaventem,BE,BE-VBR,50.901402,4.48444,EBBR,1,70,BE242,large,1094
"Büren, DE",Büren,DE,DE-NW,51.612527,8.617459,EDLP,1,17,DEA4,medium,38
"Lisbon, PT",Lisbon,PT,PT-11,38.7813,-9.13592,LPPT,1,69,PT1,large,1792
"Toulouse/Blagnac, FR",Toulouse/Blagnac,FR,FR-OCC,43.629101,1.36382,LFBO,1,58,FRJ23,large,896
"Hof, DE",Hof,DE,DE-BY,50.288544,11.852876,EDQM,1,4,DE24,small,4
"Linköping, SE",Linköping,SE,SE-E,58.404909,15.684499,ESSL,1,3,SE123,medium,33
"Grâce-Hollogne, BE",Grâce-Hollogne,BE,BE-WLG,50.638574,5.443897,EBLG,1,31,BE332,medium,168
"Beauvais, FR",Beauvais,FR,FR-HDF,49.454399,2.11278,LFOB,1,39,FRE22,medium,319
"Toussus-le-Noble, Yvelines, FR","Toussus-le-Noble, Yvelines",FR,FR-IDF,48.7519,2.10619,LFPN,1,20,FR103,small,27
"Cannes, FR",Cannes,FR,FR-PAC,43.547998,6.955176,LFMD,1,25,FRL06,medium,58
"Budapest, HU",Budapest,HU,HU-BU,47.4908415,19.1193895,"LHBP, LHHH",2,91,HU110,large,1307
"Dortmund, DE",Dortmund,DE,DE-NW,51.518299,7.61224,EDLW,1,35,DEA5,medium,139
"Edremit, TR",Edremit,TR,TR-10,39.552533,27.010192,LTFD,1,1,TR221,small,19
"Poznań, PL",Poznań,PL,PL-WP,52.421598,16.823359,EPPO,1,37,PL41,medium,279
"Vila Baleira, PT",Vila Baleira,PT,PT-30,33.0733985901,-16.3500003815,LPPS,1,3,PT300,small,5
"Cork, IE",Cork,IE,IE-CO,51.841301,-8.49111,EICK,1,23,IE053,medium,116
"Nowy Dwór Mazowiecki, PL",Nowy Dwór Mazowiecki,PL,PL-MZ,52.451099,20.6518,EPMO,1,31,PL92,medium,207
"Porto, PT",Porto,PT,PT-13,41.2481002808,-8.68138980865,LPPR,1,69,PT11A,large,1330
"Culleredo, ES",Culleredo,ES,ES-GA,43.302101,-8.37726,LECO,1,11,ES11,medium,167
"Örebro, SE",Örebro,SE,SE-T,59.22370147705078,15.038000106811523,ESOE,1,8,SE124,small,34
"Alghero, IT",Alghero,IT,IT-88,40.632099,8.29077,LIEA,1,10,ITG2,medium,123
"Maribor, SI",Maribor,SI,SI-160,46.4799,15.6861,LJMB,1,7,SI032,small,9
"Malmö, SE",Malmö,SE,SE-M,55.535564,13.376327,ESMS,1,21,SE224,medium,126
"Bydgoszcz, PL",Bydgoszcz,PL,PL-KP,53.096802,17.977699,EPBY,1,5,PL61,medium,30
"Bodrum, TR",Bodrum,TR,TR-48,37.194706499999995,27.6668555,"LTBV, LTFE",2,6,TR321,medium,66
"Amsterdam, NL",Amsterdam,NL,NL-NH,52.308601,4.76389,EHAM,1,114,NL32,large,4017
"Turku, FI",Turku,FI,FI-19,60.514099,22.2628,EFTU,1,11,FI19,medium,48
"Frankfurt am Main, DE",Frankfurt am Main,DE,DE-HE,50.026706,8.55835,EDDF,1,105,DE71,large,3932
"Limnos Island, GR",Limnos Island,GR,GR-K,39.917098999,25.236299514799995,LGLM,1,3,EL41,small,32
"Calais, FR",Calais,FR,FR-HDF,50.962101,1.95476,LFAC,1,3,FRE12,small,3
"Valladolid, ES",Valladolid,ES,ES-CL,41.7061,-4.85194,LEVD,1,3,ES41,small,3
"Saint-Denis-de-l'Hôtel, Loiret, FR","Saint-Denis-de-l'Hôtel, Loiret",FR,FR-CVL,47.897758,2.164478,LFOZ,1,3,FRB06,small,3
"Portimão, PT",Portimão,PT,PT-08,37.1493,-8.58396,LPPM,1,2,PT150,small,5
"Vila Real, PT",Vila Real,PT,PT-17,41.2743,-7.72047,LPVR,1,1,PT11D,small,6
"La Baule-Escoublac, FR",La Baule-Escoublac,FR,FR-PDL,47.289398,-2.34639,LFRE,1,2,FRG01,small,3
"Trento (TN), IT",Trento (TN),IT,IT-32,46.023333,11.125,LIDT,1,28,ITH2,small,49
"Šiauliai, LT",Šiauliai,LT,LT-SA,55.89390182495117,23.395000457763672,EYSA,1,4,LT024,small,4
"Tartu, EE",Tartu,EE,EE-7B,58.307438,26.686473,EETU,1,1,EE008,small,4
"Selçuk, TR",Selçuk,TR,TR-35,37.950699,27.329,LTFB,1,4,TR310,small,72
"Pécs, HU",Pécs,HU,HU-BA,45.988891,18.242044,LHPP,1,2,HU231,small,3
"Skiros Island, GR",Skiros Island,GR,GR-H,38.9676017761,24.4871997833,LGSY,1,1,EL64,small,3
"Pardubice, CZ",Pardubice,CZ,CZ-PA,50.015049,15.73981,LKPD,1,2,CZ053,small,8
"Kalymnos Island, GR",Kalymnos Island,GR,GR-L,36.9632987976,26.9405994415,LGKY,1,1,EL42,small,3
"Chalons en Champagne, FR",Chalons en Champagne,FR,FR-GES,48.77333,4.20611,LFOK,1,3,FRF23,small,4
"Atting, DE",Atting,DE,DE-BY,48.900833,12.516667,EDMS,1,2,DE22,small,3
