icao_code,name,type,iso_country,iso_region,municipality,latitude_deg,longitude_deg
LBBB,Belchinski Bani Airstrip,small_airport,BG,BG-23,Belchinski Bani,42.374713,23.392548
EDVQ,Wilsche Glider Field,small_airport,DE,DE-NI,Gifhorn,52.524677,10.462597
EDTA,Bohlhof Glider Field,small_airport,DE,DE-BW,Wutöschingen,47.6509,8.3867
EDSF,Hütten Glider Field,small_airport,DE,DE-BW,Rickenbach,47.6333,7.9412
EDKS,Iserlohn-Sümmern Glider Field,small_airport,DE,DE-NW,Iserlohn,51.436389,7.699722
EBAW,Antwerp International Airport (Deurne),medium_airport,BE,BE-VAN,Antwerp,51.190667,4.463153
EBBR,Brussels Airport,large_airport,BE,BE-VBR,Zaventem,50.901402,4.48444
EBCI,Brussels South Charleroi Airport,large_airport,BE,BE-WHT,Charleroi,50.461963,4.459562
EBKT,Flanders International Airport Kortrijk-Wevelgem,medium_airport,BE,BE-VWV,Wevelgem,50.818878,3.209551
EBLG,Liège Airport,medium_airport,BE,BE-WLG,Grâce-Hollogne,50.638574,5.443897
EBOS,Ostend-Bruges International Airport,large_airport,BE,BE-VWV,Oostende,51.1998,2.874673
EDAC,Leipzig–Altenburg Airport,medium_airport,DE,DE-TH,Nobitz,50.981945,12.506389
EDAH,Heringsdorf Airport,medium_airport,DE,DE-MV,Zirchow,53.8787,14.1523
EDAI,Sonderlandeplatz Segeletz,small_airport,DE,DE-BR,Neustadt,52.826668,12.541944
EDAU,Riesa-Göhlis Airport,small_airport,DE,DE-SN,Riesa,51.29361,13.356111
EDAX,Müritz Airpark,small_airport,DE,DE-MV,Lärz,53.306389,12.752222
EDBC,Cochstedt Airport,small_airport,DE,DE-ST,Hecklingen,51.8564,11.4203
EDBH,Stralsund-Barth Airport,small_airport,DE,DE-MV,Barth,54.338253,12.710515
EDBN,Neubrandenburg Trollenhagen Airport,medium_airport,DE,DE-MV,Trollenhagen,53.6022,13.306
EDCG,Rügen Airport,small_airport,DE,DE-MV,Dreschvitz,54.38347,13.325542
EDCK,Köthen Airport,small_airport,DE,DE-ST,Köthen (Anhalt),51.723745,11.948826
EDCP,Peenemünde Airport,small_airport,DE,DE-MV,Peenemünde,54.15778,13.774444
EDDB,Berlin Brandenburg Airport,large_airport,DE,DE-BR,Berlin,52.361738,13.502341
EDDC,Dresden Airport,large_airport,DE,DE-SN,Dresden,51.134123,13.767831
EDDE,Erfurt-Weimar Airport,large_airport,DE,DE-TH,Erfurt,50.978281,10.960713
EDDF,Frankfurt Main Airport,large_airport,DE,DE-HE,Frankfurt am Main,50.026706,8.55835
EDDG,Münster Osnabrück Airport,large_airport,DE,DE-NW,Greven,52.133816,7.688482
EDDH,Hamburg Helmut Schmidt Airport,large_airport,DE,DE-HH,Hamburg,53.630402,9.98823
EDDK,Cologne Bonn Airport,large_airport,DE,DE-NW,Köln (Cologne),50.865898,7.14274
EDDL,Düsseldorf Airport,large_airport,DE,DE-NW,Düsseldorf,51.289501,6.76678
EDDM,Munich Airport,large_airport,DE,DE-BY,Munich,48.353802,11.7861
EDDN,Nuremberg Airport,large_airport,DE,DE-BY,Nuremberg,49.498699,11.078056
EDDP,Leipzig/Halle Airport,large_airport,DE,DE-SN,Schkeuditz,51.420657,12.232705
EDDR,Saarbrücken Airport,large_airport,DE,DE-SL,Saarbrücken,49.217562,7.111667
EDDS,Stuttgart Airport,large_airport,DE,DE-BW,Stuttgart,48.689899,9.22196
EDDV,Hannover Airport,large_airport,DE,DE-NI,Hannover,52.461102,9.68508
EDDW,Bremen Airport,large_airport,DE,DE-HB,Bremen,53.046786,8.78932
EDEP,Heppenheim Glider Field,small_airport,DE,DE-HE,Heppenheim,49.621944,8.624444
EDFE,Frankfurt-Egelsbach Airport,medium_airport,DE,DE-HE,Egelsbach,49.96,8.643043
EDFH,Frankfurt-Hahn Airport,large_airport,DE,DE-RP,Frankfurt am Main (Lautzenhausen),49.946353,7.261734
EDFM,Mannheim-City Airport,medium_airport,DE,DE-BW,Mannheim,49.473057,8.514167
EDGE,Eisenach-Kindel Airport,medium_airport,DE,DE-TH,Hörselberg-Hainich,50.991604,10.47973
EDGS,Siegerland Airport,medium_airport,DE,DE-NW,Burbach,50.707699,8.08297
EDHI,Hamburg-Finkenwerder Airport,medium_airport,DE,DE-HH,Hamburg,53.5352783203125,9.835556030273438
EDHK,Kiel-Holtenau Airport,medium_airport,DE,DE-SH,Kiel,54.37957,10.145266
EDHL,Lübeck Blankensee Airport,medium_airport,DE,DE-SH,Lübeck,53.805401,10.7192
EDHN,Neumünster Airport,small_airport,DE,DE-SH,Neumünster,54.079445,9.941389
EDJA,Memmingen Allgau Airport,large_airport,DE,DE-BY,Memmingen,47.988092,10.238248
EDKA,Aachen-Merzbrück Airport,small_airport,DE,DE-NW,Aachen,50.823055,6.186389
EDLE,Essen-Mülheim Airport,small_airport,DE,DE-NW,Essen,51.402302,6.93733
EDLI,Bielefeld Airport,medium_airport,DE,DE-NW,Bielefeld,51.964722,8.544444
EDLN,Mönchengladbach Airport,medium_airport,DE,DE-NW,Mönchengladbach,51.230278,6.504444
EDLP,Paderborn Lippstadt Airport,large_airport,DE,DE-NW,Büren,51.612527,8.617459
EDLV,Weeze (Niederrhein) Airport,large_airport,DE,DE-NW,Weeze,51.601362,6.141228
EDLW,Dortmund Airport,large_airport,DE,DE-NW,Dortmund,51.518299,7.61224
EDMA,Augsburg Airport,medium_airport,DE,DE-BY,Augsburg,48.425278,10.931667
EDMO,Oberpfaffenhofen Airport,medium_airport,DE,DE-BY,Weßling,48.081402,11.2831
EDMS,Straubing Airport,small_airport,DE,DE-BY,Atting,48.900833,12.516667
EDNY,Bodensee Airport Friedrichshafen,large_airport,DE,DE-BW,Friedrichshafen,47.671299,9.51149
EDQD,Bayreuth Airport,medium_airport,DE,DE-BY,Bindlach,49.985001,11.64
EDQE,Burg Feuerstein Airport,small_airport,DE,DE-BY,Ebermannstadt,49.794167,11.133611
EDQG,Giebelstadt Airport,small_airport,DE,DE-BY,Giebelstadt,49.6480560303,9.966388702390002
EDQM,Hof-Plauen Airport,medium_airport,DE,DE-BY,Hof,50.288544,11.852876
EDRB,Bitburg Airport,small_airport,DE,DE-RP,Bitburg,49.945278,6.565
EDRZ,Zweibrücken Airport,small_airport,DE,DE-RP,Zweibrücken,49.2094,7.40056
EDSB,Karlsruhe Baden-Baden Airport,large_airport,DE,DE-BW,Rheinmünster,48.7794,8.0805
EDTL,Lahr Airport,medium_airport,DE,DE-BW,Lahr/Schwarzwald,48.369301,7.82772
EDVE,Braunschweig-Wolfsburg Airport,medium_airport,DE,DE-NI,Braunschweig,52.319199,10.5561
EDVK,Kassel Airport,large_airport,DE,DE-HE,Calden,51.418395,9.391638
EDWE,Emden Airport,small_airport,DE,DE-NI,Emden,53.391109,7.2275
EDWG,Wangerooge Airport,small_airport,DE,DE-NI,Wangerooge,53.782544,7.919584
EDWI,JadeWeser Airport,small_airport,DE,DE-NI,Wilhelmshaven,53.50222,8.052222
EDWJ,Juist Airport,small_airport,DE,DE-NI,Juist,53.681421,7.056398
EDWL,Langeoog Airport,small_airport,DE,DE-NI,Langeoog,53.742379,7.496345
EDWR,Borkum Airport,small_airport,DE,DE-NI,Borkum,53.59639,6.709167
EDWS,Norden-Norddeich Airport,small_airport,DE,DE-NI,Norddeich,53.633057,7.190278
EDWY,Norderney Airport,small_airport,DE,DE-NI,Norderney,53.706944,7.23
EDWZ,Baltrum Airport,small_airport,DE,DE-NI,Baltrum,53.72485,7.373257
EDXA,Flugplatz Achmer,small_airport,DE,DE-NI,Bramsche,52.37722,7.913333
EDXB,Heide-Büsum Airport,small_airport,DE,DE-SH,Oesterdeichstrich,54.153332,8.901667
EDXF,Flensburg-Schäferhaus Airport,small_airport,DE,DE-SH,Flensburg,54.773335,9.378889
EDXH,Helgoland-Düne Airport,small_airport,DE,DE-SH,Helgoland,54.18528,7.915833
EDXJ,Husum-Schwesing Airport,small_airport,DE,DE-SH,Husum,54.5099983215,9.13833332062
EDXO,Sankt Peter-Ording Airport,small_airport,DE,DE-SH,Sankt Peter-Ording,54.308887,8.686944
EDXW,Westerland Sylt Airport,medium_airport,DE,DE-SH,Sylt,54.9132,8.34047
EDXY,Wyk auf Föhr Airport,small_airport,DE,DE-SH,Wyk auf Föhr,54.684444,8.528333
EEKA,Kärdla Airport,medium_airport,EE,EE-39,Kärdla,58.99079895019531,22.830699920654297
EEKE,Kuressaare Airport,medium_airport,EE,EE-74,Kuressaare,58.22990036010742,22.50950050354004
EELU,Lyckholm Airstrip,small_airport,EE,EE-57,Saare,59.02211,23.57808
EEPU,Pärnu Airport,medium_airport,EE,EE-67,Pärnu,58.41899871826172,24.47279930114746
EETN,Lennart Meri Tallinn Airport,large_airport,EE,EE-37,Tallinn,59.413246,24.83264
EETU,Tartu Airport,medium_airport,EE,EE-7B,Tartu,58.307438,26.686473
EFET,Enontekio Airport,medium_airport,FI,FI-10,Enontekio,68.362602233887,23.424299240112
EFHA,Halli Airport,medium_airport,FI,FI-08,Jämsä,61.856039,24.786686
EFHK,Helsinki Vantaa Airport,large_airport,FI,FI-18,Helsinki (Vantaa),60.318363,24.963341
EFIT,Kitee Airport,medium_airport,FI,FI-13,Kitee,62.1661,30.073601
EFIV,Ivalo Airport,large_airport,FI,FI-10,Ivalo,68.6073,27.4053
EFJO,Joensuu Airport,medium_airport,FI,FI-13,Joensuu,62.658815,29.619398
EFJY,Jyväskylä Airport,medium_airport,FI,FI-08,Jyväskylän Maalaiskunta,62.399502,25.678301
EFKE,Kemi-Tornio Airport,medium_airport,FI,FI-10,Kemi / Tornio,65.778701782227,24.582099914551
EFKI,Kajaani Airport,medium_airport,FI,FI-05,Kajaani,64.2855,27.6924
EFKK,Kokkola-Pietarsaari Airport,medium_airport,FI,FI-07,Kokkola / Kruunupyy,63.721199,23.143101
EFKS,Kuusamo Airport,medium_airport,FI,FI-14,Kuusamo,65.987602,29.239401
EFKT,Kittilä International Airport,large_airport,FI,FI-10,Kittilä,67.700996,24.8468
EFKU,Kuopio Airport,large_airport,FI,FI-15,Kuopio / Siilinjärvi,63.007099,27.7978
EFLP,Lappeenranta Airport,large_airport,FI,FI-02,Lappeenranta,61.044601,28.144743
EFMA,Mariehamn Airport,large_airport,FI,FI-01,Mariehamn,60.1222,19.898199
EFMI,Mikkeli Airport,medium_airport,FI,FI-04,Mikkeli,61.6866,27.201799
EFOU,Oulu Airport,large_airport,FI,FI-14,Oulu / Oulunsalo,64.930099,25.354601
EFPO,Pori Airport,medium_airport,FI,FI-17,Pori,61.4617,21.799999
EFRO,Rovaniemi Airport,large_airport,FI,FI-10,Rovaniemi,66.563327,25.829751
EFSA,Savonlinna Airport,medium_airport,FI,FI-04,Savonlinna,61.9431,28.945101
EFSI,Seinäjoki Airport,medium_airport,FI,FI-03,Seinäjoki / Ilmajoki,62.692101,22.8323
EFSO,Sodankyla Airport,medium_airport,FI,FI-10,Sodankyla,67.3949966431,26.6191005707
EFTP,Tampere-Pirkkala Airport,large_airport,FI,FI-11,Tampere / Pirkkala,61.414101,23.604401
EFTU,Turku Airport,large_airport,FI,FI-19,Turku,60.514099,22.2628
EFVA,Vaasa Airport,large_airport,FI,FI-12,Vaasa,63.05023,21.762543
EFVR,Varkaus Airport,medium_airport,FI,FI-04,Varkaus / Joroinen,62.171101,27.868601
EHAL,Ameland Airport Ballum,small_airport,NL,NL-FR,Ballum,53.453612,5.678396
EHAM,Amsterdam Airport Schiphol,large_airport,NL,NL-NH,Amsterdam,52.308601,4.76389
EHBD,Kempen Airport Budel,medium_airport,NL,NL-NB,Weert,51.255299,5.60139
EHBK,Maastricht Aachen Airport,large_airport,NL,NL-LI,Maastricht,50.911087,5.769401
EHEH,Eindhoven Airport,large_airport,NL,NL-NB,Eindhoven,51.4500999451,5.37452983856
EHGG,Groningen Airport Eelde,large_airport,NL,NL-DR,Groningen,53.119107,6.577652
EHLE,Lelystad Airport,medium_airport,NL,NL-FL,Lelystad,52.453188,5.514622
EHRD,Rotterdam The Hague Airport,large_airport,NL,NL-ZH,Rotterdam,51.956902,4.43722
EHSE,Breda International Airport,small_airport,NL,NL-NB,Hoeven,51.554901,4.553003
EHTE,Teuge Airport,small_airport,NL,NL-GE,Deventer,52.242764,6.050004
EHTW,Twente Airport,medium_airport,NL,NL-OV,Enschede,52.275833,6.889167
EHTX,Texel International Airport,small_airport,NL,NL-NH,De Cocksdorp,53.114962,4.830552
EIAB,Abbeyshrule Aerodrome,small_airport,IE,IE-LD,Abbeyshrule,53.591373,-7.642947
EIBB,Ballyboughal Aerodrome,small_airport,IE,IE-D,Fingal,53.505556,-6.237778
EIBN,Bantry Aerodrome,small_airport,IE,IE-CO,Bantry,51.6772,-9.487123
EIBR,Birr Aerodrome,small_airport,IE,IE-OY,Birr,53.070599,-7.897468
EIBT,Belmullet Aerodrome,small_airport,IE,IE-MO,Belmullet,54.2228012085,-10.0307998657
EICA,Connemara Regional Airport,small_airport,IE,IE-G,Inverin,53.23030090332031,-9.467780113220217
EICK,Cork International Airport,large_airport,IE,IE-CO,Cork,51.841301,-8.49111
EICL,Clonbullogue Aerodrome,small_airport,IE,IE-OY,Clonbullogue,53.249657,-7.122746
EICN,Coonagh Aerodrome,small_airport,IE,IE-LK,Limerick,52.6665,-8.68183
EIDL,Donegal Airport,medium_airport,IE,IE-DL,Donegal,55.0442008972168,-8.340999603271484
EIDW,Dublin Airport,large_airport,IE,IE-D,Dublin,53.428713,-6.262121
EIIM,Inishmore Aerodrome,small_airport,IE,IE-G,Inis Mór,53.1067008972168,-9.653610229492188
EIIR,Inisheer Aerodrome,small_airport,IE,IE-G,Inis Oírr,53.064701,-9.5109
EIKK,Kilkenny Airport,small_airport,IE,IE-KK,Kilkenny,52.65079879760742,-7.296110153198242
EIKN,Ireland West Airport Knock,large_airport,IE,IE-MO,Charlestown,53.910439,-8.817002
EIKY,Kerry Airport,medium_airport,IE,IE-KY,Farranfore,52.180901,-9.52378
EIMN,Inishmaan Aerodrome,small_airport,IE,IE-G,Inis Meáin,53.092999,-9.56806
EINN,Shannon Airport,large_airport,IE,IE-CE,Shannon,52.702,-8.92482
EISG,Sligo Airport,medium_airport,IE,IE-SO,Sligo,54.280200958252,-8.5992097854614
EIWF,Waterford Airport,medium_airport,IE,IE-WD,Waterford,52.187199,-7.08696
EIWT,Weston Airport,medium_airport,IE,IE-D,Leixlip,53.351622,-6.490357
EKAH,Aarhus Airport,large_airport,DK,DK-82,Aarhus,56.303331,10.618286
EKAB,Arnborg Gliding Center,small_airport,DK,DK-82,Herning,56.011109,9.016041
EKBI,Billund Airport,large_airport,DK,DK-83,Billund,55.740335,9.157019
EKCH,Copenhagen Kastrup Airport,large_airport,DK,DK-84,Copenhagen,55.617900848389,12.656000137329
EKEB,Esbjerg Airport,medium_airport,DK,DK-83,Esbjerg,55.525902,8.5534
EKLS,Læsø Airport,small_airport,DK,DK-81,Læsø,57.277199,11.0001
EKMB,Lolland Falster Maribo Airport,medium_airport,DK,DK-85,Rødby,54.699447,11.438163
EKOD,Odense Hans Christian Andersen Airport,large_airport,DK,DK-83,Odense,55.475307,10.327206
EKRK,Copenhagen Roskilde Airport,medium_airport,DK,DK-85,Roskilde,55.585602,12.1314
EKRN,Bornholm Airport,medium_airport,DK,DK-84,Rønne,55.063301,14.7596
EKSB,Sønderborg Airport,medium_airport,DK,DK-83,Sønderborg,54.96440124511719,9.791729927062988
EKSN,Sindal Airport,medium_airport,DK,DK-81,Sindal,57.503502,10.2294
EKSV,Skive Airport,medium_airport,DK,DK-82,Skive,56.550201,9.17298
EKTS,Thisted Airport,medium_airport,DK,DK-81,Thisted,57.068802,8.70522
EKVJ,Stauning Vestjylland  Airport,medium_airport,DK,DK-82,Skjern,55.990101,8.35391
EKYT,Aalborg Airport,large_airport,DK,DK-81,Aalborg,57.094763,9.84993
ELLX,Luxembourg-Findel International Airport,large_airport,LU,LU-L,Luxembourg,49.626845,6.212134
EPBB,Babięta,small_airport,PL,PL-WN,Babięta,53.667905,21.255426
EPBC,Warsaw Babice Airport,small_airport,PL,PL-MZ,Warsaw,52.269199,20.907203
EPBY,Ignacy Jan Paderewski Bydgoszcz Airport,medium_airport,PL,PL-KP,Bydgoszcz,53.096802,17.977699
EPGD,Gdańsk Lech Wałęsa Airport,large_airport,PL,PL-PM,Gdańsk,54.377602,18.4662
EPKK,Kraków John Paul II International Airport,large_airport,PL,PL-MA,Balice,50.077702,19.7848
EPKT,Katowice Wojciech Korfanty International Airport,large_airport,PL,PL-SL,Katowice,50.476015,19.080705
EPLB,Lublin Airport,large_airport,PL,PL-LU,Lublin,51.240157,22.713461
EPLL,Łódź Władysław Reymont Airport,large_airport,PL,PL-LD,Łódź,51.721901,19.3981
EPMO,Warsaw Modlin Airport,large_airport,PL,PL-MZ,Nowy Dwór Mazowiecki,52.451099,20.6518
EPPO,Poznań-Ławica Airport,large_airport,PL,PL-WP,Poznań,52.421598,16.823359
EPRA,Warsaw Radom Airport,medium_airport,PL,PL-MZ,Radom,51.38937,21.214742
EPRU,Częstochowa-Rudniki Airport,small_airport,PL,PL-SL,Rudniki,50.884716,19.201842
EPRZ,Rzeszów-Jasionka Airport,large_airport,PL,PL-PK,Jasionka,50.109791,22.024155
EPSC,Solidarity Szczecin–Goleniów Airport,large_airport,PL,PL-ZP,Szczecin(Glewice),53.584702,14.9022
EPSY,Olsztyn-Mazury Airport,medium_airport,PL,PL-WN,Szymany,53.481899,20.9377
EPWA,Warsaw Chopin Airport,large_airport,PL,PL-MZ,Warsaw,52.165699,20.9671
EPWR,Copernicus Wrocław Airport,large_airport,PL,PL-DS,Wrocław,51.103719,16.882096
EPZG,Zielona Góra-Babimost Airport,medium_airport,PL,PL-LB,Nowe Kramsko,52.1385,15.7986
ESDF,Ronneby Airport,medium_airport,SE,SE-K,Ronneby,56.266701,15.265
ESGG,Göteborg Landvetter Airport,large_airport,SE,SE-Q,Göteborg,57.6628,12.2798
ESGJ,Jönköping Airport,medium_airport,SE,SE-F,Jönköping,57.757598876953125,14.068699836730955
ESGL,Lidköping-Hovby Airport,small_airport,SE,SE-Q,Lidköping,58.4655,13.1744
ESGP,Säve Airport,medium_airport,SE,SE-Q,Göteborg,57.7747,11.8704
ESGR,Skövde Airport,medium_airport,SE,SE-Q,Skövde,58.456402,13.9727
ESGT,Trollhättan-Vänersborg Airport,medium_airport,SE,SE-Q,Trollhättan,58.31809997558594,12.345000267028809
ESKK,Karlskoga Airport,medium_airport,SE,SE-T,Karlskoga,59.345901,14.4959
ESKM,Mora Airport,medium_airport,SE,SE-W,Mora,60.957901,14.5114
ESKN,Stockholm Skavsta Airport,large_airport,SE,SE-D,Nyköping,58.789656,16.911479
ESMK,Kristianstad Airport,medium_airport,SE,SE-M,Kristianstad,55.9217,14.0855
ESMO,Oskarshamn Airport,small_airport,SE,SE-H,Oskarshamn,57.350498,16.497999
ESMQ,Kalmar Airport,medium_airport,SE,SE-H,Kalmar,56.685501,16.2876
ESMS,Malmö Sturup Airport,large_airport,SE,SE-M,Malmö,55.535564,13.376327
ESMT,Halmstad Airport,medium_airport,SE,SE-N,Halmstad,56.69110107421875,12.820199966430664
ESMX,Växjö Kronoberg Airport,medium_airport,SE,SE-G,Växjö,56.929100036621094,14.727999687194824
ESND,Sveg Airport,small_airport,SE,SE-Z,Sveg,62.047798,14.4229
ESNG,Gällivare Airport,medium_airport,SE,SE-BD,Gällivare,67.13240051269531,20.814599990844727
ESNK,Kramfors-Sollefteå Höga Kusten Airport,medium_airport,SE,SE-Y,Nyland,63.048599,17.7689
ESNL,Lycksele Airport,medium_airport,SE,SE-AC,Lycksele,64.548302,18.7162
ESNN,Sundsvall-Härnösand Airport,medium_airport,SE,SE-Y,Sundsvall/ Härnösand,62.528099060058594,17.443899154663086
ESNO,Örnsköldsvik Airport,medium_airport,SE,SE-Y,Örnsköldsvik,63.40829849243164,18.989999771118164
ESNQ,Kiruna Airport,large_airport,SE,SE-BD,Kiruna,67.821999,20.3368
ESNS,Skellefteå Airport,medium_airport,SE,SE-AC,Skellefteå,64.62480163574219,21.076900482177734
ESNU,Umeå Airport,large_airport,SE,SE-AC,Umeå,63.791801,20.282801
ESNV,Vilhelmina South Lapland Airport,medium_airport,SE,SE-AC,Vilhelmina,64.579102,16.833599
ESNX,Arvidsjaur Airport,medium_airport,SE,SE-BD,Arvidsjaur,65.59030151367188,19.28190040588379
ESNY,Söderhamn Airport,medium_airport,SE,SE-X,Söderhamn,61.261501,17.0991
ESNZ,Åre Östersund Airport,large_airport,SE,SE-Z,Östersund,63.193546,14.504168
ESOE,Örebro Airport,medium_airport,SE,SE-T,Örebro,59.22370147705078,15.038000106811523
ESOH,Hagfors Airport,small_airport,SE,SE-S,Råda,60.0201,13.5789
ESOK,Karlstad Airport,medium_airport,SE,SE-S,Karlstad,59.444698,13.3374
ESOW,Stockholm Västerås Airport,large_airport,SE,SE-U,Stockholm / Västerås,59.589401,16.6336
ESPA,Luleå Airport,large_airport,SE,SE-BD,Luleå,65.5438,22.122
ESSA,Stockholm-Arlanda Airport,large_airport,SE,SE-AB,Stockholm,59.64849,17.928829
ESSB,Stockholm-Bromma Airport,medium_airport,SE,SE-AB,Stockholm,59.354401,17.9417
ESSD,Dala Airport,medium_airport,SE,SE-W,Borlange,60.422001,15.5152
ESSF,Hultsfred Airport,small_airport,SE,SE-H,Hultsfred,57.525799,15.8233
ESSK,Gävle Sandviken Airport,medium_airport,SE,SE-X,Gävle / Sandviken,60.5933,16.951401
ESSL,Linköping City Airport,large_airport,SE,SE-E,Linköping,58.404909,15.684499
ESSP,Norrköping Airport,medium_airport,SE,SE-E,Norrköping,58.586299896240234,16.250600814819336
ESST,Torsby Airport,medium_airport,SE,SE-S,Torsby,60.1576,12.9913
ESSU,Eskilstuna Airport,medium_airport,SE,SE-D,Eskilstuna,59.351101,16.708401
ESSV,Visby Airport,large_airport,SE,SE-I,Visby,57.6628,18.346201
ESSW,Västervik Airport,small_airport,SE,SE-H,Västervik,57.779999,16.5236
ESTA,Ängelholm-Helsingborg Airport,medium_airport,SE,SE-M,Ängelholm,56.29610061645508,12.847100257873535
ESUD,Storuman Airport,medium_airport,SE,SE-AC,Storuman,64.960899,17.6966
ESUE,Idre Airport,small_airport,SE,SE-W,Idre,61.869701,12.6894
ESUP,Pajala Airport,small_airport,SE,SE-BD,Pajala,67.244569,23.074894
ESUT,Hemavan Airport,small_airport,SE,SE-AC,Hemavan,65.806099,15.0828
ESVS,Siljansnäs Air Park,small_airport,SE,SE-W,Siljansnäs,60.785099,14.8272
ETIC,Grafenwöhr Army Air Field,medium_airport,DE,DE-BY,Grafenwöhr,49.6987,11.9402
ETMN,Sea-Airport Cuxhaven/Nordholz / Nordholz Naval Airbase,medium_airport,DE,DE-NI,Wurster Nordseeküste,53.767689,8.659201
ETNL,Rostock-Laage Airport,medium_airport,DE,DE-MV,Laage,53.918201,12.2783
ETSI,Ingolstadt Manching Airport,medium_airport,DE,DE-BY,Manching,48.7156982421875,11.534000396728516
EVLA,Liepāja International Airport,large_airport,LV,LV-112,Liepāja,56.517502,21.096901
EVRA,Riga International Airport,large_airport,LV,LV-062,Riga,56.920752,23.970711
EVRS,Spilve Aerodrome,small_airport,LV,LV-RIX,Riga,56.9911,24.075001
EVVA,Ventspils International Airport,small_airport,LV,LV-VEN,Ventspils,57.3578,21.544201
EYKA,Kaunas International Airport,large_airport,LT,LT-KU,Kaunas,54.963965,24.08582
EYPA,Palanga International Airport,large_airport,LT,LT-KL,Palanga,55.973202,21.093901
EYSA,Šiauliai International Airport,medium_airport,LT,LT-SA,Šiauliai,55.89390182495117,23.395000457763672
EYVI,Vilnius International Airport,large_airport,LT,LT-VL,Vilnius,54.634102,25.285801
LFTA,La Tranche-sur-Mer ULM,small_airport,FR,FR-PDL,La Tranche-sur-Mer,46.363534,-1.427364
GCFV,Fuerteventura Airport,large_airport,ES,ES-CN,El Matorral,28.4527,-13.8638
GCGM,La Gomera Airport,small_airport,ES,ES-CN,"Alajero, La Gomera Island",28.0296,-17.2146
GCHI,El Hierro Airport,medium_airport,ES,ES-CN,El Hierro Island,27.8148,-17.8871
GCLA,La Palma Airport,medium_airport,ES,ES-CN,"Sta Cruz de la Palma, La Palma Island",28.626499,-17.7556
GCLB,El Berriel Aeroc Airport,small_airport,ES,ES-CN,Gran Canaria Island,27.782499,-15.5072
GCLP,Gran Canaria Airport,large_airport,ES,ES-CN,Gran Canaria Island,27.9319,-15.3866
GCRR,César Manrique-Lanzarote Airport,large_airport,ES,ES-CN,San Bartolomé,28.945499,-13.6052
GCTS,Tenerife Sur Airport,large_airport,ES,ES-CN,Tenerife,28.0445,-16.5725
GCXO,Tenerife Norte-Ciudad de La Laguna Airport,large_airport,ES,ES-CN,Tenerife,28.482752,-16.341707
GEML,Melilla Airport,medium_airport,ES,ES-ML,Melilla,35.2798,-2.95626
LICN,Calatabiano (Aviosuperficie Angelo D'Arrigo),small_airport,IT,IT-82,Calatabiano (CT),37.799561,15.22775
LICK,Scalea Airport,small_airport,IT,IT-78,Scalea (CS),39.776188,15.811343
LBBG,Burgas Airport,large_airport,BG,BG-02,Burgas,42.569917,27.515173
LBBZ,Bazan Airstrip,small_airport,BG,BG-18,Bazan,43.728429,26.119696
LBGI,Gorski Izvor Airstrip,small_airport,BG,BG-26,Gorski Izvor,42.035833,25.408333
LBGO,Gorna Oryahovitsa Airport,medium_airport,BG,BG-04,Gorna Oryahovitsa,43.151402,25.7129
LBPD,Plovdiv International Airport,large_airport,BG,BG-16,Plovdiv,42.067799,24.8508
LBRS,Ruse Airport,small_airport,BG,BG-18,Shtraklevo,43.694801,26.0567
LBSF,Sofia Airport,large_airport,BG,BG-22,Sofia,42.696357,23.417671
LBSZ,Stara Zagora Airport,small_airport,BG,BG-24,Stara Zagora,42.376667,25.655
LBWN,Varna Airport,large_airport,BG,BG-03,Varna,43.232101,27.8251
LCEN,Ercan International Airport,large_airport,CY,CY-02,Tymbou (Kirklar),35.153064,33.507352
LCLK,Larnaca International Airport,large_airport,CY,CY-04,Larnaca,34.875099,33.624901
LCPH,Paphos International Airport,large_airport,CY,CY-06,Paphos,34.717999,32.485699
LCRA,RAF Akrotiri,medium_airport,CY,CY-XX,Akrotiri,34.590401,32.9879
LDDU,Dubrovnik Ruđer Bošković Airport,large_airport,HR,HR-19,Dubrovnik,42.562247,18.265543
LDLO,Lošinj Airport,small_airport,HR,HR-08,Mali Lošinj,44.566985,14.393883
LDOS,Osijek Airport,medium_airport,HR,HR-14,Osijek(Klisa),45.462355,18.811278
LDPL,Pula Airport,large_airport,HR,HR-18,Pula,44.893501,13.9222
LDRI,Rijeka Airport,large_airport,HR,HR-08,Rijeka(Omišalj),45.216376,14.57085
LDSB,Brač Airport,medium_airport,HR,HR-17,Gornji Humac,43.284454,16.678362
LDSP,Split Saint Jerome Airport,large_airport,HR,HR-17,Split,43.538898,16.298
LDZA,Zagreb Franjo Tuđman International Airport,large_airport,HR,HR-01,Velika Gorica,45.742901,16.0688
LDZB,Buševec Velika Glider Field,small_airport,HR,HR-01,Busevec,45.647499,16.124399
LDZD,Zadar Airport,large_airport,HR,HR-13,Zadar,44.096986,15.353565
LEAL,Alicante-Elche Miguel Hernández Airport,large_airport,ES,ES-VC,Alicante,38.2822,-0.558156
LEAM,Almería Airport,medium_airport,ES,ES-AN,Almería,36.843899,-2.3701
LEAS,Asturias Airport,large_airport,ES,ES-AS,Ranón,43.563599,-6.03462
LEBA,Córdoba Airport,medium_airport,ES,ES-AN,Córdoba,37.841999,-4.84888
LEBB,Bilbao Airport,large_airport,ES,ES-PV,Bilbao,43.301102,-2.91061
LEBG,Burgos Airport,medium_airport,ES,ES-CL,Burgos,42.357601,-3.62076
LEBL,Josep Tarradellas Barcelona-El Prat Airport,large_airport,ES,ES-CT,Barcelona,41.2971,2.07846
LEBZ,Badajoz Airport,medium_airport,ES,ES-EX,Badajoz,38.8913,-6.82133
LECH,Castellón-Costa Azahar Airport,medium_airport,ES,ES-VC,Castellón de la Plana,40.213889,0.073333
LECO,A Coruña Airport,medium_airport,ES,ES-GA,Culleredo,43.302101,-8.37726
LECU,Madrid-Cuatro Vientos Airport,medium_airport,ES,ES-MD,Madrid,40.370701,-3.78514
LEDA,Lleida-Alguaire Airport,medium_airport,ES,ES-CT,Lleida,41.728185,0.535023
LEGE,Girona-Costa Brava Airport,large_airport,ES,ES-CT,Girona,41.904639,2.761774
LEGR,F.G.L. Airport Granada-Jaén Airport,medium_airport,ES,ES-AN,Granada,37.188702,-3.77736
LEHC,Huesca-Pirineos Airport,small_airport,ES,ES-AR,Monflorite/Alcalá del Obispo,42.076099,-0.316667
LEIB,Ibiza Airport,large_airport,ES,ES-IB,Ibiza (Eivissa),38.872898,1.37312
LEJR,Jerez Airport,medium_airport,ES,ES-AN,Jerez de la Frontera,36.744598,-6.06011
LELC,San Javier Airport,medium_airport,ES,ES-MC,San Javier,37.775002,-0.812389
LELN,León Int'l Airport,large_airport,ES,ES-CL,La Virgen Del Camino,42.590709,-5.653406
LEMD,Adolfo Suárez Madrid–Barajas Airport,large_airport,ES,ES-MD,Madrid,40.493407,-3.572249
LEMG,Málaga-Costa del Sol Airport,large_airport,ES,ES-AN,Málaga,36.6749,-4.49911
LEMH,Menorca Airport,medium_airport,ES,ES-IB,Mahón (Maó),39.862598,4.21865
LEMI,Region of Murcia International Airport,large_airport,ES,ES-MC,Corvera,37.802852,-1.124884
LEPA,Palma de Mallorca Airport,large_airport,ES,ES-IB,Palma de Mallorca,39.551701,2.73881
LEPP,Pamplona Airport,medium_airport,ES,ES-NC,Pamplona,42.77,-1.64633
LERL,Ciudad Real International Airport,medium_airport,ES,ES-CM,Ciudad Real,38.856479,-3.969944
LERP,Aeródromo de Herrera de Pisuerga,small_airport,ES,ES-CL,Herrera de Pisuerga,42.5923,-4.2902
LERS,Reus Airport,large_airport,ES,ES-CT,Reus,41.147509,1.168354
LERT,Rota Naval Station Airport,medium_airport,ES,ES-AN,Rota,36.645198822,-6.34946012497
LESA,Salamanca Airport,medium_airport,ES,ES-CL,Salamanca,40.952099,-5.50199
LESO,San Sebastián Airport,medium_airport,ES,ES-PV,Hondarribia,43.356499,-1.79061
LEST,Santiago-Rosalía de Castro Airport,large_airport,ES,ES-GA,Santiago de Compostela,42.896301,-8.41514
LESU,Pirineus - la Seu d'Urgel Airport,medium_airport,ES,ES-CT,La Seu d'Urgell Pyrenees and Andorra,42.3386,1.40917
LETL,Teruel Airport,medium_airport,ES,ES-AR,Teruel,40.410269,-1.217366
LEVC,Valencia Airport,large_airport,ES,ES-VC,Valencia,39.489162,-0.480961
LEVD,Valladolid Airport,medium_airport,ES,ES-CL,Valladolid,41.7061,-4.85194
LEVT,Vitoria Airport,medium_airport,ES,ES-PV,Alava,42.882801,-2.72447
LEVX,Vigo Airport,medium_airport,ES,ES-GA,Vigo,42.2318,-8.62677
LEXJ,Seve Ballesteros-Santander Airport,medium_airport,ES,ES-CB,Santander,43.427101,-3.82001
LEZG,Zaragoza Airport,large_airport,ES,ES-AR,Zaragoza,41.666199,-1.04155
LEZL,Seville Airport,large_airport,ES,ES-AN,Seville,37.417999,-5.89311
LFAB,Dieppe-Saint-Aubin Airport,small_airport,FR,FR-NOR,Saint-Aubin-sur-Scie,49.884662,1.08101
LFAC,Calais Marck Airport,medium_airport,FR,FR-HDF,Calais,50.962101,1.95476
LFAI,Nangis-Les Loges Aerodrome,small_airport,FR,FR-IDF,Clos-Fontaine,48.596199,3.00679
LFAQ,Albert Bray airport,small_airport,FR,FR-HDF,Albert,49.970049,2.693939
LFAT,Le Touquet-Côte d'Opale Airport,medium_airport,FR,FR-HDF,Paris,50.518284,1.621656
LFAU,Aérodrome de Vauville,small_airport,FR,FR-NOR,La Hague,49.622775,-1.830688
LFAW,Villerupt Aerodrome,small_airport,FR,FR-GES,"Errouville, Meurthe-et-Moselle",49.410424,5.889301
LFBA,Agen La Garenne airport,medium_airport,FR,FR-NAQ,Agen,44.174171,0.59309
LFBD,Bordeaux–Mérignac Airport,large_airport,FR,FR-NAQ,Bordeaux,44.82865,-0.715356
LFBE,Bergerac Dordogne-Périgord airport,medium_airport,FR,FR-NAQ,Bergerac,44.825298,0.518611
LFBH,La Rochelle Île de Ré Airport,medium_airport,FR,FR-NAQ,La Rochelle,46.179199,-1.19528
LFBI,Poitiers-Biard Airport,medium_airport,FR,FR-NAQ,Poitiers/Biard,46.5877,0.306666
LFBK,Montluçon-Guéret Airport,medium_airport,FR,FR-NAQ,"Lépaud, Creuse",46.222599,2.36396
LFBL,Limoges Airport,medium_airport,FR,FR-NAQ,Limoges/Bellegarde,45.862801,1.17944
LFBN,Niort - Marais Poitevin Airport,medium_airport,FR,FR-NAQ,Niort/Souché,46.313477,-0.394529
LFBO,Toulouse-Blagnac Airport,large_airport,FR,FR-OCC,Toulouse/Blagnac,43.629101,1.36382
LFBP,Pau Pyrénées Airport,medium_airport,FR,FR-NAQ,Pau/Pyrénées (Uzein),43.380001,-0.418611
LFBT,Tarbes-Lourdes-Pyrénées Airport,medium_airport,FR,FR-OCC,Tarbes/Lourdes/Pyrénées,43.178699,-0.006439
LFBU,Angoulême Brie-Champniers airport,medium_airport,FR,FR-NAQ,Angoulême,45.729198,0.221456
LFBX,Périgueux-Bassillac Airport,medium_airport,FR,FR-NAQ,Périgueux/Bassillac,45.198101,0.815556
LFBZ,Biarritz Pays Basque airport,medium_airport,FR,FR-NAQ,Biarritz,43.468372,-1.523223
LFCC,Cahors Lalbenque airport,medium_airport,FR,FR-OCC,Cahors,44.351398,1.47528
LFCI,Albi Le Sequestre airport,medium_airport,FR,FR-OCC,Albi,43.913898,2.11306
LFCK,Castres Mazamet Airport,medium_airport,FR,FR-OCC,Castres,43.556301,2.28918
LFCQ,Aérodrome de Graulhet-Montdragon,small_airport,FR,FR-OCC,Graulhet/Montdragon,43.771099,2.01083
LFCR,Rodez–Aveyron Airport,medium_airport,FR,FR-OCC,Rodez/Marcillac,44.407902,2.48267
LFCY,Royan-Médis Airport,medium_airport,FR,FR-NAQ,Royan/Médis,45.628101,-0.9725
LFDB,Aérodrome Morin - Védrines,small_airport,FR,FR-OCC,Montauban,44.0257,1.37804
LFDG,Aérodrome de Gaillac - Lisle-sur-Tarn,small_airport,FR,FR-OCC,Gaillac,43.8839,1.87556
LFDN,Rochefort-Saint-Agnant (BA 721) Airport,medium_airport,FR,FR-NAQ,Rochefort/Saint-Agnant,45.887798,-0.983056
LFEA,Aérodrome de Belle Île,small_airport,FR,FR-BRE,Bangor,47.325256,-3.201255
LFEC,Ouessant Airport,small_airport,FR,FR-BRE,Ushant,48.4632,-5.06358
LFEY,Île d'Yeu Airport,small_airport,FR,FR-PDL,Île d'Yeu,46.717641,-2.392544
LFGA,Colmar Houssen airport,medium_airport,FR,FR-GES,Colmar,48.109901,7.35901
LFGJ,Dole Tavaux Airport,medium_airport,FR,FR-BFC,Dole,47.038955,5.427589
LFHM,Megève Altiport,small_airport,FR,FR-ARA,Megève,45.823005,6.649406
LFHO,Aubenas-South Ardèche Airport,medium_airport,FR,FR-ARA,"Lanas, Ardèche",44.544367,4.372194
LFHU,L'Alpe d'Huez - Henri Giraud Altiport,small_airport,FR,FR-ARA,"Huez, Isère",45.087399,6.083604
LFJL,Metz-Nancy-Lorraine Airport,medium_airport,FR,FR-GES,Goin,48.982101,6.25132
LFJR,Angers Marcé airport,medium_airport,FR,FR-PDL,Angers,47.560299,-0.312222
LFKB,Bastia-Poretta International airport,large_airport,FR,FR-COR,Bastia,42.5527,9.48373
LFKC,Calvi Sainte Catherine Airport,medium_airport,FR,FR-COR,Calvi,42.530422,8.792984
LFKF,Figari Sud-Corse Airport,large_airport,FR,FR-COR,Figari,41.50185,9.097092
LFKG,Aérodrome de Ghisonaccia - Alzitone,small_airport,FR,FR-COR,GHISONACCIA,42.053387,9.400241
LFKJ,Ajaccio Napoléon Bonaparte airport,medium_airport,FR,FR-COR,Ajaccio,41.923599,8.80292
LFKO,Propriano Airport,small_airport,FR,FR-COR,Propriano,41.660599,8.88975
LFKX,Méribel Altiport,small_airport,FR,FR-ARA,Les Allues,45.407505,6.577597
LFLA,Auxerre Branches airport,medium_airport,FR,FR-BFC,Auxerre,47.850201,3.49711
LFLB,Chambéry Aix les Bains airport,medium_airport,FR,FR-ARA,Chambéry,45.6381,5.88023
LFLC,Clermont-Ferrand Auvergne airport,large_airport,FR,FR-ARA,Clermont-Ferrand,45.786701,3.16917
LFLD,Bourges airport,medium_airport,FR,FR-CVL,Bourges,47.060158,2.369633
LFLJ,Courchevel Altiport,small_airport,FR,FR-ARA,Saint-Bon,45.397531,6.63498
LFLL,Lyon Saint-Exupéry Airport,large_airport,FR,FR-ARA,"Colombier-Saugnieu, Rhône",45.725996,5.090139
LFLN,Saint-Yan Airport,medium_airport,FR,FR-BFC,"L'Hôpital-le-Mercier, Saône-et-Loire",46.414019,4.014177
LFLO,Roanne-Renaison Airport,medium_airport,FR,FR-ARA,Saint-Léger-sur-Roanne,46.053818,3.999023
LFLP,Annecy Meythet airport,medium_airport,FR,FR-ARA,Annecy,45.928947,6.0987
LFLS,Grenoble Alpes Isère Airport,medium_airport,FR,FR-ARA,Grenoble,45.3629,5.32937
LFLU,Valence-Chabeuil Airport,medium_airport,FR,FR-ARA,"Chabeuil, Drôme",44.9216,4.9699
LFLV,Vichy-Charmeil Airport,medium_airport,FR,FR-ARA,"Charmeil, Allier",46.16969,3.403637
LFLW,Aurillac airport,medium_airport,FR,FR-ARA,Aurillac,44.891399,2.42194
LFLX,Châteauroux Déols airport,medium_airport,FR,FR-CVL,Châteauroux,46.860221,1.728326
LFLY,Lyon Bron Airport,medium_airport,FR,FR-ARA,"Chassieu, Lyon",45.727947,4.943991
LFMA,Aix Les Milles airport,small_airport,FR,FR-PAC,Aix en Provence,43.506294,5.366426
LFMD,Cannes Mandelieu Airport,medium_airport,FR,FR-PAC,Cannes,43.547998,6.955176
LFMH,Saint-Étienne-Bouthéon Airport,medium_airport,FR,FR-ARA,"Andrézieux-Bouthéon, Loire",45.5406,4.29639
LFMK,Carcassonne Salvaza Airport,medium_airport,FR,FR-OCC,Carcassonne,43.216,2.30632
LFML,Marseille Provence Airport,large_airport,FR,FR-PAC,"Marignane, Bouches-du-Rhône",43.438088,5.2125
LFMN,Nice-Côte d'Azur Airport,large_airport,FR,FR-PAC,"Nice, Alpes-Maritimes",43.658401,7.21587
LFMP,Perpignan-Rivesaltes (Llabanère) Airport,medium_airport,FR,FR-OCC,Perpignan/Rivesaltes,42.740398,2.87067
LFMQ,Le Castellet Airport,medium_airport,FR,FR-PAC,"Le Castellet, Var",43.252499,5.78519
LFMT,Montpellier-Méditerranée Airport,medium_airport,FR,FR-OCC,Montpellier/Méditerranée,43.576199,3.96301
LFMU,Béziers Vias airport,medium_airport,FR,FR-OCC,Béziers,43.323502,3.3539
LFMV,Avignon Caumont airport,medium_airport,FR,FR-PAC,Avignon,43.907299,4.90183
LFOB,Beauvais-Tillé airport,large_airport,FR,FR-HDF,Beauvais,49.454399,2.11278
LFOH,Le Havre-Octeville Airport,medium_airport,FR,FR-NOR,Le Havre,49.534038,0.088406
LFOK,Chalons Vatry airport,medium_airport,FR,FR-GES,Chalons en Champagne,48.77333,4.20611
LFOO,Les Sables-d'Olonne Talmont Airport,small_airport,FR,FR-PDL,Les Sables-d'Olonne,46.476898,-1.72278
LFOP,Rouen Vallée de Seine Airport,medium_airport,FR,FR-NOR,Boos,49.384887,1.179142
LFOT,Tours Val de Loire Airport,medium_airport,FR,FR-CVL,"Tours, Indre-et-Loire",47.432201,0.727606
LFOV,Laval-Entrammes Airport,medium_airport,FR,FR-PDL,"Laval, Mayenne",48.032208,-0.743999
LFOZ,Orléans–Saint-Denis-de-l'Hôtel Airport,small_airport,FR,FR-CVL,"Saint-Denis-de-l'Hôtel, Loiret",47.897758,2.164478
LFPB,Paris-Le Bourget International Airport,large_airport,FR,FR-IDF,Paris,48.962276,2.436539
LFPG,Charles de Gaulle International Airport,large_airport,FR,FR-IDF,Paris,49.00896,2.554117
LFPK,Coulommiers-Voisins Aerodrome,small_airport,FR,FR-IDF,"Pommeuse, Seine-et-Marne",48.839602,3.008653
LFPN,Toussus-le-Noble Airport,medium_airport,FR,FR-IDF,"Toussus-le-Noble, Yvelines",48.7519,2.10619
LFPO,Paris-Orly Airport,large_airport,FR,FR-IDF,Paris,48.72333,2.37944
LFPT,Pontoise-Cormeilles Aerodrome,medium_airport,FR,FR-IDF,"Cormeilles-en-Vexin, Val-d'Oise",49.096064,2.035543
LFQG,Nevers-Fourchambault Airport,medium_airport,FR,FR-BFC,"Marzy, Nièvre",47.002913,3.113114
LFQQ,Lille Airport,large_airport,FR,FR-HDF,Lesquin,50.566564,3.102429
LFQT,Merville-Calonne Airport,medium_airport,FR,FR-HDF,"Merville, Nord",50.618401,2.64224
LFRB,Brest Bretagne airport,large_airport,FR,FR-BRE,Brest,48.447899,-4.41854
LFRC,Cherbourg Manche airport,medium_airport,FR,FR-NOR,Cherbourg,49.650101,-1.47028
LFRD,Dinard Pleurtuit Saint-Malo airport,medium_airport,FR,FR-BRE,Dinard,48.5877,-2.07996
LFRE,La Baule-Escoublac Airport,medium_airport,FR,FR-PDL,La Baule-Escoublac,47.289398,-2.34639
LFRF,Granville Airport,medium_airport,FR,FR-NOR,"Bréville-sur-Mer, Manche",48.883099,-1.56417
LFRG,Deauville Normandie airport,medium_airport,FR,FR-NOR,Deauville,49.365237,0.154481
LFRH,Lorient South Brittany (Bretagne Sud) Airport,medium_airport,FR,FR-BRE,Lorient/Lann/Bihoué,47.760601,-3.44
LFRI,La Roche-sur-Yon Les Ajoncs Airport,medium_airport,FR,FR-PDL,La Roche-sur-Yon,46.7019,-1.37863
LFRK,Caen Carpiquet airport,medium_airport,FR,FR-NOR,Caen,49.17678,-0.454883
LFRM,Le Mans-Arnage Airport,medium_airport,FR,FR-PDL,"Le Mans, Sarthe",47.948604,0.201702
LFRN,Rennes-Saint-Jacques Airport,medium_airport,FR,FR-BRE,"Saint-Jacques-de-la-Lande, Ille-et-Vilaine",48.0695,-1.73479
LFRO,Lannion Airport,medium_airport,FR,FR-BRE,Lannion,48.754398,-3.47166
LFRQ,Quimper-Cornouaille Airport,medium_airport,FR,FR-BRE,Quimper/Pluguffan,47.973031,-4.169655
LFRS,Nantes Atlantique Airport,medium_airport,FR,FR-PDL,Nantes,47.153198,-1.61073
LFRT,Saint-Brieuc-Armor Airport,medium_airport,FR,FR-BRE,"Trémuson, Côtes-d'Armor",48.538628,-2.853518
LFRU,Morlaix-Ploujean Airport,medium_airport,FR,FR-BRE,Morlaix/Ploujean,48.6031990051,-3.81577992439
LFRV,Vannes-Meucon Airport,medium_airport,FR,FR-BRE,Vannes/Meucon,47.723301,-2.71856
LFRZ,Saint-Nazaire-Montoir Airport,medium_airport,FR,FR-PDL,Saint-Nazaire/Montoir,47.31142,-2.152634
LFSB,EuroAirport Basel–Mulhouse–Freiburg,large_airport,FR,FR-GES,Bâle / Mulhouse,47.60068,7.521117
LFSD,Dijon Longvic airport,medium_airport,FR,FR-BFC,Dijon,47.268902,5.09
LFSG,Épinal Mirecourt Airport,medium_airport,FR,FR-GES,Épinal,48.325001,6.06998
LFSL,Brive Souillac airport,medium_airport,FR,FR-NAQ,Brive,45.039722,1.485556
LFSN,Nancy-Essey Airport,medium_airport,FR,FR-GES,"Tomblaine, Meurthe-et-Moselle",48.692101,6.23046
LFST,Strasbourg Airport,large_airport,FR,FR-GES,Strasbourg,48.5383,7.62823
LFTH,Toulon-Hyères Airport,medium_airport,FR,FR-PAC,"Hyères, Var",43.097301,6.14603
LFTW,Nîmes-Arles-Camargue Airport,medium_airport,FR,FR-OCC,Nîmes/Garons,43.757401,4.41635
LFTZ,La Môle Airport,small_airport,FR,FR-PAC,Saint-Tropez,43.205399,6.482
LGAL,Alexandroupoli Democritus Airport,medium_airport,GR,GR-A,Alexandroupolis,40.8559,25.956301
LGAV,Athens Eleftherios Venizelos International Airport,large_airport,GR,GR-I,Spata-Artemida,37.936401,23.9445
LGBL,Nea Anchialos National Airport,medium_airport,GR,GR-E,Nea Anchialos,39.219601,22.7943
LGHI,Chios Island National Airport,medium_airport,GR,GR-K,Chios Island,38.34320068359375,26.140600204467773
LGIK,Ikaria Airport,small_airport,GR,GR-K,Ikaria Island,37.6827011108,26.3470993042
LGIO,Ioannina King Pyrrhus National Airport,medium_airport,GR,GR-D,Ioannina,39.6964,20.8225
LGIR,Heraklion International Nikos Kazantzakis Airport,large_airport,GR,GR-M,Heraklion,35.339699,25.1803
LGKA,Kastoria National Airport Aristotle,small_airport,GR,GR-C,Argos Orestiko,40.446301,21.2822
LGKC,Kithira Airport,small_airport,GR,GR-I,Kithira Island,36.273978,23.016719
LGKF,Kefallinia Airport,medium_airport,GR,GR-F,Kefallinia Island,38.12009811401367,20.500499725341797
LGKJ,Kastelorizo Airport,small_airport,GR,GR-L,Kastelorizo Island,36.141701,29.576401
LGKL,Kalamata Airport,medium_airport,GR,GR-J,Kalamata,37.06829833984375,22.02549934387207
LGKO,"Kos International Airport ""Ippokratis""",large_airport,GR,GR-L,Kos Island,36.794523,27.09115
LGKP,Karpathos Airport,medium_airport,GR,GR-L,Karpathos Island,35.421398,27.146
LGKR,Corfu Ioannis Kapodistrias International Airport,large_airport,GR,GR-F,Kerkyra (Corfu),39.60145,19.912179
LGKS,Kasos Airport,small_airport,GR,GR-L,Kasos Island,35.4213981628,26.9099998474
LGKV,Kavala Alexander the Great International Airport,large_airport,GR,GR-A,Kavala,40.9133,24.6192
LGKY,Kalymnos Airport,small_airport,GR,GR-L,Kalymnos Island,36.9632987976,26.9405994415
LGKZ,Kozani National Airport Filippos,medium_airport,GR,GR-C,Kozani,40.286098,21.840799
LGLE,Leros Airport,small_airport,GR,GR-L,Leros Island,37.184898,26.800301
LGLM,Limnos Airport,small_airport,GR,GR-K,Limnos Island,39.917098999,25.236299514799995
LGMK,Mykonos Island National Airport,medium_airport,GR,GR-L,Mykonos,37.435101,25.348101
LGML,Milos Airport,small_airport,GR,GR-L,Milos Island,36.696899,24.4769
LGMT,Mytilene International Airport,medium_airport,GR,GR-K,Mytilene,39.057406,26.598629
LGNX,Naxos Island National Airport,small_airport,GR,GR-L,Naxos,37.0811,25.368099
LGPA,Paros National Airport,small_airport,GR,GR-L,Paros,37.020495,25.113195
LGPL,Astypalaia Airport,small_airport,GR,GR-L,Astypalaia Island,36.5798988342,26.3757991791
LGPZ,Aktion National Airport,medium_airport,GR,GR-D,Preveza,38.925499,20.765301
LGRP,"Rhodes International Airport ""Diagoras""",large_airport,GR,GR-L,Rhodes,36.405399,28.086201
LGRX,Patras Araxos Agamemnon Airport,medium_airport,GR,GR-G,Patras,38.1511,21.4256
LGSA,Chania International Airport,large_airport,GR,GR-M,Souda,35.531207,24.150673
LGSK,Skiathos Island National Airport,medium_airport,GR,GR-E,Skiathos,39.177101,23.5037
LGSM,Samos Airport,medium_airport,GR,GR-K,Samos Island,37.689999,26.911699
LGSO,Syros Airport,small_airport,GR,GR-L,Syros Island,37.4227981567,24.9508991241
LGSR,Santorini International Airport,large_airport,GR,GR-L,Santorini Island,36.400045,25.478638
LGST,Sitia Airport,medium_airport,GR,GR-M,Crete Island,35.21609878540039,26.101299285888672
LGSY,Skiros Airport,small_airport,GR,GR-H,Skiros Island,38.9676017761,24.4871997833
LGTS,Thessaloniki Macedonia International Airport,large_airport,GR,GR-B,Thessaloniki,40.51928,22.970009
LGZA,Zakynthos International Airport Dionysios Solomos,medium_airport,GR,GR-F,Zakynthos,37.7509,20.8843
LHBP,Budapest Liszt Ferenc International Airport,large_airport,HU,HU-BU,Budapest,47.43018,19.262393
LHDC,Debrecen International Airport,large_airport,HU,HU-HB,Debrecen,47.489469,21.616278
LHHH,Hármashatárhegy Glider Field,small_airport,HU,HU-BU,Budapest,47.551503,18.976386
LHPP,Pécs-Pogány International Airport,large_airport,HU,HU-BA,Pécs,45.988891,18.242044
LHPR,Győr-Pér Airport,medium_airport,HU,HU-GS,Győr,47.628436,17.804718
LHSM,Hévíz–Balaton Airport,medium_airport,HU,HU-ZA,Sármellék,46.686391,17.159084
LIAA,"Aviosuperficie ""Alvaro Leonardi""",small_airport,IT,IT-55,Terni,42.573333,12.584444
LIAP,L'Aquila–Preturo Airport,small_airport,IT,IT-65,L'Aquila,42.379902,13.3092
LIAU,Capua Airport,small_airport,IT,IT-72,Capua,41.116001,14.178
LIBC,Crotone Sant'Anna Pythagoras Airport,medium_airport,IT,IT-78,Isola di Capo Rizzuto (KR),38.9972,17.0802
LIBD,Bari Karol Wojtyła International Airport,large_airport,IT,IT-75,Bari,41.138901,16.760599
LIBF,Foggia Gino Lisa Airport,medium_airport,IT,IT-75,Foggia (FG),41.433596,15.534566
LIBG,Taranto-Grottaglie Marcello Arlotta Airport,medium_airport,IT,IT-75,Grottaglie,40.517502,17.4032
LIBP,Abruzzo Airport,large_airport,IT,IT-65,Pescara,42.431079,14.182981
LIBR,Brindisi Airport,large_airport,IT,IT-75,Brindisi,40.6576,17.947001
LICA,Lamezia Terme Sant'Eufemia International Airport,large_airport,IT,IT-78,Lamezia Terme (CZ),38.906214,16.246007
LICB,Comiso Airport,medium_airport,IT,IT-82,Comiso,36.99583,14.60889
LICC,Catania-Fontanarossa Airport,large_airport,IT,IT-82,Catania,37.466801,15.0664
LICD,Lampedusa Airport,medium_airport,IT,IT-82,Lampedusa,35.497898,12.6181
LICG,Pantelleria Airport,medium_airport,IT,IT-82,Pantelleria (TP),36.816502,11.9689
LICJ,Falcone–Borsellino Airport,large_airport,IT,IT-82,Palermo,38.175999,13.091
LICP,Palermo-Boccadifalco Airport,medium_airport,IT,IT-82,Palermo,38.115919,13.31337
LICR,Reggio Calabria Airport,medium_airport,IT,IT-78,Reggio Calabria,38.071201,15.6516
LICT,Vincenzo Florio Airport Trapani-Birgi,medium_airport,IT,IT-82,Trapani (TP),37.9114,12.488
LIDB,Belluno Arturo dell'Oro Airport,small_airport,IT,IT-34,Belluno (BL),46.166549,12.250389
LIDC,Cà Negra Private Airstrip,small_airport,IT,IT-34,Loreo (RO),45.08608,12.161455
LIDE,Reggio Emilia Airport,small_airport,IT,IT-45,Reggio Emilia (RE),44.698039,10.664885
LIDR,Ravenna Airport,small_airport,IT,IT-45,Ravenna (RA),44.364291,12.224996
LIDT,Trento-Mattarello Airport,medium_airport,IT,IT-32,Trento (TN),46.023333,11.125
LIEA,Alghero-Fertilia Airport,medium_airport,IT,IT-88,Alghero,40.632099,8.29077
LIEE,Cagliari Elmas Airport,large_airport,IT,IT-88,Cagliari,39.251499,9.05428
LIEO,Olbia Costa Smeralda Airport,large_airport,IT,IT-88,Olbia (SS),40.898953,9.518457
LIER,Oristano-Fenosu Airport,small_airport,IT,IT-88,Oristano,39.895308,8.642661
LIET,Tortolì Airport,medium_airport,IT,IT-88,Arbatax,39.9188,9.68298
LILI,Vercelli Airport,small_airport,IT,IT-21,Vercelli (VC),45.311111,8.4175
LILN,Varese-Venegono Airport,medium_airport,IT,IT-25,Venegono Superiore (VA),45.742199,8.888233
LIMA,Torino-Aeritalia Airport,medium_airport,IT,IT-21,Torino (TO),45.084444,7.603056
LIMC,Milan Malpensa International Airport,large_airport,IT,IT-25,Ferno (VA),45.6306,8.72811
LIME,Il Caravaggio International Airport,large_airport,IT,IT-25,Orio al Serio (BG),45.669362,9.708851
LIMF,Turin Airport,large_airport,IT,IT-21,Caselle Torinese (TO),45.200802,7.64963
LIMG,Riviera Villanova d'Albenga International Airport,medium_airport,IT,IT-42,Villanova d'Albenga (SV),44.050598,8.12743
LIMJ,Genoa Cristoforo Colombo Airport,large_airport,IT,IT-42,Genova (GE),44.412039,8.840732
LIML,Milano Linate Airport,large_airport,IT,IT-25,Segrate (MI),45.445099,9.27674
LIMP,Parma Airport,medium_airport,IT,IT-45,Parma (PR),44.826351,10.29705
LIMW,Aosta Corrado Gex Airport,medium_airport,IT,IT-23,Saint-Christophe (AO),45.738552,7.3683
LIMZ,Cuneo International Airport,medium_airport,IT,IT-21,Levaldigi (CN),44.547458,7.623045
LIPB,Bolzano Airport,medium_airport,IT,IT-32,Bolzano (BZ),46.459245,11.326125
LIPE,Bologna Guglielmo Marconi Airport,large_airport,IT,IT-45,Bologna,44.5354,11.2887
LIPH,Treviso Airport,large_airport,IT,IT-34,Treviso (TV),45.648399,12.1944
LIPK,Forlì-Luigi Ridolfi International Airport,medium_airport,IT,IT-45,Forlì (FC),44.194801,12.0701
LIPO,Brescia Gabriele d'Annunzio Airport,medium_airport,IT,IT-25,Montichiari (BS),45.428902,10.3306
LIPQ,Trieste Airport,large_airport,IT,IT-36,Ronchi dei Legionari/Trieste,45.827499,13.4722
LIPR,Federico Fellini International Airport,large_airport,IT,IT-45,Rimini (RN),44.020024,12.612198
LIPX,Verona Villafranca Valerio Catullo Airport,large_airport,IT,IT-34,Caselle (VR),45.394955,10.887303
LIPY,Marche Airport,medium_airport,IT,IT-57,Falconara Marittima (AN),43.616299,13.3623
LIPZ,Venice Marco Polo Airport,large_airport,IT,IT-34,Venezia (VE),45.505299,12.3519
LIQL,Lucca-Tassignano Airport,small_airport,IT,IT-52,Capannori (LU),43.825825,10.577928
LIQS,Siena-Ampugnano Airport,medium_airport,IT,IT-52,Ampugnano (SI),43.256302,11.255
LIRA,Ciampino–G. B. Pastine International Airport,large_airport,IT,IT-62,Rome,41.798769,12.595331
LIRF,Rome–Fiumicino Leonardo da Vinci International Airport,large_airport,IT,IT-62,Rome,41.804532,12.251998
LIRI,Salerno Costa d'Amalfi Airport,medium_airport,IT,IT-72,Salerno,40.620399,14.9113
LIRJ,Marina di Campo Airport,medium_airport,IT,IT-52,Campo nell'Elba (LI),42.760871,10.239811
LIRN,Naples International Airport,large_airport,IT,IT-72,Napoli,40.886002,14.2908
LIRP,Pisa International Airport,large_airport,IT,IT-52,Pisa (PI),43.683899,10.3927
LIRQ,"Florence Airport, Peretola",large_airport,IT,IT-52,Firenze (FI),43.808558,11.202822
LIRZ,Perugia San Francesco d'Assisi – Umbria International Airport,large_airport,IT,IT-55,Perugia (PG),43.095901,12.5132
LJLJ,Ljubljana Jože Pučnik Airport,large_airport,SI,SI-012,Zgornji Brnik,46.223701,14.4576
LJMB,Maribor Edvard Rusjan Airport,medium_airport,SI,SI-160,Maribor,46.4799,15.6861
LJPZ,Portorož Airport,medium_airport,SI,SI-090,Sečovlje,45.47201,13.615951
LKCS,České Budějovice South Bohemian Airport,large_airport,CZ,CZ-JC,České Budějovice,48.948171,14.42832
LKHK,Hradec Králové Airport,small_airport,CZ,CZ-KR,Hradec Králové,50.253201,15.8452
LKKU,Kunovice Airport,medium_airport,CZ,CZ-ZL,Uherské Hradiště,49.0294,17.439699
LKKV,Karlovy Vary Airport,large_airport,CZ,CZ-KA,Karlovy Vary,50.202999,12.915
LKLN,Plzeň-Líně Airport,medium_airport,CZ,CZ-PL,Plzen,49.675201,13.2746
LKMH,Mnichovo Hradiště Airport,small_airport,CZ,CZ-ST,Mnichovo Hradiště,50.540199,15.0066
LKMT,Leoš Janáček Airport Ostrava,large_airport,CZ,CZ-MO,Mošnov,49.696301,18.111099
LKOL,Olomouc Airport,small_airport,CZ,CZ-OL,Olomouc,49.587712,17.209275
LKPD,Pardubice Airport,large_airport,CZ,CZ-PA,Pardubice,50.015049,15.73981
LKPR,Václav Havel Airport Prague,large_airport,CZ,CZ-PR,Prague,50.100874,14.259911
LKTB,Brno-Tuřany Airport,medium_airport,CZ,CZ-JM,Brno,49.151276,16.693972
LKVO,Vodochody Airport,medium_airport,CZ,CZ-ST,Vodochody,50.216599,14.3958
LKVY,Letiště Vyškov,small_airport,CZ,CZ-JM,Vyskov,49.300301,17.025299
LMML,Malta International Airport,large_airport,MT,MT-25,Valletta,35.845932,14.491546
LOAN,Wiener Neustadt East Airport,medium_airport,AT,AT-3,Wiener Neustadt,47.8433,16.260099
LOLO,Linz-East Glider Field,small_airport,AT,AT-4,Linz,48.300044,14.333606
LOLT,Flugplatz Seitenstetten,small_airport,AT,AT-3,Seitenstetten,48.050556,14.661944
LOWG,Graz Airport,large_airport,AT,AT-6,Feldkirchen bei Graz,46.9911,15.4396
LOWI,Innsbruck Airport,large_airport,AT,AT-7,Innsbruck,47.260201,11.344
LOWK,Klagenfurt Airport,large_airport,AT,AT-2,Klagenfurt am Wörthersee,46.642502,14.3377
LOWL,Linz-Hörsching Airport,large_airport,AT,AT-4,Linz,48.235362,14.188128
LOWS,Salzburg Airport,large_airport,AT,AT-5,Salzburg,47.793301,13.0043
LOWW,Vienna International Airport,large_airport,AT,AT-9,Vienna,48.110298,16.5697
LOXN,Wiener Neustadt West Airport,medium_airport,AT,AT-3,Wiener Neustadt,47.836933,16.221838
LPAZ,Santa Maria Airport,medium_airport,PT,PT-20,Vila do Porto,36.97140121459961,-25.17060089111328
LPBG,Bragança Airport,medium_airport,PT,PT-04,Bragança,41.8578,-6.70713
LPBJ,Beja Airport / Airbase,medium_airport,PT,PT-02,Beja,38.078899,-7.9324
LPBR,Braga Municipal Aerodrome,medium_airport,PT,PT-03,Braga,41.587,-8.445189
LPCB,Aerodromo de Castelo Branco,medium_airport,PT,PT-05,Castelo Branco,39.844528,-7.439875
LPCH,Aerodromo de Chaves,small_airport,PT,PT-17,Chaves,41.722356,-7.463064
LPCO,Aerodromo Municipal de Coimbra,medium_airport,PT,PT-06,Coimbra,40.158758,-8.470815
LPCR,Corvo Airport,small_airport,PT,PT-20,Corvo,39.671501,-31.1136
LPCS,Cascais Airport,medium_airport,PT,PT-11,Cascais,38.724998,-9.35523
LPFL,Flores Airport,medium_airport,PT,PT-20,Santa Cruz das Flores,39.455299377441406,-31.13139915466309
LPFR,Faro - Gago Coutinho International Airport,large_airport,PT,PT-08,Faro,37.015909,-7.970939
LPGR,Graciosa Airport,medium_airport,PT,PT-20,Santa Cruz da Graciosa,39.09220123291016,-28.029800415039062
LPHR,Horta Airport,medium_airport,PT,PT-20,Horta,38.519901275634766,-28.715900421142575
LPJF,Aerodromo de Leiria,small_airport,PT,PT-10,Leiria,39.779907,-8.820238
LPLA,Lajes Airport,medium_airport,PT,PT-20,Praia da Vitória,38.761799,-27.090799
LPMA,Cristiano Ronaldo International Airport,large_airport,PT,PT-30,Funchal,32.697812,-16.774613
LPPD,João Paulo II Airport,large_airport,PT,PT-20,Ponta Delgada,37.7411994934,-25.6979007721
LPPI,Pico Airport,medium_airport,PT,PT-20,Pico Island,38.554298,-28.441299
LPPM,Portimão Airport,medium_airport,PT,PT-08,Portimão,37.1493,-8.58396
LPPR,Francisco de Sá Carneiro Airport,large_airport,PT,PT-13,Porto,41.2481002808,-8.68138980865
LPPS,Porto Santo Airport,medium_airport,PT,PT-30,Vila Baleira,33.0733985901,-16.3500003815
LPPT,Lisbon Humberto Delgado Airport,large_airport,PT,PT-11,Lisbon,38.7813,-9.13592
LPSJ,São Jorge Airport,medium_airport,PT,PT-20,Velas,38.665501,-28.1758
LPSO,Aeródromo Municipal de Ponte de Sor,medium_airport,PT,PT-12,Ponte de Sor,39.211545,-8.057787
LPVR,Vila Real Airport,medium_airport,PT,PT-17,Vila Real,41.2743,-7.72047
LPVZ,Aerodromo Goncalves Lobato (Viseu Airport),medium_airport,PT,PT-18,Viseu,40.725498,-7.88899
LRAR,Arad International Airport,medium_airport,RO,RO-AR,Arad,46.176136,21.264322
LRBC,Bacău George Enescu International  Airport,large_airport,RO,RO-BC,Bacău,46.5219,26.910299
LRBM,Maramureș International Airport,medium_airport,RO,RO-MM,Tăuții-Măgherăuș,47.658444,23.464445
LRBS,Bucharest Băneasa Aurel Vlaicu International Airport,large_airport,RO,RO-B,Bucharest,44.503133,26.102944
LRBV,Brașov-Ghimbav International Airport,large_airport,RO,RO-BV,Brașov (Ghimbav),45.70558,25.522871
LRCK,Mihail Kogălniceanu International Airport,large_airport,RO,RO-CT,Constanța,44.362202,28.4883
LRCL,Avram Iancu Cluj International Airport,large_airport,RO,RO-CJ,Cluj-Napoca,46.786042,23.685733
LRCS,Caransebeş Airport,medium_airport,RO,RO-CS,Caransebeş,45.420142,22.252507
LRCV,Craiova International Airport,large_airport,RO,RO-DJ,Craiova,44.3181,23.888599
LRIA,Iaşi International Airport,large_airport,RO,RO-IS,Iaşi,47.179633,27.621431
LROD,Oradea International Airport,large_airport,RO,RO-BH,Oradea,47.025299,21.9025
LROP,Bucharest Henri Coandă International Airport,large_airport,RO,RO-IF,Otopeni,44.571792,26.103285
LRSB,Sibiu International Airport,large_airport,RO,RO-SB,Sibiu,45.785841,24.086666
LRSM,Satu Mare International Airport,medium_airport,RO,RO-SM,Satu Mare,47.7033,22.8857
LRSV,Suceava Ștefan cel Mare International Airport,large_airport,RO,RO-SV,Suceava,47.6875,26.354099
LRTC,Tulcea Danube Delta Airport,medium_airport,RO,RO-TL,Mihail Kogălniceanu,45.0625,28.7143
LRTM,Târgu Mureş Transilvania International Airport,medium_airport,RO,RO-MS,Recea,46.467701,24.4125
LRTR,Timișoara Traian Vuia International Airport,large_airport,RO,RO-TM,Timişoara,45.809898,21.3379
LRTZ,Tuzla Airport,small_airport,RO,RO-CT,Tuzla,43.984493,28.606225
LTAB,Güvercinlik Airport,small_airport,TR,TR-06,Ankara,39.935001,32.740799
LTAC,Esenboğa International Airport,large_airport,TR,TR-06,Ankara,40.128101,32.995098
LTAF,Adana Şakirpaşa Airport,large_airport,TR,TR-01,Seyhan,36.982201,35.280399
LTAI,Antalya International Airport,large_airport,TR,TR-07,Antalya,36.898701,30.800501
LTAJ,Gaziantep Oğuzeli International Airport,large_airport,TR,TR-27,Gaziantep,36.947201,37.478699
LTAL,Kastamonu Airport,medium_airport,TR,TR-37,Kastamonu,41.314201,33.795799
LTAN,Konya Airport,large_airport,TR,TR-42,Konya,37.979,32.561901
LTAO,Malatya Tulga Airport,small_airport,TR,TR-44,Malatya,38.353699,38.253899
LTAP,Amasya Merzifon Airport,small_airport,TR,TR-05,Amasya,40.829399,35.521999
LTAR,Sivas Nuri Demirağ Airport,small_airport,TR,TR-58,Sivas,39.813801,36.9035
LTAS,Zonguldak Çaycuma Airport,medium_airport,TR,TR-67,Zonguldak,41.506401,32.0886
LTAT,Malatya Erhaç Airport,medium_airport,TR,TR-44,Malatya,38.4352989197,38.0909996033
LTAU,Kayseri Erkilet International Airport,large_airport,TR,TR-38,Kayseri,38.770401,35.495399
LTAW,Tokat Airport,medium_airport,TR,TR-60,Tokat,40.32472,36.39056
LTAY,Çardak Airport,medium_airport,TR,TR-20,Denizli,37.7855987549,29.7012996674
LTAZ,Nevşehir Kapadokya Airport,large_airport,TR,TR-50,Nevşehir,38.7719,34.5345
LTBA,İstanbul Atatürk Airport,large_airport,TR,TR-34,Istanbul,40.971913,28.823714
LTBD,Aydın Çıldır Airport,small_airport,TR,TR-09,Aydın,37.815389,27.887566
LTBE,Bursa Yunuseli Airport,small_airport,TR,TR-16,Bursa,40.233243,29.005583
LTBF,Balıkesir Airport,medium_airport,TR,TR-10,Balıkesir,39.619301,27.926001
LTBG,Bandırma Airport,medium_airport,TR,TR-10,Bandırma,40.318001,27.977699
LTBH,Çanakkale Airport,medium_airport,TR,TR-17,Çanakkale,40.1376991272,26.4267997742
LTBJ,Adnan Menderes International Airport,large_airport,TR,TR-35,Gaziemir,38.2924,27.157
LTBO,Uşak Airport,medium_airport,TR,TR-64,Uşak,38.681499,29.471701
LTBQ,Cengiz Topel Airport,medium_airport,TR,TR-41,Kartepe,40.735001,30.0833
LTBR,Bursa Yenişehir Airport,medium_airport,TR,TR-16,Yenişehir,40.255199,29.562599
LTBS,Dalaman International Airport,large_airport,TR,TR-48,Dalaman,36.7131,28.7925
LTBU,Tekirdağ Çorlu Airport,medium_airport,TR,TR-59,Çorlu,41.138199,27.9191
LTBV,Bodrum-Imsık Airport,small_airport,TR,TR-48,Bodrum,37.140099,27.669701
LTBY,Hasan Polatkan Airport,large_airport,TR,TR-26,Eskişehir,39.811644,30.519268
LTBZ,Zafer Airport,small_airport,TR,TR-43,Altıntaş,39.113079,30.128111
LTCA,Elazığ Airport,medium_airport,TR,TR-23,Elazığ,38.597974,39.28348
LTCB,Ordu–Giresun Airport,medium_airport,TR,TR-52,Ordu,40.966872,38.085995
LTCC,Diyarbakır Airport,medium_airport,TR,TR-21,Diyarbakır,37.893902,40.201
LTCD,Erzincan Airport,medium_airport,TR,TR-24,Erzincan,39.7102012634,39.527000427199994
LTCE,Erzurum International Airport,medium_airport,TR,TR-25,Erzurum,39.956501,41.1702
LTCF,Kars Airport,medium_airport,TR,TR-36,Kars,40.562198638916016,43.1150016784668
LTCG,Trabzon International Airport,medium_airport,TR,TR-61,Trabzon,40.995098,39.7897
LTCI,Van Ferit Melen Airport,medium_airport,TR,TR-65,Van,38.46820068359375,43.332298278808594
LTCJ,Batman Airport,medium_airport,TR,TR-72,Batman,37.929001,41.1166
LTCK,Muş Airport,medium_airport,TR,TR-49,Muş,38.747798919677734,41.66120147705078
LTCL,Siirt Airport,medium_airport,TR,TR-56,Siirt,37.97890090942383,41.84040069580078
LTCM,Sinop Airport,medium_airport,TR,TR-57,Sinop,42.018313,35.071774
LTCN,Kahramanmaraş Airport,medium_airport,TR,TR-46,Kahramanmaraş,37.5388259888,36.9535217285
LTCO,Ağrı Airport,medium_airport,TR,TR-04,Ağrı,39.655642,43.025742
LTCP,Adıyaman Airport,medium_airport,TR,TR-02,Adıyaman,37.7314,38.468899
LTCR,Mardin Airport,medium_airport,TR,TR-47,Mardin,37.2233009338,40.6316986084
LTCS,Şanlıurfa GAP Airport,large_airport,TR,TR-63,Şanlıurfa,37.445663,38.895592
LTCT,Iğdır Airport,medium_airport,TR,TR-76,Iğdır,39.976627,43.876648
LTCU,Bingöl Airport,small_airport,TR,TR-12,Bingöl,38.860131,40.594489
LTCV,Şırnak Şerafettin Elçi Airport,medium_airport,TR,TR-73,Şırnak,37.3647,42.0582
LTCW,Hakkari Yüksekova Airport,medium_airport,TR,TR-30,Hakkari,37.5497,44.2381
LTDA,Hatay Airport,medium_airport,TR,TR-31,Antakya,36.362778,36.282223
LTDB,Çukurova International Airport,large_airport,TR,TR-33,Tarsus,36.891478,35.071235
LTFB,Selçuk Efes Airport,small_airport,TR,TR-35,Selçuk,37.950699,27.329
LTFC,Süleyman Demirel International Airport,medium_airport,TR,TR-32,Isparta,37.8554,30.368401
LTFD,Balıkesir Koca Seyit Airport,large_airport,TR,TR-10,Edremit,39.552533,27.010192
LTFE,Milas Bodrum International Airport,large_airport,TR,TR-48,Bodrum,37.249314,27.66401
LTFG,Gazipaşa-Alanya Airport,medium_airport,TR,TR-07,Gazipaşa,36.299217,32.300598
LTFH,Samsun-Çarşamba Airport,medium_airport,TR,TR-55,Samsun,41.253988,36.567546
LTFJ,Istanbul Sabiha Gökçen International Airport,large_airport,TR,TR-34,Istanbul,40.898602,29.3092
LTFK,Gökçeada Airport,small_airport,TR,TR-17,Gökçeada,40.204498,25.883302
LTFM,İstanbul Airport,large_airport,TR,TR-34,Istanbul,41.274874,28.732136
LTFO,Rize–Artvin Airport,large_airport,TR,TR-53,Rize,41.179766,40.848802
EVDA,Daugavpils International Airport,medium_airport,LV,LV-111,Daugavpils,55.944721,26.665001
LWOH,Ohrid St. Paul the Apostle Airport,large_airport,MK,MK-003,Ohrid,41.18,20.7423
LWSK,Skopje International Airport,large_airport,MK,MK-008,Ilinden,41.958087,21.622581
LZDV,Dubová Airstrip,small_airport,SK,SK-BL,Dubová,48.347019,17.356583
LZIB,M. R. Štefánik Airport,large_airport,SK,SK-BL,Bratislava,48.1702,17.2127
LZKZ,Košice International Airport,medium_airport,SK,SK-KI,Košice,48.663101,21.2411
LZPP,Piešťany Airport,medium_airport,SK,SK-TA,Piešťany,48.62519836425781,17.828399658203125
LZSL,Sliač Airport,medium_airport,SK,SK-BC,Sliač,48.63779830932617,19.13409996032715
LZTT,Poprad-Tatry Airport,medium_airport,SK,SK-PV,Poprad,49.070994,20.241394
LZZI,Žilina-Dolný Hričov Airport,medium_airport,SK,SK-ZI,Dolný Hričov,49.233292,18.613386
EPPG,Kakolewo (former military),small_airport,PL,PL-WP,Kąkolewo,52.235001,16.243
EPBE,Bełchatów Airstrip,small_airport,PL,PL-LD,Kałduny,51.402116,19.378239
LPSE,Aeródromo de Seia,small_airport,PT,PT-09,Seia,40.453186,-7.692059
LRSP,Sânpetru-Brașov Aerodrome,small_airport,RO,RO-BV,Sânpetru,45.721036,25.633707
LRMM,Aerodrom Baia Mare,small_airport,RO,RO-MM,Baia Mare,47.659081,23.474513
ESNH,Hudiksvall Airport,small_airport,SE,SE-X,Hudiksvall,61.768087,17.080715
LZKA,Komoča ULM,small_airport,SK,SK-NJ,Komoča,47.97054,18.040467
LTON,Samsun / Ondokuz Mayis Airport,small_airport,TR,TR-55,İstiklal,41.5129,36.1203
