id,name,iso_country,iso_region,latitude,longitude,airports,airports_count,edges_count,node_type,node_degree
"Warsaw, PL",Warsaw,PL,PL-MZ,52.217449,20.9371515,"EPBC, EPWA",2,41,large,2112
"Riga, LV",Riga,LV,LV-062,56.955926000000005,24.022856,"EVRA, EVRS",2,12,large,526
"Oslo (Gardermoen), NO",Oslo (Gardermoen),NO,NO-32,60.193901,11.1004,ENGM,1,24,large,2003
"Faro, PT",Faro,PT,PT-08,37.015909,-7.970939,LPFR,1,10,large,354
"Newcastle upon Tyne, Tyne and Wear, GB","Newcastle upon Tyne, Tyne and Wear",GB,GB-ENG,55.037958,-1.689577,EGNT,1,8,large,358
"Caselle Torinese (TO), IT",Caselle Torinese (TO),IT,IT-21,45.200802,7.64963,LIMF,1,9,large,330
"London, GB",London,GB,GB-ENG,51.50920626285,-0.042626875149012505,"EGKB, EGKK, EGLC, EGLL, EGML, EGSG, EGSS, EGWU",8,78,large,10581
"Almería, ES",Almería,ES,ES-AN,36.843899,-2.3701,LEAM,1,3,medium,87
"Glasgow, GB",Glasgow,GB,GB-SCT,55.871899,-4.43306,EGPF,1,9,large,659
"Dublin, IE",Dublin,IE,IE-D,53.428713,-6.262121,EIDW,1,38,large,2775
"Madrid, ES",Madrid,ES,ES-MD,40.432053999999994,-3.6786944999999998,"LECU, LEMD",2,49,large,4273
"Bordeaux, FR",Bordeaux,FR,FR-NAQ,44.82865,-0.715356,LFBD,1,9,large,415
"Valencia, ES",Valencia,ES,ES-VC,39.489162,-0.480961,LEVC,1,9,large,332
"Copenhagen, DK",Copenhagen,DK,DK-84,55.617900848389,12.656000137329,EKCH,1,47,large,3145
"Málaga, ES",Málaga,ES,ES-AN,36.6749,-4.49911,LEMG,1,32,large,1597
"Thessaloniki, GR",Thessaloniki,GR,GR-B,40.51928,22.970009,LGTS,1,6,large,329
"Ferno (VA), IT",Ferno (VA),IT,IT-25,45.6306,8.72811,LIMC,1,31,large,1836
"Helsinki (Vantaa), FI",Helsinki (Vantaa),FI,FI-18,60.318363,24.963341,EFHK,1,23,large,1343
"Schkeuditz, DE",Schkeuditz,DE,DE-SN,51.420657,12.232705,EDDP,1,10,large,330
"Caselle (VR), IT",Caselle (VR),IT,IT-34,45.394955,10.887303,LIPX,1,4,medium,128
"Eindhoven, NL",Eindhoven,NL,NL-NB,51.4500999451,5.37452983856,EHEH,1,6,medium,198
"Sandefjord(Torp), NO",Sandefjord(Torp),NO,NO-39,59.186699,10.2586,ENTO,1,3,medium,106
"Zgornji Brnik, SI",Zgornji Brnik,SI,SI-012,46.223701,14.4576,LJLJ,1,3,medium,83
"Munich, DE",Munich,DE,DE-BY,48.353802,11.7861,EDDM,1,52,large,3335
"Larnaca, CY",Larnaca,CY,CY-04,34.875099,33.624901,LCLK,1,5,medium,282
"Charleroi, BE",Charleroi,BE,BE-WHT,50.461963,4.459562,EBCI,1,11,large,337
"Salzburg, AT",Salzburg,AT,AT-5,47.793301,13.0043,LOWS,1,6,large,238
"Ibiza (Eivissa), ES",Ibiza (Eivissa),ES,ES-IB,38.872898,1.37312,LEIB,1,3,medium,229
"Rotterdam, NL",Rotterdam,NL,NL-ZH,51.956902,4.43722,EHRD,1,5,medium,149
"Vilnius, LT",Vilnius,LT,LT-VL,54.634102,25.285801,EYVI,1,9,large,307
"Hamburg, DE",Hamburg,DE,DE-HH,53.58284016015625,9.91189301513672,"EDDH, EDHI",2,18,large,1122
"Tallinn, EE",Tallinn,EE,EE-37,59.413246,24.83264,EETN,1,7,medium,299
"Vienna, AT",Vienna,AT,AT-9,48.110298,16.5697,LOWW,1,40,large,2104
"Köln (Cologne), DE",Köln (Cologne),DE,DE-NW,50.865898,7.14274,EDDK,1,14,large,680
"Bristol, GB",Bristol,GB,GB-ENG,51.382326,-2.716453,EGGD,1,14,large,652
"Prague, CZ",Prague,CZ,CZ-PR,50.100874,14.259911,LKPR,1,23,large,1193
"Venezia (VE), IT",Venezia (VE),IT,IT-34,45.505299,12.3519,LIPZ,1,11,large,509
"Bologna, IT",Bologna,IT,IT-45,44.5354,11.2887,LIPE,1,13,large,531
"Trondheim, NO",Trondheim,NO,NO-50,63.457802,10.924,ENVA,1,5,large,447
"Bremen, DE",Bremen,DE,DE-HB,53.046786,8.78932,EDDW,1,5,medium,192
"Balice, PL",Balice,PL,PL-MA,50.077702,19.7848,EPKK,1,21,large,804
"Nuremberg, DE",Nuremberg,DE,DE-BY,49.498699,11.078056,EDDN,1,6,medium,246
"Funchal, PT",Funchal,PT,PT-30,32.697812,-16.774613,LPMA,1,3,large,259
"Stavanger, NO",Stavanger,NO,NO-11,58.876701,5.63778,ENZV,1,7,large,581
"Nottingham, Leicestershire, GB","Nottingham, Leicestershire",GB,GB-ENG,52.8311,-1.32806,EGNX,1,6,medium,235
"Bergen, NO",Bergen,NO,NO-46,60.2934,5.21814,ENBR,1,10,large,844
"Marignane, Bouches-du-Rhône, FR","Marignane, Bouches-du-Rhône",FR,FR-PAC,43.438088,5.2125,LFML,1,12,large,589
"Liverpool, GB",Liverpool,GB,GB-ENG,53.334863,-2.849637,EGGP,1,7,large,306
"Southampton, GB",Southampton,GB,GB-ENG,50.950298,-1.3568,EGHI,1,5,medium,148
"Katowice, PL",Katowice,PL,PL-SL,50.476015,19.080705,EPKT,1,3,medium,102
"Alicante, ES",Alicante,ES,ES-VC,38.2822,-0.558156,LEAL,1,27,large,1167
"Seville, ES",Seville,ES,ES-AN,37.417999,-5.89311,LEZL,1,13,large,650
"Stockholm, SE",Stockholm,SE,SE-AB,59.5014455,17.935264500000002,"ESSA, ESSB",2,25,large,1801
"Palermo, IT",Palermo,IT,IT-82,38.145959,13.202185,"LICJ, LICP",2,4,medium,155
"Colombier-Saugnieu, Rhône, FR","Colombier-Saugnieu, Rhône",FR,FR-ARA,45.725996,5.090139,LFLL,1,14,large,769
"Spata-Artemida, GR",Spata-Artemida,GR,GR-I,37.936401,23.9445,LGAV,1,23,large,1413
"Wrocław, PL",Wrocław,PL,PL-DS,51.103719,16.882096,EPWR,1,5,large,212
"Birmingham, West Midlands, GB","Birmingham, West Midlands",GB,GB-ENG,52.453899,-1.74803,EGBB,1,17,large,876
"Nice, Alpes-Maritimes, FR","Nice, Alpes-Maritimes",FR,FR-PAC,43.658401,7.21587,LFMN,1,5,large,264
"Orio al Serio (BG), IT",Orio al Serio (BG),IT,IT-25,45.669362,9.708851,LIME,1,20,large,672
"Göteborg, SE",Göteborg,SE,SE-Q,57.71875,12.075099999999999,"ESGG, ESGP",2,8,large,446
"Segrate (MI), IT",Segrate (MI),IT,IT-25,45.445099,9.27674,LIML,1,16,large,1298
"Nantes, FR",Nantes,FR,FR-PDL,47.153198,-1.61073,LFRS,1,10,large,462
"Velika Gorica, HR",Velika Gorica,HR,HR-01,45.742901,16.0688,LDZA,1,5,medium,145
"Luton, Luton, GB","Luton, Luton",GB,GB-ENG,51.874699,-0.368333,EGGW,1,21,large,937
"Antalya, TR",Antalya,TR,TR-07,36.898701,30.800501,LTAI,1,3,large,384
"Palma de Mallorca, ES",Palma de Mallorca,ES,ES-IB,39.551701,2.73881,LEPA,1,19,large,1288
"Stuttgart, DE",Stuttgart,DE,DE-BW,48.689899,9.22196,EDDS,1,12,large,525
"Düsseldorf, DE",Düsseldorf,DE,DE-NW,51.289501,6.76678,EDDL,1,23,large,1173
"Rome, IT",Rome,IT,IT-62,41.8016505,12.423664500000001,"LIRA, LIRF",2,42,large,2859
"Zurich, CH",Zurich,CH,CH-ZH,47.458056,8.548056,LSZH,1,39,large,2822
"Manchester, Greater Manchester, GB","Manchester, Greater Manchester",GB,GB-ENG,53.349375,-2.279521,EGCC,1,29,large,1776
"Santiago de Compostela, ES",Santiago de Compostela,ES,ES-GA,42.896301,-8.41514,LEST,1,3,medium,100
"Paris, FR",Paris,FR,FR-HDF,49.3032125,2.247938,"LFAT, LFPB, LFPG, LFPO",4,64,large,6835
"Hannover, DE",Hannover,DE,DE-NI,52.461102,9.68508,EDDV,1,11,large,416
"Bucharest, RO",Bucharest,RO,RO-B,44.537462500000004,26.1031145,"LRBS, LROP",2,21,large,936
"Berlin, DE",Berlin,DE,DE-BR,52.361738,13.502341,EDDB,1,31,large,2005
"Lamezia Terme (CZ), IT",Lamezia Terme (CZ),IT,IT-78,38.906214,16.246007,LICA,1,6,medium,200
"Gdańsk, PL",Gdańsk,PL,PL-PM,54.377602,18.4662,EPGD,1,4,medium,156
"Istanbul, TR",Istanbul,TR,TR-34,41.048463,28.955016666666666,"LTBA, LTFJ, LTFM",3,51,large,3757
"Barcelona, ES",Barcelona,ES,ES-CT,41.2971,2.07846,LEBL,1,54,large,4051
"Valletta, MT",Valletta,MT,MT-25,35.845932,14.491546,LMML,1,15,large,523
"Billund, DK",Billund,DK,DK-83,55.740335,9.157019,EKBI,1,6,medium,248
"Luxembourg, LU",Luxembourg,LU,LU-L,49.626845,6.212134,ELLX,1,14,large,610
"Firenze (FI), IT",Firenze (FI),IT,IT-52,43.808558,11.202822,LIRQ,1,4,medium,127
"Innsbruck, AT",Innsbruck,AT,AT-7,47.260201,11.344,LOWI,1,5,medium,214
"Belfast, GB",Belfast,GB,GB-NIR,54.63780011035,-6.0441649246199995,"EGAA, EGAC",2,15,large,1233
"Aberdeen, GB",Aberdeen,GB,GB-SCT,57.2019,-2.19778,EGPD,1,7,medium,329
"Zaventem, BE",Zaventem,BE,BE-VBR,50.901402,4.48444,EBBR,1,25,large,988
"Lisbon, PT",Lisbon,PT,PT-11,38.7813,-9.13592,LPPT,1,30,large,1837
"Geneva, CH",Geneva,CH,CH-GE,46.238098,6.10895,LSGG,1,32,large,2271
"Toulouse/Blagnac, FR",Toulouse/Blagnac,FR,FR-OCC,43.629101,1.36382,LFBO,1,12,large,754
"Budapest, HU",Budapest,HU,HU-BU,47.4908415,19.1193895,"LHBP, LHHH",2,26,large,1179
"Poznań, PL",Poznań,PL,PL-WP,52.421598,16.823359,EPPO,1,5,medium,172
"Cork, IE",Cork,IE,IE-CO,51.841301,-8.49111,EICK,1,3,medium,165
"Nowy Dwór Mazowiecki, PL",Nowy Dwór Mazowiecki,PL,PL-MZ,52.451099,20.6518,EPMO,1,3,medium,88
"Porto, PT",Porto,PT,PT-13,41.2481002808,-8.68138980865,LPPR,1,17,large,1154
"Kristiansand(Kjevik), NO",Kristiansand(Kjevik),NO,NO-42,58.204201,8.08537,ENCN,1,4,medium,165
"Edinburgh, GB",Edinburgh,GB,GB-SCT,55.950145,-3.372288,EGPH,1,20,large,1264
"Amsterdam, NL",Amsterdam,NL,NL-NH,52.308601,4.76389,EHAM,1,74,large,5317
"Frankfurt am Main, DE",Frankfurt am Main,DE,DE-HE,50.026706,8.55835,EDDF,1,61,large,4330
